email,number
galina.todorova@gmail.com,1
fr167@yahoo.com,3
alaa.ivanova7412@gmail.com,8
ryder.lam@gmail.com,9
Malcolm_Bennett_9546@live.com,3
Lyndsey.Berube@qq.com,2
domnin.tikhonovich@gmail.com,5
Goldie_Campbell3318@qq.com,4
Cesar_Sigala8705@gmail.com,2
Emily_OSullivan9955@protonmail.com,5
kristina.bartkova@gmail.com,3
Marilyn_Barnett9333@live.com,1
RileyKelly_2909@ymail.com,1
DylanCameron_6914@ymail.com,14
Michael_Ellis@gmail.com,2
stanislav.vieru@gmail.com,1
octavian.colesnic7410@gmail.com,6
slavomir.havlicek@gmail.com,1
lidiya.ivanov3021@gmail.com,1
Laura.Saunders_8418@protonmail.com,10
orest.romanenko@gmail.com,2
EmmaBoyle_3965@ymail.com,1
mm126@ymail.com,1
Luke_Duncan_6359@yahoo.com,2
Aidan_Maclean@live.com,6
Jodie.Simpson9417@mail.com,2
Anna_Glancy@gmail.com,5
Blair.Donaldson_9976@live.com,1
Sid_Kayser8143@outlook.com,28
Austin.Bell7230@ymail.com,3
ognian.cristov@gmail.com,1
nicanor.ivanova@gmail.com,2
nicolas.agadati@gmail.com,1
vasilios.cazac5421@gmail.com,3
vladislav.ivankov@gmail.com,2
Muhammad.Stanton4296@qq.com,5
Louis_Grant@ymail.com,2
Jake_Baker3223@hotmail.com,2
pablo.luna@gmail.com,1
balla.dalma@gmail.com,2
Lloyd_Malone@rediffmail.com,3
albina.duskova@gmail.com,11
Eva.Kennedy_7198@qq.com,1
MiloMcKay_2285@icloud.com,3
starovolkova.stepanovna@gmail.com,38
duncan27@protonmail.com,1
David_Conway@icloud.com,1
BethanyHilton_665@ymail.com,4
emy.sandu852@qq.com,3
Harley_Perkins331@gmail.com,3
amir.cretu@gmail.com,1
Eleanor_Delong_8572@live.com,4
DanielRhithik6377@outlook.com,2
Jodie_Barlow@outlook.com,5
leunta.vaduva@gmail.com,1
KacperDonnelly@protonmail.com,1
Kristi_Moss2815@mail.com,2
BelleBelle2871@live.com,1
EbonyDavison@live.com,1
obolenskaya.valerianovna@gmail.com,1
bulmar887@gmail.com,1
Denise_Spina7939@gmail.com,3
varadi.tibor@gmail.com,1
kosma.igorevich@gmail.com,1
Abbi_Starkey2229@outlook.com,5
CampbellDaugherty8848@rediffmail.com,5
hiele.evered24@live.com,5
dorota.sydor@gmail.com,3
stissi@gmail.com,2
VictorMoore_3634@ymail.com,2
Marley_Gray_8308@rediffmail.com,4
svetlana.lukasova@gmail.com,5
blake.martin@gmail.com,3
SamMarsh_3110@icloud.com,1
ibrahim.raileanu7895@gmail.com,5
nadin.vier352@live.com,3
Olivia_Holmes8583@mail.com,4
Violet.Ross9435@yahoo.com,1
aliona.cazacu0128@gmail.com,5
Ann_Brown9714@hotmail.com,2
ramiz65cebo@gmail.com,4
Billy_McMillan3090@live.com,4
dwight.erickson@gmail.com,2
BaileyWright_4818@live.com,11
vakhrova.mitrievna@gmail.com,8
Evan_Pugh@qq.com,1
Emma.Cook887@live.com,1
kyrylo.lytvynenko@gmail.com,2
Mary_Hill_2346@mail.com,1
dognic190@mail.com,1
May_Anderson_9730@ymail.com,2
Elena_Cooke4081@rediffmail.com,4
yuliya.kutsenko@gmail.com,2
NeilWhite700@mail.ru,1
Tamzin.Thomson@ymail.com,1
Anita.Kemp3668@rediffmail.com,2
Ismael.Pugh_1232@ymail.com,2
Lorene_Browne_9298@gmail.com,1
LeslieDavies_5335@qq.com,2
maklakova.aleksandrovna@gmail.com,50
ryakhina.pavlovna@gmail.com,1
Ryan_Schweitzer@qq.com,2
urszula.niestroj@gmail.com,2
Destiny.Orozco3019@mail.com,4
Abigail_Sims_3542@protonmail.com,2
Elizabeth.Davidson_6668@live.com,4
darius.stefanescu@gmail.com,23
JackFraser_5272@icloud.com,1
Finlay.Stone1927@live.com,3
ales.stehlik@gmail.com,6
Cormac.Mitchell_9017@ymail.com,9
lewis.pierce@gmail.com,29
vanda.ondrejova@gmail.com,1
ioanela.prunea@gmail.com,2
Richie_Fay1486@live.com,2
Martin.Stamps_1754@yahoo.com,1
stelian29gurian@icloud.com,1
honorat.bielen@gmail.com,3
MarshallGibson8071@rediffmail.com,2
Tabitha.Richman_6709@yahoo.com,5
meszaros.szabina@gmail.com,3
Kaden.Sevilla_2143@live.com,5
costea.dita@gmail.com,3
niculaie.iordache@gmail.com,2
Gracie.Moore_5394@live.com,2
Alannah_Martin_4515@live.com,1
valerica.ceausescu2023@gmail.com,3
tychkina.petrovna@gmail.com,1
Debra_Martin3983@icloud.com,4
emanuel.caragiale@gmail.com,7
EliasMccarthy_9846@ymail.com,5
FreddieDavies4905@live.com,5
Cora.Sandoval_1426@rediffmail.com,2
Joseph_Callender7259@hotmail.com,2
Lanette_Forbes@rediffmail.com,1
Gracie_Gillen2102@outlook.com,4
bohumil.tesarik@gmail.com,5
JamieGray_8171@ymail.com,6
MarcGardner1925@protonmail.com,1
Kian.Montiel_2032@ymail.com,2
Corey.Thompson_5965@live.com,3
brandusa.florentina7841@gmail.com,1
michaela.dohnalova@gmail.com,1
Teri.Allan@live.com,3
Linda.Harrison7272@gmail.com,2
flaviu.vaduva2451@gmail.com,4
Lawrence_Sweitzer_8594@icloud.com,5
inga.rayel@gmail.com,19
Islay_Leonard9603@ymail.com,2
irvin.davidson@gmail.com,46
Alex_Campbell2280@ymail.com,2
KaciSanders8041@protonmail.com,6
KeiraKing@icloud.com,8
Lisa.Ritchie_859@protonmail.com,3
NatashaAustin4825@protonmail.com,29
Taylor_Bustamante7464@live.com,3
Spencer_Carrasquillo_1277@rediffmail.com,2
Natalia_Stokes_8451@qq.com,2
valyantsina.husouskaja@gmail.com,327
topal.estera155@ymail.com,2
simon.pavlik@gmail.com,23
dimi.dami222@protonmail.com,1
Amelia.Cayer@hotmail.com,5
Shannon.Williams@qq.com,6
agafia.gutu552@ymail.com,1
catalin.cretu@gmail.com,1
StanleyOliver_3543@live.com,3
Julie.Bell_1382@live.com,9
KieraVegas_7283@hotmail.com,2
Logan.McIntosh5034@icloud.com,2
Jodie_Flynn@rediffmail.com,6
Charlie.Uriarte@mail.com,6
Olivia.Burke8628@yahoo.com,6
Charley_Sutton7631@qq.com,4
Natasha_Anderson5626@icloud.com,2
Samantha_Williams4609@rediffmail.com,5
Jack_Craig98@outlook.com,2
Mary.Moore1014@protonmail.com,3
Isobel_Reynolds_6975@yahoo.com,4
Reece.Stephens8399@hotmail.com,2
khantsev.ruslanovich@gmail.com,4
BrendaPeterson_714@gmail.com,3
AntoniaSimpson5991@rediffmail.com,16
su.raileanu8898@gmail.com,1
manuel.stolojan@gmail.com,3
inesa.uzun435@gmail.com,3
Tia.McMillan_6890@qq.com,2
Yusuf_Bush_422@icloud.com,1
Sean.Gardner_385@protonmail.com,5
Sandy.Owen_5589@gmail.com,3
celia.robertson@gmail.com,1
maksym.pavlov@gmail.com,3
SophiaSeaver_1582@outlook.com,2
Robert_Campbell_4360@yahoo.com,6
katherine.brown@gmail.com,5
FaithMouton_6317@gmail.com,1
Jo_Smith@hotmail.com,2
RobertCassidy_1431@mail.ru,1
Norene.Ellis@rediffmail.com,5
gheor.russu143@gmail.com,2
