email,number
Bailey_Thomson6097@mail.ru,2
Charles_Field_6954@ymail.com,6
Muhammad.Sheppard6919@qq.com,4
Teresa_Bevan@live.com,4
Willow.Muir_8546@yahoo.com,8
SkyeBell9502@gmail.com,1
KacieBruce_1359@outlook.com,1
grankin.aleskeevich@gmail.com,2
siyanko.georgievna@gmail.com,3
MariaHamilton8682@ymail.com,1
Jodee.Jackson3107@protonmail.com,3
aaron.ouellet@gmail.com,1
Eva.McDonald633@hotmail.com,4
Rigoberto_Echols1455@ymail.com,2
Emily_McGregor2293@hotmail.com,2
Martin.Lewis@icloud.com,8
SallyFigueroa9348@hotmail.com,7
PaulineRobinson1139@icloud.com,2
Poppy.Brooks6796@qq.com,14
antonie.brozova@gmail.com,1
Abigail_Dickson6415@outlook.com,10
Colin.McKay2550@outlook.com,3
Adam.Kelly_8058@icloud.com,3
EvaLacy1586@icloud.com,4
Kaylin_Bishop2381@yahoo.com,2
Amiee_Gray@gmail.com,1
emily.thompson@gmail.com,50
Barbara_Macleod7282@rediffmail.com,3
Grace_Colvin@mail.com,5
Jack_Cole2257@yahoo.com,3
Joshua_Allan8273@protonmail.com,1
lebars45@rediffmail.com,2
LeisaMclellan5620@icloud.com,8
daniel.sindelar@gmail.com,6
Lilly.Simpson_4246@protonmail.com,3
Eshan_Tyler3615@rediffmail.com,1
Millie_Greiner_1041@live.com,15
Victoria_Maclean_6172@icloud.com,1
Ramsay_Booth_3970@mail.ru,3
Lee.Murphy@hotmail.com,3
galina.luca2246@gmail.com,10
JimMason_4020@live.com,2
Rebecca_Henderson_1817@protonmail.com,5
Helen_Roberts9534@icloud.com,1
Anthony_Ross_626@live.com,6
Lilly_Saunders3252@mail.com,4
Max_Flaherty@yahoo.com,6
PaigeOliver@ymail.com,1
Alice_Hamilton_6613@yahoo.com,3
Jessica.Bryant_9266@gmail.com,3
zuzana.kuncova@gmail.com,1
stefanija.sviontak@gmail.com,6
ilona.rayel9988@gmail.com,3
borbely.gergo@gmail.com,49
mya.leblanc@gmail.com,1
Tara.Graham_905@protonmail.com,3
iancu.avramescu@gmail.com,2
Ellie.Howell_8702@yahoo.com,1
Faith_Sutherland9534@mail.com,1
Rachel.Millar_2792@protonmail.com,1
catalina.tataru3698@gmail.com,1
emanuel.cornea2341@gmail.com,2
SarahWilliamson3685@live.com,3
Gemma.Marshall_4707@ymail.com,3
Sally.Williamson@live.com,8
Mya_White_5919@rediffmail.com,7
Brad.Henderson_3103@ymail.com,1
SophieButler_4030@gmail.com,2
Donald.Anderson_1273@mail.com,2
Charley_Cameron2647@yahoo.com,1
Donald_Taylor@mail.com,1
LukeCore@live.com,12
janka.kamienski@gmail.com,41
Calum_Freeman8496@live.com,7
Gary_Gill3943@live.com,5
Cillian.Turnbull1998@gmail.com,3
Nicole.Cook_3713@hotmail.com,4
SylvieWebb_7594@icloud.com,2
Ahmed.Taylor_8358@rediffmail.com,3
Sharon_Rosen_4527@outlook.com,5
ZacBrown_6179@ymail.com,6
mager.vyacheslavovna@gmail.com,45
Abbie.Maynard3766@icloud.com,6
Alisha_Mackenzie6068@gmail.com,3
HaileySims_2075@ymail.com,28
stefania.galuska@gmail.com,39
Lacey.Hurd6218@mail.com,1
MirrinKing@outlook.com,4
SerythWeaver_5794@gmail.com,1
Sienna.Allan2858@outlook.com,1
Dean_Wilson7528@live.com,1
Aimee_Wilson_865@qq.com,7
Kenneth_Paterson_938@ymail.com,3
desislava.ivankova@gmail.com,3
Aleesha.Shields_7597@yahoo.com,4
Anthony_Campbell_3906@outlook.com,5
leonid.horobets@gmail.com,9
saveli.kassapu@gmail.com,1
fedir.hlushko@gmail.com,4
Elizabeth_Flynn_1234@rediffmail.com,3
Scarlett.Anderson2296@mail.com,2
Kenneth_Tomlinson_4854@qq.com,9
Rebecca_Sanderson_7052@rediffmail.com,1
Michael_Lemoine3406@icloud.com,2
MarissaAllen@live.com,7
kyrylo.popovych@gmail.com,21
stadim331@hotmail.com,3
Patricia.Sawyers_5502@mail.com,8
Lydia_Goddard_8280@live.com,8
Mohammed.Hay3567@qq.com,3
kevin.morari@gmail.com,2
CaitlinOuzts_1918@ymail.com,8
SummerLowe_5377@yahoo.com,1
Jemma.McKenzie_5051@protonmail.com,2
Dylan.Tyner_8193@mail.com,20
Constance.Doss6177@hotmail.com,1
LilyPeterson_7164@outlook.com,3
Emaan_Weiner_2870@rediffmail.com,9
Derek.Russell8697@protonmail.com,1
FinleyVasquez6219@ymail.com,1
AlexandraMurphy_2501@live.com,2
ShaneKeller@icloud.com,3
Alfred_Scott@ymail.com,2
LauraHickman@live.com,2
Martha.Robinson6737@qq.com,3
KaylaBoyle4334@mail.com,3
richard.becker@gmail.com,2
OrlaHenderson1067@ymail.com,1
Caitlin_Sinclair_1201@rediffmail.com,7
lubomil.litwin@gmail.com,5
RosieLerma5776@mail.com,15
Nancy.Burns_7209@mail.com,2
dryagin.aleskeevich@gmail.com,2
maxine.roberts@gmail.com,43
Elle_Martin@live.com,1
DakotaLaw@mail.com,3
minnie.beck@gmail.com,5
James.Delucia_1674@ymail.com,6
William_Fincher@yahoo.com,1
Edra_Hyde2784@outlook.com,3
Yusuf.Rickey@yahoo.com,1
lum478arn@protonmail.com,4
Christopher.Reid340@live.com,3
Emily.Frost_6891@mail.com,1
Caroline.Aitken5089@hotmail.com,1
tanea.cretu4862@gmail.com,1
vicmai@qq.com,2
tony.dean@gmail.com,7
bogomil.avramov@gmail.com,8
Linda.Scott3135@outlook.com,1
Emmanuel.Kirby3364@live.com,8
nadezhda.goga@gmail.com,1
Harley.Yates_9227@live.com,16
ira.popescu654@protonmail.com,1
eva.karlova@gmail.com,3
Lydia_Bruce_6293@qq.com,3
ivankov.vadimovna@gmail.com,34
Alyx.Draper5960@yahoo.com,3
silvia.gogean5678@gmail.com,1
SiennaSpencer_7736@mail.ru,2
Philip_Andrews@mail.ru,3
Charlotte.Armstrong_5442@ymail.com,2
Katie.Savage2991@ymail.com,3
LillyReilly4429@icloud.com,1
Nicole_Spillman_6695@ymail.com,2
amaltezos@gmail.com,1
Charlie_Grant_7253@live.com,1
Esther.Grant@mail.ru,4
virg20mard@icloud.com,32
Debbie_Doyle_2760@mail.ru,3
Kelly.Talamantes_7454@hotmail.com,3
Carole_Steele_7385@hotmail.com,2
Nicole_Henderson2585@mail.ru,6
Myles_James@live.com,3
Owen.Slater2498@gmail.com,5
KerrySorenson_6662@ymail.com,2
Kian.Glover7152@protonmail.com,3
George.Bell_9725@mail.com,2
PatriciaWall_2071@mail.com,13
tyler.white@gmail.com,2
Christen.Joseph_4407@rediffmail.com,4
Dominik.Murphy7608@rediffmail.com,1
Lilly.Cameron2733@yahoo.com,1
Thomas_Shaw2544@gmail.com,1
zenaida.luca@gmail.com,1
estera.nastase7128@gmail.com,2
Lexie.Alexander4135@live.com,2
Hubert_Carroll_1874@live.com,3
Kerry_Scott244@live.com,7
Skye.Gray_9079@qq.com,1
Kaden_Macdonald_8819@hotmail.com,9
AmiEstey_5192@qq.com,4
slisnic541@icloud.com,6
Michael_Hart@yahoo.com,1
gleb.tcaci@yahoo.com,3
Jennifer.Gant4508@ymail.com,2
Donna_Hubbard7426@icloud.com,1
Grant_Cameron3646@mail.ru,1
Daniel_Jordan_3304@mail.ru,3
Kalvin.Cooper_2420@icloud.com,2
