email,number
Elizabeth.Hargreaves_586@yahoo.com,2
agrawalamey12@gmail.com,2
willow.smith@gmail.com,1
JadePotts@mail.com,3
Ewan.Hill3532@live.com,3
Charles_Stevenson@protonmail.com,11
Cheryl.Maynard8108@protonmail.com,1
James.Randall9817@ymail.com,1
Charles.Thompson_6411@ymail.com,17
Jasmin.Freeman@hotmail.com,5
nazario.popovici@gmail.com,2
LindaAnderson_5691@yahoo.com,3
Kiera_Hardy_4958@live.com,6
zorjur559@mail.ru,1
Brogan.Johnson_3952@qq.com,3
HelenCrow@live.com,4
Isabella.Macdonald_2581@live.com,18
Ebony_Cardello9624@rediffmail.com,1
nemeth.mihaly@gmail.ccom,2
Szymon.Arnold_8551@live.com,2
sagar.patel25700@gmail.com,24
Chloe_Martinez_886@live.com,1
Allan_Page@live.com,1
Colleen_Power_7418@icloud.com,1
ScarlettConway8218@rediffmail.com,4
Celeste_Potter3318@ymail.com,25
stelian.croitor@gmail.com,7
Nathan.Wyatt5215@gmail.com,6
obolensky.anatolievich@gmail.com,1
Carole_Allan@live.com,7
Dominic.Grant_3180@protonmail.com,3
Leighton.Tribble_512@gmail.com,6
Brenda_King9525@ymail.com,3
MargaretRippeon9356@mail.com,4
yan.kolas@gmail.com,3
Ruth.Costa_7237@ymail.com,1
Rhea_Hansen_4323@qq.com,4
Logan_Acklin@live.com,3
entskaya.timofeyevna@gmail.com,2
margita.vajanska@gmail.com,2
gabriela.zeltser@gmail.com,1
Mary_Scroggins_2451@protonmail.com,1
Theodore_Wheeler@mail.com,7
AbdullahJuarez1041@protonmail.com,1
maurice.mcbride@gmail.com,17
Declan.Hill_7050@mail.ru,1
iakashpaul@gmail.com,3
andrei77gherman@mail.com,1
bejaxe753@hotmail.com,3
CharlieWise@protonmail.com,4
Finley_McLean@mail.com,7
Lisa.Mitchell_5912@outlook.com,3
filip.wisor@gmail.com,3
CynthiaMcIntyre_1125@rediffmail.com,6
Hannah.Bennett3594@icloud.com,5
Michael.Murphy8004@mail.ru,6
BettyParkinson_4015@live.com,1
MileyReid4008@ymail.com,4
zigmund.chrobak@gmail.com,6
varga.vanessza@gmail.com,5
Lewis.Craig_2725@mail.com,2
Carolyn.Taylor_8986@yahoo.com,2
stefan.dolina@gmail.com,4
Louise_Skoog_7032@hotmail.com,2
kostyantyn.yevtushenko@gmail.com,2
Connor_Black9041@protonmail.com,24
dendera.toma@gmail.com,2
Jeanette_Findlay@mail.com,6
Rhianna_Walker1637@live.com,1
jonathon.sims@gmail.com,57
esra24morri@rediffmail.com,1
joanna.hanson@gmail.com,3
Virgil.Miller9697@mail.ru,9
Reece_Armstrong1866@mail.com,2
William.Foster@icloud.com,6
Gracie_Weber4348@gmail.com,3
yumasheva.danilovna@gmail.com,24
Carol.Hunter_1721@protonmail.com,5
George_Bartlett2581@mail.ru,1
Libby.Allan_9546@rediffmail.com,1
Jimmie_Fraser2986@mail.ru,7
Louise.Moss_4678@ymail.com,2
JacobToland_1133@qq.com,2
andrew.white@gmail.com,41
IanHill_386@live.com,2
Ewan.Hewitt_2490@qq.com,2
EugeniaForbes4274@mail.ru,1
polina.caz633@protonmail.com,1
Roy_Findlay_1512@rediffmail.com,4
Sofia_Bates152@live.com,2
Travis.Hopkins@gmail.com,3
LauraSpinner4861@protonmail.com,1
Donald_McDonald6218@outlook.com,4
Victoria.McKay_7542@mail.com,1
RobertFletcher@qq.com,9
Leonora.Barclay@live.com,5
linda.dolecka@gmail.com,40
Maksymilian.Coomer1765@mail.com,2
tyler550@protonmail.com,3
EvelynSmith_4494@gmail.com,8
Hayden_Williamson_1253@mail.com,1
Fallon_Milne_6190@gmail.com,2
James.Morrison5737@hotmail.com,1
Michael_Preas_633@live.com,2
Kathryn_Lopez@protonmail.com,4
rajonwitness@gmail.com,2
ionatan.vladimirescu@gmail.com,4
Demi.Jackson_8991@mail.com,2
iancu.galca@gmail.com,1
Connor.Bird@outlook.com,5
Yasmin_Barry@outlook.com,9
marcus.simard@gmail.com,1
yana.pinchuk@gmail.com,2
Gertrude_Young_1875@yahoo.com,3
CallumClark8129@ymail.com,3
JaydenAyala@qq.com,4
rost.stratan222@hotmail.com,1
Stacy.Johnston_4821@qq.com,5
Penny_Warner7243@ymail.com,6
Anthony_White5192@rediffmail.com,2
David_Meyer_1353@mail.com,3
Cameron.Green_5230@mail.com,1
vratislav.tesar@gmail.com,3
Dominic_Noble8611@yahoo.com,2
JorjaChristie7525@mail.ru,4
May_Christie6291@mail.com,23
FreddieWallace_1585@live.com,3
zynayida.didyk@gmail.com,3
fabiola.wilczak@gmail.com,48
Donny_George@mail.com,1
Sandy.Uribe_1992@qq.com,8
DylanWinter_3235@protonmail.com,1
Mike.Martin_5863@mail.com,1
Tiegan_Ball_7678@hotmail.com,1
melchior.czaplewski@gmail.com,2
Kate_Williams5198@icloud.com,3
Eric.Bray8357@ymail.com,2
Logan.Duncan_1279@qq.com,2
rachel.elanger@gmail.com,1
Andi_Moore@mail.ru,1
Katie.Russell@icloud.com,2
florenta.raileanu8879@gmail.com,6
Mark.Stevenson@ymail.com,8
diana.bartova@gmail.com,2
Jodie_Hambly2357@outlook.com,3
Benjamin_Jones_9851@mail.ru,3
Ismael.Young2752@rediffmail.com,1
Herbert.Ashton_1729@icloud.com,1
MillieLynch2816@ymail.com,6
violina13plama@hotmail.com,1
Aidan.Wilkins_1313@outlook.com,4
Billy.Ball_446@yahoo.com,4
Teegan.Mellor9600@protonmail.com,3
Leona.Chadwick@rediffmail.com,2
RodneyAllan9261@protonmail.com,2
todd.hillel1998@ymail.com,6
sayanov.konstantinovich@gmail.com,2
Harry_Coles_1085@live.com,2
Ebony.West2881@ymail.com,6
JodieBarton@icloud.com,4
Tiegan.Talbot_7034@qq.com,6
CareyCox7748@ymail.com,1
leona.kovarikova@gmail.com,2
nemes.norbert@gmail.com,20
leslie.douglas@gmail.com,4
Rebecca_Barrett@yahoo.com,2
Allan_Mackay_9289@protonmail.com,4
JodieCraig_2429@yahoo.com,3
LyleClark_8921@protonmail.com,3
Gabriel.Jordan1664@protonmail.com,1
Matthew.Leonard@rediffmail.com,6
Laila_McDonald_7606@gmail.com,4
Paige_Trogdon6736@outlook.com,6
dima27miron@mail.com,1
Charlie.Francis_9638@ymail.com,5
VanGriffiths@mail.com,7
EdwardKirby_2206@live.com,1
Dale_James4050@qq.com,2
StevenMurphy_5237@mail.com,6
Maddison_Murray5965@qq.com,5
tyler.brown@gmail.com,4
Olivia_Muir2238@yahoo.com,5
Ladonna.Watson5255@live.com,3
Bryce_Allan_6780@qq.com,5
Grace.Mitchell_3197@protonmail.com,1
Muhammad_Hobbs_9805@gmail.com,1
Emma_Robertson@gmail.com,1
AllieHolt_5920@mail.com,1
Harley_Young1292@mail.ru,5
Joel_McGregor@yahoo.com,4
costel.pavlenco@gmail.com,3
Shae_ONeill_3456@yahoo.com,3
Eleanor_Rider7645@live.com,1
Dorris_Stewart@rediffmail.com,2
Shade.Wong_9814@live.com,1
mirza.balan4585@gmail.com,1
Laura.Douglas@ymail.com,7
Luke.Smith2238@outlook.com,9
Kayley_MacDonald3056@protonmail.com,1
Andrew.Baldwin_4970@ymail.com,4
