email,number
John.Coleman1933@protonmail.com,3
elsa.vega@gmail.com,3
Kacper.Crumley@mail.com,1
RobertCurtis9313@rediffmail.com,2
Diana_Jimenez_7122@qq.com,2
Wayne_Gray5567@outlook.com,1
Priscilla.Millar9584@qq.com,1
Miya.Goforth_4138@ymail.com,5
lola.medina@gmail.com,2
nayden.todorov@gmail.com,1
Kevin.King3722@protonmail.com,2
Melissa.Read4753@live.com,1
Amber_Weaver633@live.com,4
barys.rahula@gmail.com,2
Benjamin.McCarthy_3922@protonmail.com,4
catarino.iordanescu@gmail.com,5
Murrin_Harshbarger@mail.com,9
Evie_Ross@yahoo.com,5
Finley_Roberts_3870@hotmail.com,3
Ashley_Parkin2268@ymail.com,5
MarjoriePage@outlook.com,40
Rosie.Goddard_965@live.com,4
AyaanHardy8238@live.com,1
Omar.Sutton8595@ymail.com,2
EliseCaballero@outlook.com,1
EleanorForster_7303@protonmail.com,3
konnikov.valeryevich@gmail.com,1
Libby_Campbell1945@protonmail.com,3
Edward_Poling4413@live.com,2
GretchenFraser@mail.ru,3
ionel.burlacu1234@gmail.com,9
Kirstin.Ferrara_8725@gmail.com,1
Alexandra_Russell_7923@mail.ru,3
Marlene_Cuevas1071@rediffmail.com,1
Dominic.Clarke359@mail.com,1
Matilda.Hunt@yahoo.com,1
khrystyna.lchuk@gmail.com,4
FinlayHobbs8014@ymail.com,5
Gavin.Valentino@mail.com,5
LucasMuir_5146@ymail.com,4
kendr.webster@gmail.com,24
Alfred.Edwards2296@icloud.com,14
emanuel.pavel@gmail.com,2
a40luca@qq.com,3
Gary.Parsons_8573@hotmail.com,3
Annalise_Murray_7218@rediffmail.com,2
wanessa.durkin@gmail.com,1
madan.ciobanu140@live.com,3
Mohammad_Robson8000@yahoo.com,2
MiriamBrown@rediffmail.com,3
ecusnir@protonmail.com,5
DawnCraig_2656@live.com,14
Miya_ONeill1895@yahoo.com,4
Mohammed_Byrne_9042@mail.ru,8
Jeanie_Kelly_615@qq.com,3
Isreal_Sinclair_4616@yahoo.com,3
Kyle_Robinson1694@protonmail.com,1
IsaacWilliams@live.com,2
Brandy.Young9013@live.com,11
Charlie.Muncy8846@gmail.com,17
Annmarie.Brown@live.com,1
lyoben.valov@gmail.com,49
Addison_Shaw4574@protonmail.com,2
Hallie.Owens4159@live.com,3
anzhela.panasenko@gmail.com,4
SarahWhitaker9398@mail.ru,1
vojtech.kovar@gmail.com,3
Curtis.Sharp_958@live.com,3
pilipey.azhur@gmail.com,1
Ashley_Wood5236@protonmail.com,5
KaitlynDavis_8099@live.com,4
John_Hunter7440@live.com,1
KayleighBell6603@hotmail.com,1
judyta.krysiak@gmail.com,11
Glen.Lail4824@mail.com,1
Ryan.Slater2246@protonmail.com,3
vergin.borta1105@gmail.com,4
Katie_Fuller2314@ymail.com,4
Andi_Anderson121@hotmail.com,1
Jeanne_Pope_4143@outlook.com,14
Emily_Coolidge_1638@rediffmail.com,4
KatieFleming1477@mail.com,1
Kaiden_Acevedo_6241@yahoo.com,3
Nicolas_Mackenzie@hotmail.com,3
Louis.Christie@mail.ru,6
Charles_Wilson_2003@qq.com,1
Ashley_Bryant_7282@hotmail.com,3
valerian.tarus@gmail.com,5
RoxieWaters_6981@live.com,3
Anna.Graham_2508@protonmail.com,2
Micheal.Sanderson2855@live.com,1
drahoslav.kreanga@gmail.com,6
Abbie.Harris2502@protonmail.com,3
mirza.sturza744@gmail.com,2
RobynKelly6150@ymail.com,5
JamesBruce5799@yahoo.com,9
Archie_McKenzie_3757@yahoo.com,2
RomanPaterson@outlook.com,5
DeeWood_9228@mail.com,1
JoseParsons6410@live.com,1
Alistair.Copenhaver_2172@ymail.com,1
Freddie_Mackay_9394@icloud.com,2
Miya_Spina_7932@protonmail.com,2
DebraEdwards2925@yahoo.com,1
Shaunte_Hanson_4915@icloud.com,4
Dominic_Conrad8122@mail.com,2
LelandStokes_9443@icloud.com,4
CalumNeely8632@live.com,6
gabi.apostu@gmail.com,3
bogdana.mircea1023@gmail.com,2
fodor.hajnalka@gmail.com,1
DouglasMartin6100@hotmail.com,5
Caitlin.Paterson8702@gmail.com,5
austin.lam@gmail.com,31
Jack_McKenzie2255@protonmail.com,3
Kimberley_Robison_3286@live.com,6
tolbanov.timofeyevich@gmail.com,4
mickfal35@hotmail.com,7
ShellyAli2196@protonmail.com,7
IsabelAustin_5977@mail.ru,9
Theodore.Christie@mail.com,2
anatol44cernei@rediffmail.com,3
andrij.kucherenko@gmail.com,2
constantin.cazac@gmail.com,5
Leah.Johnson7769@rediffmail.com,1
nicolae.andronic25698@gmail.com,1
Susanne.Pritchard@hotmail.com,1
Lleyton.Russell_3711@live.com,1
James.McIntosh3170@ymail.com,3
Jennifer_Holden2209@ymail.com,2
teofila.teodorescu@gmail.com,3
szalai.imre@gmail.com,4
Dylan.Lyons1153@ymail.com,3
Aaron.Frazier_8440@mail.com,1
Dorothy.Hughes_5913@yahoo.com,1
Declan.Jefferson_1714@icloud.com,1
Sutlin_Fleming8057@mail.com,1
corina.darii5654@gmail.com,4
barta.kira@gmail.com,1
Rachel_Thomson9501@mail.com,2
Neal_Daniels@mail.com,3
Travis.Broyles122@protonmail.com,2
Jaiden_Hamilton_1242@icloud.com,1
Natasha_Lemoine@outlook.com,12
Leona_Sharp5058@qq.com,2
thaxter.van56@qq.com,2
TaylorTurner9192@ymail.com,1
JeffreyMacDonald@mail.ru,3
lola.stere3674@gmail.com,2
maurycjusz.zalenski@gmail.com,5
Finlay.Manning_3018@yahoo.com,3
Daniel.Savage9065@gmail.com,5
BarbaraKennedy3644@live.com,1
Freddie.Johnson_110@outlook.com,2
CharlieRussell4966@gmail.com,4
Kerr.Chamberlain4922@hotmail.com,3
jasmine.morin@gmail.com,39
Mickey.Kennedy6457@yahoo.com,3
vasilos.shchusev@gmail.com,1
Joseph_Johnson7011@live.com,1
Robert.Ferguson_5484@qq.com,2
sabrina.ursu1546@gmail.com,3
Alexander.Rich_7599@mail.com,2
Mateusz_Jones@gmail.com,1
Rohan_Findlay1115@hotmail.com,1
GwendolynChamberlain@rediffmail.com,4
Demi-lee_Carr2396@gmail.com,2
c25tat@yahoo.com,5
a13g@rediffmail.com,2
dominique.goldis@gmail.com,3
Marian_Stone_9497@rediffmail.com,2
Luke.Smart_7736@icloud.com,2
levi.williams@gmail.com,3
HaileyDurham5978@yahoo.com,7
Kelly.Murphy_9303@yahoo.com,7
bertha.dennis@gmail.com,1
cristina.stamati3323@gmail.com,1
gabriel.cierny@gmail.com,4
Casey.Buford7508@ymail.com,7
Rosa.Hill8642@hotmail.com,3
Leo_Joyce5950@live.com,8
Shirley_Morrison6864@outlook.com,1
Lauren.Watt@gmail.com,1
Isabella.Macleod@gmail.com,7
Jake.Burnett_9903@protonmail.com,2
Enoch_Chamberlain3407@ymail.com,9
Kathleen_Thornburg_583@qq.com,1
Jayden_Campbell@hotmail.com,22
Debra_OSullivan2045@live.com,17
Jose.Emanuel_2014@live.com,1
bethany.moss@gmail.com,1
Mikey_Ritchie_1854@outlook.com,1
Michelle_Rivera_5612@live.com,1
Phoebe_Smith@qq.com,1
dinu.olteanu@gmail.com,2
Noah_Miller1314@outlook.com,3
MollieSteinfeldt3652@ymail.com,1
ShellyGeorge_1147@ymail.com,4
madan25cojo@mail.com,2
Michal.Muir6314@ymail.com,1
