email,number
ulyana.havrysh@gmail.com,1
Gabriel_Gomez@ymail.com,3
marta.mardari@gmail.com,4
Jessie_Waters9077@outlook.com,6
maksimushkin.vsevolodovich@gmail.com,3
MorganJoyce_1411@mail.ru,4
MikolajAllen@outlook.com,1
Sharon_Gardner3904@gmail.com,6
GailDouglas1643@mail.com,2
Ella_Weiss_1776@live.com,2
Michal.Hughes_6787@outlook.com,4
gabi.iacobescu1987@gmail.com,2
KateAllen1657@qq.com,1
RayanTyner7299@rediffmail.com,3
Alannah_Bruce_3998@live.com,2
boigie.gawronski59@live.com,1
kylie.williams@gmail.com,1
bogdan.balkanski@gmail.com,5
Lydia.Speer_909@hotmail.com,4
Kirstin_Kaiser9198@rediffmail.com,10
Rowan_Gould@ymail.com,4
ChrisKelly_3079@ymail.com,1
Ruben_Kennedy9789@protonmail.com,1
Doug.Donaldson1880@ymail.com,6
nadine.ghe@qq.com,1
Glen_Ball_5750@hotmail.com,1
Jane.ODonnell@live.com,16
Melody.Riley_2587@icloud.com,2
rustie89@live.com,1
DominikAllan_6232@yahoo.com,1
CharlesReis@gmail.com,9
Dana_Hudspeth@protonmail.com,6
garri.topal@gmail.com,3
AaronBurns2629@gmail.com,11
Lawrence_Alexander@live.com,15
Rachel.Williamson3700@icloud.com,7
calin.bothezat@gmail.com,3
Flora_Simpson@ymail.com,1
William_Milne_9485@hotmail.com,1
andrei.constantinescu@gmail.com,28
Leah.Pickering3870@live.com,4
Honey_Lloyd_3361@hotmail.com,2
KathleenKeith_5085@hotmail.com,19
Justin.McKay_1855@mail.com,2
KatherineKarlson_4929@hotmail.com,4
Carson_Gordon_4215@rediffmail.com,1
JosephBolton_4849@outlook.com,2
Francisco_Hancock_3159@yahoo.com,4
DonaldThompson@rediffmail.com,1
Zara.Shaw_9513@icloud.com,5
Carl.Newman@ymail.com,1
nadin.caraman@gmail.com,3
gael.witz78@ymail.com,2
MichaelSimpson@icloud.com,1
Stephen.Findlay4273@icloud.com,12
LisaBerry@mail.ru,1
Andrew_Rupp1431@ymail.com,2
Kayleigh.Savage_906@rediffmail.com,3
elvina.muntean7865@gmail.com,1
AriannaFowler_2191@hotmail.com,6
eugenia.stawirowska@gmail.com,1
Patsy.Ledbetter_5716@outlook.com,3
Lucille_Vasquez_2520@ymail.com,1
Finley_Scott7662@qq.com,4
LaurenSmith@ymail.com,3
Kodi.Martin7207@qq.com,1
alla.bejenari2154@gmail.com,1
RayyanMoss_5235@hotmail.com,3
jindrich.koci@gmail.com,41
KarlStapp_151@rediffmail.com,1
Amelia_Hedrick946@live.com,2
AlexisPower8408@hotmail.com,5
JoshuaPotter@live.com,2
dzmitry.starcanka@gmail.com,3
Thomas_Walker6742@yahoo.com,2
Hazel.Williamson_7300@outlook.com,1
david.wilson@gmail.com,2
Tori.Leonard@icloud.com,2
bisera.vitanova@gmail.com,25
Natalia_White1309@qq.com,2
John.Simpson_5300@hotmail.com,1
MartynaWilliams4378@mail.com,2
Eloise.Cho_9422@icloud.com,18
BeverlyEdwards_7399@icloud.com,2
stefan.dvoracek@gmail.com,2
Amber_Simmons4618@yahoo.com,5
Noah.Russell_1651@rediffmail.com,5
EthelBarber2144@gmail.com,3
Aydin_Shah6683@rediffmail.com,1
Megan.Ardoin9350@qq.com,1
Muhammad.Herrington@qq.com,6
FletcherThompson@outlook.com,7
Lola_Dickson8581@rediffmail.com,1
geoffrey.gross@gmail.com,1
marina.niculaie@gmail.com,2
Lisa_Martinez_7027@rediffmail.com,2
denis.stratan@gmail.com,2
John.Cunningham@ymail.com,1
Rowan.Marks_9251@ymail.com,1
Zach.Deloach1953@live.com,4
jaime.rogers@gmail.com,1
Sarah.Knowles_1668@ymail.com,5
zhanna.sydorchuk@gmail.com,5
ErynSpence@yahoo.com,4
Joel_Norman_6441@qq.com,2
Marley.Foster8292@mail.ru,1
EllaHunt1034@yahoo.com,1
KieraReilly_7373@outlook.com,2
NancyJones@mail.ru,3
rita.tataru8523@gmail.com,3
SamuelFerrera_9424@ymail.com,2
DominicGrant_1867@qq.com,2
Amelie_Vandyke_5489@gmail.com,4
Liam_Dale@qq.com,3
grady.pope@gmail.com,1
donseb414@protonmail.com,2
KieraDocherty@gmail.com,2
Bernard.Harding_549@qq.com,3
MatthewMcKay6071@qq.com,3
Enrique_Wilkinson9824@yahoo.com,3
Amber_Fuller_6373@outlook.com,6
petru.theodorescu@gmail.com,43
stevie.chris1945@photonmail.com,2
magda.nechita@gmail.com,3
Courtney.Rogers_3581@mail.ru,8
makar.lucanok@gmail.com,47
radko.dobrev@gmail.com,3
hryhorij.sereda@gmail.com,2
Flynn_Burns_9829@rediffmail.com,3
Preston.Mcaleer_5925@gmail.com,3
Warren_Giles2267@mail.com,6
Mikel_Mackay_2024@live.com,1
Logan.Mckinney3361@live.com,3
Ruben_Kerr_4409@ymail.com,2
David_Reilly2022@mail.com,4
Patrick_Battiste@live.com,1
pap.florian@gmail.com,4
Lola_Davidson5624@live.com,2
Roddy.Ferguson509@live.com,11
HannahMartin@mail.ru,2
Paul.Gran@ymail.com,7
daria.popienska@gmail.com,3
anastasia.rasolka@gmail.com,3
Archie.Hill@qq.com,9
Steven_Kerr_6180@live.com,3
EmilyBradley_1407@mail.ru,6
Nancy_Ashburn2798@ymail.com,4
KayleySoria_5652@live.com,3
Michal_Bell_1459@rediffmail.com,2
Lydia.Johnson_4210@live.com,1
Ayla_Grant_5332@protonmail.com,1
artem.movchan@gmail.com,1
Henry_Young_1764@outlook.com,2
bogdana.manoleva@gmail.com,3
sil888vor@icloud.com,1
bogdan.bachev@gmail.com,40
DianeMacDonald_6833@mail.com,3
Ellie_Logue_5966@outlook.com,3
Helena_Paterson_8542@live.com,3
narcisa.giurescu@gmail.com,2
Kieran.Weiss4526@hotmail.com,5
marianna.chiriac@ymail.com,2
timur.postica@protonmail.com,4
Brandon_McIntosh_4132@ymail.com,3
Luke.Parsons880@qq.com,1
alaksiej.taraskievic@gmail.com,46
Maria_Estrada_5400@mail.ru,10
EthanBrown@protonmail.com,2
winfield.gilmore1992@live.com,15
Jade_Bruce@mail.com,7
liubovi.miron866@hotmail.com,2
Hallie.Robinson1004@outlook.com,1
ema.rybarova@gmail.com,4
antal.mercedesz@gmail.com,1
sandu.cusnir0568@gmail.com,5
MariaMoore9026@icloud.com,1
carolinadesouzaribeiro@hotmail.com,3
MaryMcIntyre8135@hotmail.com,1
Katie.Christie2457@outlook.com,4
Lexi.Woods7531@live.com,3
sagargoyal1@gmail.com,16
MichaelWolfe9068@live.com,3
Gail_Chagoya4441@yahoo.com,1
BeatriceJones_8570@rediffmail.com,13
chester.drake@gmail.com,3
vitali.jaumienau@gmail.com,1
Joseph.Potter6450@hotmail.com,1
Abby_Lefebvre_46@mail.ru,3
Gretchen.Hoover_5803@live.com,2
Marla_Graham_3326@protonmail.com,2
ZoeLamoureux_8998@ymail.com,1
Madison.Allbright@rediffmail.com,3
lucia.norton@gmail.com,1
John.Crain_521@outlook.com,1
Myles_Hay_4085@live.com,1
MarissaHughes_6579@live.com,2
rusvas115@hotmail.com,3
alisa.melnic0125@gmail.com,3
Michael.Martin_1690@live.com,4
marinela.cara5246@gmail.com,2
