email,number
Lilly.Kelly3647@qq.com,1
EthanFindlay_4958@ymail.com,2
Kayley.Black9491@live.com,6
JonathanJennings_6522@qq.com,4
Rose.Reilly_6652@yahoo.com,7
George_Lofland@protonmail.com,2
Aaliyah.Fontenot_8180@yahoo.com,7
dominic.clark@gmail.com,2
calin.baciu@ymail.com,1
rodica.andronic8475@gmail.com,4
Luka_Koerner@ymail.com,1
Dana_Mills_5103@gmail.com,3
Eleanor_Christie@protonmail.com,4
Liam_Wallace6182@ymail.com,1
gali.stamati123@ymail.com,3
constantin.rusn@gmail.com,4
eniko.russo1021@gmail.com,1
LeahBaker_3572@outlook.com,5
Gloria.Miele_895@ymail.com,3
Scarlett_Walker_926@mail.com,2
Penelope_Burgess_1185@hotmail.com,2
Neil.Edwards_4220@mail.com,1
Cassidy_Maes3356@icloud.com,1
Georgina_Watt6750@rediffmail.com,9
Leonardo_Cameron6119@hotmail.com,6
Dean_Wagner@qq.com,1
Zara_Connor@qq.com,1
ScottKelly_4049@ymail.com,3
Lewis.Hanson4942@mail.com,1
StephenArnold_9399@protonmail.com,2
tudor144chri@live.com,1
Emily.Watt@mail.ru,10
Omar_Breaux1127@outlook.com,35
Maya_Dearman_8836@gmail.com,5
Pamela.Kimmell_9828@yahoo.com,8
Lily-roseHarding2582@gmail.com,1
HaroldFindlay4478@gmail.com,9
khaled.os1998@gmail.com,2
Leo.Higgins4183@hotmail.com,6
Lucille.Guthrie3184@protonmail.com,2
Tegan.Green_1407@yahoo.com,1
Sadie.Brown8514@live.com,2
Hayden_Stokes5728@hotmail.com,2
ioana.savu5614@gmail.com,30
PamelaCarr_5536@icloud.com,2
Oliwier.Jones@protonmail.com,6
GabrielNewman_5440@protonmail.com,3
Joshua.Bruce_7462@rediffmail.com,3
Edith.Forster_1090@icloud.com,2
Isreal.Thompson_2496@yahoo.com,3
Spencer_Paterson8930@protonmail.com,4
Miya_McDonald@gmail.com,4
Oscar_Aubry@yahoo.com,3
kelwin.nied1996@ymail.com,2
Rigoberto_Shepherd3486@yahoo.com,9
polina.borovyk@gmail.com,3
Sam.Clarke5991@live.com,1
NathanielMilne@ymail.com,4
amalia.turosika@gmail.com,3
Stella.Sinclair_12@live.com,1
Victoria.Berta_5254@mail.ru,2
AngelaBrody1242@hotmail.com,3
Neal.Ruch4972@yahoo.com,5
ligia.paler@gmail.com,1
Steve_Leon760@ymail.com,12
galea.burlacu3698@gmail.com,1
Millie.Payne_6122@gmail.com,4
AlexanderCampbell3684@mail.ru,1
Juan.Bruce_6859@live.com,5
bohdan.shostak@gmail.com,2
crina.m364@icloud.com,17
flavia.voicu@gmail.com,2
neculai.nechita@gmail.com,54
Kay_Riandur1005@mail.com,1
Tegan_Brown6636@icloud.com,1
Aoife.Gilbert_9327@yahoo.com,4
Marian_Lawson_9355@outlook.com,2
Judy_Joyce926@rediffmail.com,1
bame.neils1689@protonmail.com,2
zavrazhny.igorievna@gmail.com,3
oksana.plesca@gmail.com,1
EwanHumphreys@icloud.com,1
Carmen_Ward4559@protonmail.com,1
al.austin@gmail.com,4
jerr.montelli@icloud.com,5
vita.andrijchuk@gmail.com,42
KieranWood@ymail.com,7
Alisha.Ortiz8319@qq.com,7
Finlay_Miller8087@yahoo.com,3
YasminJamieson6041@gmail.com,4
eniko.dolgan@gmail.com,1
privalov.grigorievich@gmail.com,3
yuray.masserau@gmail.com,1
Connie_Price_1781@outlook.com,5
AbbeyCrawford_936@icloud.com,10
Florencio.Todd2969@rediffmail.com,2
Samuel_Pugh_7626@ymail.com,2
Arthur_Dyer@mail.ru,2
Kodi.Muir9875@yahoo.com,7
Iona.Morley2769@icloud.com,2
ArloAlexander6783@live.com,4
Barry.Watson9810@live.com,1
Kenneth.Sheehan_4173@outlook.com,8
Deborah_Forbes_8981@live.com,1
Riley.Browne@live.com,2
MuhammedBond_6903@yahoo.com,3
Elliot.Murray_3095@hotmail.com,2
Eloise_Stevenson_9182@mail.com,6
JadenLewis1872@icloud.com,1
Sophie.Dickson3192@icloud.com,20
Frederick_Baxter6917@hotmail.com,1
shelly.colon@gmail.com,10
Virginia.Moore_1590@yahoo.com,4
s.tchmil662@rediffmail.com,4
KenSimpson4107@rediffmail.com,4
Mohammed.Potts@live.com,3
Melissa.Simpson_7651@rediffmail.com,2
AlistairMatthews@icloud.com,1
DavidChambers@live.com,3
DorothyAllan9065@gmail.com,5
RandyArndt1266@rediffmail.com,5
CodyMetcalfe@ymail.com,4
Eve_Marsh2330@live.com,7
JavierBolton_8413@mail.com,7
Jan.Aitken@yahoo.com,1
Alexandra.Rutland_2127@live.com,4
merve.popa2589@gmail.com,2
Joanne_McLean_7900@qq.com,6
KerrMills_1698@icloud.com,2
AlanBerry3016@live.com,5
chizhikov.victorovich@gmail.com,1
Tilly_Morley@protonmail.com,1
Kaitlyn.Nolan@protonmail.com,1
MildredFranklin8932@rediffmail.com,1
Ruairi.Larson@qq.com,3
FrancisRobertson_3349@outlook.com,1
ScottPaterson_8935@live.com,2
MurrinForbes_8876@qq.com,6
Kathy_Watson@yahoo.com,2
Kaiden_Ross_4620@hotmail.com,5
XanderJohnstone1545@icloud.com,6
rodbor335@mail.com,6
Morgan_Carden7553@icloud.com,6
constanta.musat@gmail.com,1
Lawrence_Linder35@yahoo.com,6
Alisha_Adams_8666@live.com,4
julia.ondrejova@gmail.com,4
corina.radu@gmail.com,4
Mohammad.Dodd_8967@yahoo.com,8
Jami.Sharp7208@outlook.com,2
James.Rudolph_8471@live.com,5
brana.rosca1247@gmail.com,2
Jayden_Higgins_4524@live.com,1
banu.malai2589@gmail.com,1
Evie.Wood_682@qq.com,2
Lily_Jenkins_8737@live.com,7
Marcus_Collins@rediffmail.com,6
KeiraPeacock_7295@mail.ru,8
vova.tataru1452@gmail.com,2
Belle.Day_3646@hotmail.com,5
Elias_Cox9420@gmail.com,3
Spencer.Cooke_5228@icloud.com,3
Grady.Hall4130@outlook.com,1
samuel.fortin@gmail.com,1
Luis.Fry7784@outlook.com,3
medina.ursu0365@gmail.com,2
Maximilian.Wells6095@qq.com,2
CharlesMarshall_9123@live.com,14
klement.masek@gmail.com,1
ion.popov@gmail.com,5
lid.tca@ymail.com,2
Kate_McKenzie@yahoo.com,3
alvbiv667@protonmail.com,2
TaylorFarley@protonmail.com,5
Viola_Ferguson_6016@mail.com,4
Bailey.Flores4873@live.com,4
JessicaWhite_6778@icloud.com,1
galea.ungureanu1234@gmail.com,4
Corey.Kelley_5821@ymail.com,4
Harriet.Donaldson_1864@icloud.com,1
Bailey_Jones_7567@yahoo.com,3
Archie.McCarthy9801@gmail.com,2
Christopher_Mackay3308@mail.com,13
turfanov.leonidovich@gmail.com,5
Eve.Petty_2499@hotmail.com,4
reznik.vicol@gmail.com,2
svetlana.mateevici8523@gmail.com,2
Peter_Thompson317@outlook.com,2
Zara.Hay2705@mail.com,1
RhianGalindo2920@ymail.com,3
StevenBrady_1722@ymail.com,8
Jose_Riley4992@mail.ru,3
Gabriel.Wallace_4511@rediffmail.com,5
tudor.morari@outlook.com,4
trokhym.stetsenko@gmail.com,4
cass19452@yahoo.com,4
marutanic25@ymail.com,3
josephine.roberson@gmail.com,3
Alexander.Yates_3331@ymail.com,2
Traci.Murphy_7857@gmail.com,3
