email,number
marina.melnic4343@gmail.com,1
Georgina_Taylor7991@icloud.com,2
Danny.Richardson_2702@live.com,1
mackenzie.martin@gmail.com,14
Lilly.McMillan8700@yahoo.com,1
Jessica_Read1254@hotmail.com,2
Kodi.Swift_425@live.com,5
delores.rose@gmail.com,3
Andrew.Morrison9010@rediffmail.com,6
serafim.enescu@gmail.com,2
Amelia_Herbert_9666@rediffmail.com,11
SolBaldwin1694@ymail.com,2
mazonn.mircea@gmail.com,4
daniel.tchmil1240@gmail.com,1
Louis_Owen_8420@qq.com,1
Lloyd.Barber_439@hotmail.com,2
ThomasMiddleton_5907@live.com,1
Gary_Soares9952@yahoo.com,2
Ellie_Oreilly9818@ymail.com,1
toth.bendeguz@gmail.com,4
shinkata@hotmail.com,4
Katherine_Williams_9817@icloud.com,2
dumitrurcanu125@mail.ru,2
Carlton_Hoisington@rediffmail.com,2
vasilios.balan1452@gmail.com,2
vladislava.g255@qq.com,1
Lucy_Gill7519@ymail.com,4
Alexandra.Jamieson152@mail.com,2
Tyler_Jordan_4646@rediffmail.com,4
Zain.French4120@mail.com,24
GracieGibbons_3627@icloud.com,2
Alex_McMillan9011@live.com,8
Hayden_Moore_5999@icloud.com,5
Louie.Donaldson2218@yahoo.com,6
HaydenField2322@qq.com,5
samir.doga5976@gmail.com,1
Richard.Jackson_3089@hotmail.com,1
David_Clayton497@live.com,13
VoudimSaunders@protonmail.com,2
Kai_Murray@protonmail.com,2
Amber_Snyder1949@mail.ru,2
svidryhaila.aleksiutovic@gmail.com,1
Addison_Anderson@protonmail.com,1
Maddison_Cross_9814@protonmail.com,3
BarryStewart1141@qq.com,5
Mya_Maynard@hotmail.com,2
Jessica.Burns546@ymail.com,6
Robert_Gray_8036@outlook.com,10
eduard.voronin1010@gmail.com,1
Ben_Delaney2411@icloud.com,3
Cheryl_Macleod_7777@ymail.com,1
Graham_Myers_5628@hotmail.com,8
Evelyn_McGregor3472@live.com,1
Marderdeen_Ferguson@outlook.com,2
ianna.stamati@gmail.com,2
yemelyanova.olegovna@gmail.com,2
glebov.timofeyevich@gmail.com,28
zlatica.ondrejova@gmail.com,1
Toby.Watson3829@rediffmail.com,1
Linda_Thompson_1302@qq.com,2
Dexter_White_3990@rediffmail.com,1
Natalie_Griffiths_840@live.com,1
Leah.Whittaker_9385@live.com,6
adriana.bonkoska@gmail.com,4
Alyx_Burns_7973@ymail.com,3
Niamh.Robertson5574@rediffmail.com,1
HollieSutherland8578@mail.ru,5
robin.oliver@gmail.com,46
vika.vicol745@protonmail.com,2
Niamh_Hawkins_564@rediffmail.com,7
Max.Pixdale5202@outlook.com,9
Bev.Sinclair9621@icloud.com,3
fem.topal547@ymail.com,2
Edward_Williamson9666@yahoo.com,1
Leo.Brown_9937@icloud.com,4
Eugene_Myers7850@qq.com,1
Myrna.Maclean_7610@qq.com,3
ilie55cojo@qq.com,3
KarenBlackburn_4484@mail.com,1
kirsanova.maximovna@gmail.com,6
Martin_Hart6750@yahoo.com,5
ilinca.negru836@gmail.com,2
Olivia_Macleod@gmail.com,1
Sharon.Bryant_4664@yahoo.com,4
Nancy_Ferguson_9609@protonmail.com,8
KerryRandall7112@outlook.com,1
torok.brigitta@gmail.com,3
JamesIqbal_4307@yahoo.com,1
Olivia.Finch_8730@mail.com,3
diblerfilippo@icloud.com,2
Bridgette.Witte4197@live.com,1
Daniel.Morrison@live.com,1
Kerry_Thompson2450@live.com,1
valerij.shapoval@gmail.com,2
sergiu29rosca@mail.com,2
Leigh.Miller4270@qq.com,1
Lillian.Cameron_1047@protonmail.com,1
zara.bulat@gmail.com,1
lakatos.zsofia@gmail.com,1
Jordan.Greenwood@live.com,2
vs890@live.com,1
toth.daniella@gmail.com,5
Rowan.Hay_678@outlook.com,1
Brogan.Davidson_8753@yahoo.com,7
Skye_Murphy_9543@rediffmail.com,1
SummerWells_5983@mail.com,1
Alexander_Mackay@hotmail.com,2
JulietteSimpson_109@ymail.com,6
Ronald.Bates_3361@rediffmail.com,1
Roger.Delacruz@rediffmail.com,9
yahya.juravschi2589@gmail.com,1
NinaJones_4613@rediffmail.com,1
Tyler.Burns1820@live.com,3
protasova.denisovna@gmail.com,3
gerhad.bulm39@icloud.com,4
yahyanegtu500@mail.com,2
Carl.Campbell@hotmail.com,2
Ewan_Ross_4307@rediffmail.com,1
serhij.danylyuk@gmail.com,6
Tamara_Lucas_9732@icloud.com,8
mirza.morari1547@gmail.com,3
Oscar_Russell_7849@hotmail.com,1
KianGoodwin@rediffmail.com,6
SharonHarper5750@protonmail.com,2
Amina_McLean@live.com,8
Guadalupe_Murray_1238@live.com,6
monica.pavlenco@gmail.com,3
Kian_Bell2439@gmail.com,1
Mike.Doyle_2279@live.com,3
HonorDodd2625@live.com,1
saurabh20694@gmail.com,1
Alex.Maldonado6754@ymail.com,2
Kyle.Mandel6202@protonmail.com,1
NicholasWood1802@yahoo.com,4
RuthChristie_9954@qq.com,5
kayle90@outlook.com,1
yenin.artemovich@gmail.com,8
Hollie.Sherry@ymail.com,4
Cindy.Morton_1103@icloud.com,1
Mark_Garcia9020@live.com,7
Phoebe.Black2512@live.com,9
louis.walsh@gmail.com,44
Jade_Fernandez5347@rediffmail.com,2
AllenDavis273@live.com,1
Chelsea.Huffman9983@outlook.com,1
Amie_Wood_2935@live.com,2
JoelDominguez_8187@yahoo.com,1
Benjamin_Murray7283@mail.ru,9
EdwardHooper@hotmail.com,2
NiallHarris_5080@protonmail.com,3
polacheva.vladimirovna@gmail.com,1
Mollie.Grimm_3420@ymail.com,3
DanylJohn1742@protonmail.com,3
BarbaraSchofield_872@yahoo.com,4
pyatro.taraskievic@gmail.com,6
KathrynAllan_202@yahoo.com,3
justin.vieru0132@gmail.com,4
DavidMartin_8291@qq.com,1
Laura.Sutton_8373@yahoo.com,1
MiaEvans_4670@live.com,11
Kaitlyn.Johnson7704@protonmail.com,1
BenDonaldson_6321@live.com,5
kelly.murphy@gmail.com,71
Roy_May872@mail.ru,3
Jack.King@outlook.com,2
JamesHoughton_441@protonmail.com,2
RobertThomson_197@yahoo.com,1
Betty.Macleod9195@hotmail.com,7
Gregg.Woods@live.com,6
LeviParker@qq.com,3
yudashkin.makarovich@gmail.com,5
madan.florea8754@gmail.com,2
AlmaBrooks7776@ymail.com,8
eniko.diacov2031@gmail.com,4
Hazel_Nolan5591@qq.com,1
RobertoBoone560@hotmail.com,2
Colin_Williamson6937@ymail.com,5
traian.iagar1994@gmail.com,7
ZakBryan_2805@rediffmail.com,5
Laura.Fleming1563@live.com,2
Simon.Moore@rediffmail.com,2
841471958@qq.com,7
Riley.OBrien6542@yahoo.com,1
Naomi_Mason9604@ymail.com,27
teodor.kral@gmail.com,6
Gertrude.Murphy7646@icloud.com,5
Oscar.Forbes8597@yahoo.com,4
Jodie.Koonce2321@live.com,31
Lee_Alexander_9992@yahoo.com,1
inesa.rusnac0126@gmail.com,3
sava.popov5210@gmail.com,4
kirdana.tarasovna@gmail.com,1
jeanette.morgan@gmail.com,10
SandyFleming8979@hotmail.com,2
KathleenPierre_5421@icloud.com,2
angela.petric1231@gmail.com,3
William_Wilkins_6023@ymail.com,1
catalin.milosovici@gmail.com,3
tyson.bergeron@gmail.com,2
Yasmin_Bishop_6680@outlook.com,1
