email,number
Lakisha_Taylor8445@qq.com,2
Kevin.Humphries_3680@outlook.com,13
Lorena.Elliott_9705@icloud.com,1
vane77vor@qq.com,1
Wayne_Kennedy@protonmail.com,1
Eleanor.Ferguson4232@outlook.com,2
Jasmine_Graham_9368@icloud.com,4
luminita.ivanova@gmail.com,1
Sam_Mackenzie_5608@ymail.com,3
LukeRider_9134@outlook.com,3
Charles_Graham@ymail.com,2
Lexie_Schofield4247@outlook.com,3
aris.prodan4569@gmail.com,3
Javier.Arnold_4480@icloud.com,2
Edith_Todd1439@live.com,5
ShannaAustin_4629@outlook.com,3
Travis_Franklin4607@rediffmail.com,2
vasile.popa3652@gmail.com,1
kvetoslava.vitkova@gmail.com,5
webb.unkfer1978@qq.com,2
MiloWelch_1837@protonmail.com,3
Madison.Gilbert2185@protonmail.com,1
McKenzie_Allan384@outlook.com,3
Hollis_Robertson_1875@qq.com,2
anisoara.pascal@gmail.com,2
Kyle_Francis_489@protonmail.com,2
AaronDavidson3188@live.com,5
George.Mackay@live.com,3
Ethel_Jimenez_4095@ymail.com,1
AnnaJohnston@protonmail.com,8
por88cara@mail.com,5
varfalomey.krycceuski@gmail.com,3
Barbara.Williams_2763@rediffmail.com,1
Scarlet.Macleod@live.com,1
CaitlinSimpson@qq.com,3
satyamvivek1995@gmail.com,54
karel.janecek@gmail.com,3
JasonHooper_6485@live.com,2
vergin.dolgan657@gmail.com,1
Megan.Bogard1870@live.com,2
remus.laga@gmail.com,2
orban.dorina@gmail.com,6
Rebecca.Burns275@live.com,1
Caoimhe.Gordon2482@outlook.com,3
Hamish_Scott_4410@mail.ru,4
sutharsha@gmail.com,1
Wiktoria.Poling@hotmail.com,3
Joseph_Kline5197@ymail.com,4
lomtev.dmitrievich@gmail.com,3
bakos.laura@gmail.com,5
Dean.Maynard_405@icloud.com,10
Ashleigh.Cameron2464@live.com,1
Sarah_Johnston_4956@outlook.com,4
Kathryn_Ferguson@gmail.com,1
mih200rus@hotmail.com,1
Linda_Pyle_4392@ymail.com,6
anastasiya.sushko@gmail.com,2
David_Duncan_1061@live.com,11
RubyDodd9570@hotmail.com,1
Troy.Mackay8270@yahoo.com,5
MarthaGoodwin_2791@icloud.com,2
damir30kassapu@yahoo.com,1
MuhammadTaylor680@hotmail.com,9
NinaSanchez@live.com,24
Elizabeth_Seiler_3944@mail.ru,9
Cedric_Rosen2390@gmail.com,3
Donna_Mireles@hotmail.com,1
Aracely_Keller_5589@qq.com,4
Robert_Findlay_9001@outlook.com,13
Elizabeth.Moore4262@yahoo.com,1
CallumKennedy@mail.com,4
Shawn_Clayton1430@yahoo.com,2
Tom_Russell_547@qq.com,1
Melissa_Wilson_2583@protonmail.com,2
Harrison.Findlay_1435@hotmail.com,2
ernest.majeski@gmail.com,3
GavinSmith_7279@mail.com,13
CaseyMartin8137@hotmail.com,1
David_Howells_3898@live.com,10
Ebony_Vance_8142@mail.com,2
FlorencePratt3794@live.com,5
KieranSimpson_9731@ymail.com,1
Barbara.Gillan_1374@live.com,1
rafal.malanowski@gmail.com,3
Christina.Wilkins_4977@icloud.com,2
Phoebe_Sutton7473@icloud.com,5
Rafael_Townsend6189@gmail.com,23
Matthew_Edwards9993@icloud.com,5
Cian.McKay265@protonmail.com,1
jacek.gruszka@gmail.com,1
Nathan_Edwards6898@live.com,3
lydie.koprivova@gmail.com,1
metod.hornik@gmail.com,3
roberto.mcgee@gmail.com,3
aude.grecu8569@gmail.com,4
Ryan_Pender@icloud.com,2
Archie_MacDonald1514@outlook.com,1
egor.morari@gmail.com,1
Eden_Nelson@yahoo.com,1
nadina.cusnir@gmail.com,1
Mollie_Giles1739@live.com,3
onegin.nikolayevich@gmail.com,4
EleanorHobbs8870@mail.com,9
Arlo.Cox_4778@outlook.com,34
Gabriela.McGregor@mail.com,2
Ethan_Juarez5218@qq.com,4
Arthur.Ross1935@ymail.com,1
Katie_Farmer_1828@yahoo.com,5
LucindaHeier1034@icloud.com,4
Erin.Hamilton_7888@hotmail.com,1
Ana_Garner_5962@hotmail.com,1
EmilyMarshall6622@mail.com,3
Alex_Burgess_3830@gmail.com,1
yaroslav.vasylyuk@gmail.com,10
Clifford_OConnor_3312@mail.com,5
bob.munoz@gmail.com,5
dael.his1993@ymail.com,4
milana.vier1111@gmail.com,5
Kimberly_Bolton@gmail.com,4
Max.Garza2891@gmail.com,2
lincoln.jones@gmail.com,1
Delores_Paterson8265@yahoo.com,4
aurelia.musteata2158@gmail.com,2
josyp.ruda@gmail.com,3
herbert.hornik@gmail.com,1
dionisie.szilagyi1248@gmail.com,1
BethanyPerkins_5483@protonmail.com,1
Kyle.Mackay@qq.com,5
Tyden_Norris_9410@protonmail.com,1
kiryanov.anatolievich@gmail.com,1
Jared.Lafleur@hotmail.com,1
johana.zapletalova@gmail.com,2
Alexandra_Hunter_2318@ymail.com,2
Winifred_Longoria_9299@live.com,1
StefanieMacdonald507@mail.com,8
Lynn_White@live.com,1
Laura_McKay_4083@rediffmail.com,3
Patricia.Fox@protonmail.com,3
Samot.Hill_915@yahoo.com,1
Paige.Williamson6213@ymail.com,2
ReaganBelville4276@live.com,10
Georgina.Muir_1302@live.com,9
igor.russu@qq.com,2
Reece_Judge@rediffmail.com,1
Sonny.Akhtar@hotmail.com,2
Dana.Paterson_642@live.com,6
OliviaMoss8617@outlook.com,4
denist449@mail.com,4
Cayden.Sinclair8392@ymail.com,1
maruta.russu2143@gmail.com,2
Sarah.Barrett@hotmail.com,1
uladzimira.kryzanouskaja@gmail.com,2
GavinCampbell_3655@live.com,7
paulina.chlebovca@gmail.com,3
LibbyFoster@protonmail.com,3
Phyllis_Cooper4161@icloud.com,9
BillyReid3276@icloud.com,1
arkadij.popov@gmail.com,1
Ellie.Pratt4847@live.com,7
MasonDickson@icloud.com,3
cazzin112@outlook.com,1
marcel.grudzien@gmail.com,5
Robert_Williamson6882@live.com,6
Jensen_Ousley3957@mail.com,1
Kai_Christenson_3119@outlook.com,2
MaddisonBurton7406@ymail.com,3
Amy_Phillips9652@live.com,2
emilian.nechita2873@gmail.com,4
EllaOlson4390@live.com,1
MohammadNicholas_4966@ymail.com,3
Brooke.Dominguez@rediffmail.com,2
cornel.croitor666@gmail.com,2
milena.zhelyaskova@gmail.com,4
and444luc@mail.ru,3
Vicki_Domingo@icloud.com,1
Jay.Wilson@mail.com,4
oleksandra.onyshchenko@gmail.com,5
Paul_Hulett6705@mail.ru,1
kublanova.romanovna@gmail.com,23
Charles_Marshall4563@outlook.com,9
Kiera_Hughes@mail.com,4
andreyushkin.yegorovich@gmail.com,1
Joseph_Stevenson@qq.com,3
daminika.jelizarjeva@gmail.com,1
popmar009@icloud.com,2
Sophie_Hooper@hotmail.com,1
hudson.belanger@gmail.com,5
BrandonWren1206@rediffmail.com,4
doris.lowe@gmail.com,2
miron.costin@gmail.com,6
Sienna.Wright_1949@protonmail.com,2
Kimberly_Gerard3912@icloud.com,6
Christopher_Burns_5207@rediffmail.com,3
AnthonyMiller_7790@outlook.com,1
aude.roman1652@gmail.com,4
AnasHunter4158@hotmail.com,8
Sandy.Townsend_3789@ymail.com,3
iaroslav.toma1204@gmail.com,2
yevdokiya.butenko@gmail.com,4
aube.prakash69@gmail.com,1
