email,number
HarryJenkins@gmail.com,6
Rosalee_Farmer@gmail.com,10
Cooper_Sandstrom_3421@yahoo.com,2
Isaac.Ruch_205@yahoo.com,4
Piper_Whitaker@ymail.com,1
SerenDugan@qq.com,1
Phillip_Battle_844@gmail.com,2
DouglasHuddleston4617@protonmail.com,5
CarolBruce7811@yahoo.com,6
Ellie_Hall@mail.ru,3
stefan.petrov@gmail.com,21
CiaranBell_4697@icloud.com,1
Rebecca_McMillan485@qq.com,1
Rosie.Gray_6235@hotmail.com,1
Hamish_Casey@yahoo.com,2
Shane.Williamson2558@mail.com,2
Sean.Simpson3794@hotmail.com,6
Alina.Lamb9716@protonmail.com,6
Layton.Perkins5330@hotmail.com,8
fedosova.vsevolodovna@gmail.com,3
dragos.barbu5642@gmail.com,2
Kacie_Dickerson_9654@icloud.com,1
yaroslav.balan331@gmail.com,3
Grant.Murphy7385@yahoo.com,3
FelixBurke@protonmail.com,1
mitchell.brock@gmail.com,14
Cassidy.Kendall_7912@outlook.com,1
Bethany.Wright8924@outlook.com,6
kazimiera.lowczynska@gmail.com,7
chupalov.alesnarovich@gmail.com,5
vladimir.ostiniu@gmail.com,9
Mary_Rowley8045@rediffmail.com,1
MathewJordan5972@mail.com,7
Ryan_Wilson_1651@live.com,3
Kian_Wright_2109@outlook.com,2
lukacs.tibor@gmail.com,7
NiroJohnston@outlook.com,2
Michael.Bates9929@live.com,4
GeorginaMunro5928@qq.com,1
Bilal_Henry_2623@live.com,11
adam.mykhajlyuk@gmail.com,4
Maja_Graham_4761@outlook.com,8
Oliwier.Millar_7496@live.com,2
Patrick_Andrews3695@ymail.com,3
leo.lozinski@gmail.com,2
Avah.Owen@protonmail.com,9
JosephNicholls_2156@rediffmail.com,2
Doretha.Jackson1963@icloud.com,1
borislav.nakov@gmail.com,1
Alicja.Hunt225@live.com,8
Cassidy.Sharp_2061@protonmail.com,12
KodiBurns_6532@hotmail.com,5
Ramona.Black9480@live.com,7
shakmakova.anatolievna@gmail.com,1
JasminWhite_6916@qq.com,1
gennadi.munteanu662@rediffmail.com,1
octavian.ojacarcu@gmail.com,1
Lilly.Findlay1560@protonmail.com,1
MargaretBrown2218@live.com,1
Mike_Macdonald_5389@qq.com,1
BruceBaldwin97@live.com,26
mariya.avramenko@gmail.com,2
Kieran.Johns_4280@live.com,3
horia.poenaru@gmail.com,33
Leona.Lamb5865@hotmail.com,2
flori.cristescu@gmail.com,2
herbert.kubik@gmail.com,1
CarmenJuarez@live.com,3
khramov.kirillovich@gmail.com,1
RoxanneBlack4807@yahoo.com,1
Vincent_Leach7950@outlook.com,3
alexandra.ciumak@gmail.com,8
Grace_Maclean@ymail.com,1
drahoslav.ionesco8795@gmail.com,4
RolandoSmith_828@mail.com,1
michael.campbell@3de-illusions.co.uk,1
Aydin_Coakley2983@gmail.com,2
Sofia_Honaker8697@outlook.com,4
surikov.grigorievich@gmail.com,3
ivana.sikorova@gmail.com,1
anna.kohut@gmail.com,2
GregoryZimmerman2440@icloud.com,3
Leon.Kay8019@yahoo.com,1
wandelin.bonczek@gmail.com,51
LukaStonebraker3750@mail.ru,1
Laura.Martinez_6484@mail.ru,5
Amelia_Simpson@rediffmail.com,3
PamalaHill7051@gmail.com,8
Mary_Johnson@live.com,2
Paul_Brown9129@rediffmail.com,1
Alicia_McDonald_492@qq.com,3
zenaida.baciu5243@gmail.com,3
dilara.brinza0123@gmail.com,3
Alexandra.Jordan_5213@icloud.com,1
BrendaJackson@mail.com,2
Jorja_Hill@qq.com,1
Demi.Aitken@rediffmail.com,4
LeonardoJamieson_9909@gmail.com,4
HarveyMacDonald@outlook.com,23
patricie.adamkova@gmail.com,3
Christine.Millar_3462@protonmail.com,1
yah.mun475@gmail.com,1
Qeisan.Kerr_4981@live.com,8
Sandy.Lamoureux_1126@protonmail.com,2
Edna.Fry9647@hotmail.com,3
artur.stere6879@gmail.com,2
Jude.Elliott1991@qq.com,4
Leena_Thiel_173@mail.com,2
ariadna.sclifosovsky@gmail.com,2
Anne.McGregor_4051@live.com,2
Sharon.Preas5453@hotmail.com,2
Grace_Wright_1051@icloud.com,2
ilie30kassa@mail.com,1
Mose.Ritchie_9789@icloud.com,8
Sean_Allan_4060@live.com,6
EdwardMurphy@hotmail.com,2
KatherineFindlay_8377@rediffmail.com,1
sytnikov.mikhailovich@gmail.com,3
ivkina.artemievna@gmail.com,2
3kindia@gmail.com,2
JoshuaMcGregor7898@mail.ru,2
Billy_Cross_153@rediffmail.com,11
Matthew.Milne6765@yahoo.com,1
Thomas.Bauer5373@qq.com,1
elena.florentina896@gmail.com,7
dragos.postica5864@gmail.com,17
Rodney_Gregory5277@rediffmail.com,3
Andrew.Smith522@rediffmail.com,1
MadeleineMillar3957@yahoo.com,3
JuanLamb_7562@mail.ru,5
LenaCooper237@yahoo.com,1
Mary.Simpson2721@outlook.com,6
RoyCarpenter5141@live.com,2
Charles.Robertson@icloud.com,8
beryx.cretu@gmail.com,4
elvira.ursu235@gmail.com,1
marbos159@outlook.com,1
borzilova.vyacheslavovna@gmail.com,6
Bonnie.Wanar5679@mail.com,3
EdwardMoore9704@gmail.com,1
budai.adrienn@gmail.com,6
Olivia.Lovell@yahoo.com,1
Dian_Williams_3090@rediffmail.com,1
NatashaFerguson9322@live.com,2
FinleyConley9285@gmail.com,1
Mark_Speer1452@outlook.com,5
jakab.vilmos@gmail.com,1
trevorpeirce@ymail.com,1
Ruairidh_Willis_6482@yahoo.com,1
anisoara.frunza3142@gmail.com,1
Craig_Rowe7362@qq.com,7
LaurenForbes_9906@hotmail.com,8
nico.lis450@gmail.com,1
Harriet.Williams5387@ymail.com,29
Kenneth.Walker2857@rediffmail.com,3
deak.andrea@gmail.com,3
Maja.Ferguson1049@ymail.com,1
McKenzie_Washington_1296@ymail.com,2
Justin.Zarate_2744@rediffmail.com,9
Heather.Creasman3901@mail.com,1
Oscar_Johnson@yahoo.com,1
luciana.ungureanu221@protonmail.com,2
JacksonFlynn8622@live.com,1
lilian.prodan482@gmail.com,3
Jack_Nidale_7587@outlook.com,3
ScarlettBlakely@live.com,14
Alyx.Macleod_8950@hotmail.com,2
Shawn.Farmer_7340@gmail.com,2
Elsie_Muir3094@protonmail.com,4
scarlett.levesque@gmail.com,5
Max_Dickson_1547@live.com,2
ScarlettFerguson3708@mail.com,7
Tami.Mahmood6744@live.com,3
alex100bot@yahoo.com,3
Sienna.Pratt_2521@outlook.com,1
Lucy_Joseph1996@ymail.com,5
Owen.Ferguson_498@protonmail.com,3
Kaiden_Marshall3599@protonmail.com,1
Patrycja_Savage@yahoo.com,1
Chloe_Jenkins7778@icloud.com,2
aurel.anghelescu6341@gmail.com,1
lomteva.timurovna@gmail.com,8
alyssa.lam@gmail.com,15
KaraAmaya_1966@mail.ru,15
andrus585@qq.com,3
LeonKennedy@icloud.com,5
Jason.Whitehead_2465@yahoo.com,1
fontanini.abran196@yahoo.com,1
Jayden_Atkins_9418@mail.com,5
Kandace_Talbot100@gmail.com,2
Kirstie.Humphreys@ymail.com,4
ireneusz.bazan@gmail.com,1
m145plam@mail.ru,2
Joe.Warner@protonmail.com,2
eduard.yakymchuk@gmail.com,1
ligia.stancu@gmail.com,46
mager.kirillovich@gmail.com,4
Rachel_Miah_8258@rediffmail.com,3
siyan.nikolayevich@gmail.com,3
Rachel.Mahmood_4243@hotmail.com,2
