email,number
ChanelFuller_7956@ymail.com,4
Jonathan.Anderson_1988@hotmail.com,4
Richie.Simpson790@hotmail.com,4
William.Dickson3080@icloud.com,5
Hana_Henderson@hotmail.com,2
TaniaMoore@outlook.com,27
Allan_Hill6312@hotmail.com,1
Fearne.Shaw_1951@protonmail.com,3
ungern.kirillovich@gmail.com,4
Olivia_Jones1093@hotmail.com,4
Rismak_Thomson_9427@rediffmail.com,1
virginia.galca@gmail.com,2
Miles_Mackenzie3429@icloud.com,1
SamuelReid251@outlook.com,16
Courtney.Harris533@hotmail.com,2
Ellie_Hamilton_5856@qq.com,5
varga.adrian@gmail.com,1
zbynek.sedlak@gmail.com,1
Stanley.Friedrich_2950@hotmail.com,4
Jonathan.Holt@mail.com,1
silas.mel55@qq.com,3
fedir.lysak@gmail.com,4
Henry_Gray_7754@live.com,12
HarrietLindsey@mail.ru,1
aaron.pratt@gmail.com,4
ayla.williams@gmail.com,4
Carson.Ellis_5626@icloud.com,1
JaneBell_4590@rediffmail.com,2
Gary_Reid4081@live.com,5
AlishaMackenzie2390@icloud.com,2
Robert.Williamson8012@gmail.com,20
vasile323fil@qq.com,2
RowanRitchie7292@yahoo.com,4
Findlay.Hall_8814@yahoo.com,2
melany.sturza045@gmail.com,1
samir.ivanov@gmail.com,1
ionel.cretu@gmail.com,2
Sophia_Boren_6457@hotmail.com,4
Samantha_Norton_3026@outlook.com,19
Peggy_Hall@ymail.com,29
rostislav.uzun1245@gmail.com,1
Shane_Milne_3618@outlook.com,4
ria887rom@mail.com,3
gabriel.vasicek@gmail.com,3
Craig.Carpenter_1650@mail.ru,2
Mollie_Nolan_3091@gmail.com,2
David.Miller2229@icloud.com,1
kristopher.williams@gmail.com,1
Charlie_McLean_9778@mail.com,1
Joyce_Miller3416@yahoo.com,4
ScarlettMellor_3132@outlook.com,5
Niamh.Ritchie4307@protonmail.com,1
adelina.malai3213@gmail.com,2
silvica.borta1254@gmail.com,1
KateLeach@yahoo.com,1
BerniceThompson_4362@mail.com,2
franny.chevarie1989@yahoo.com,4
Betsey_Tabor_3014@hotmail.com,3
blanter.stanislavovich@gmail.com,26
valentina.cosovei4512@gmail.com,1
Kira.Frazier@protonmail.com,1
cici.grul2225@gmail.com,5
Henry_Leonard6426@icloud.com,1
hugo.aguilar@gmail.com,19
Lola.Wallace_9328@rediffmail.com,2
Jeanne.Samuel8404@ymail.com,10
Nathan.Stanley200@outlook.com,5
Steven.Davidson_9620@live.com,8
Crystal.Perry9195@live.com,6
BrandonBruce5325@protonmail.com,3
NathanielBennett8328@mail.com,3
Cassidy_Branch_7980@outlook.com,1
Ciaran_McKay2027@mail.com,2
Nathaniel.Henderson@live.com,1
Evie_Edwards@ymail.com,5
petr.turecek@gmail.com,1
TammyThomson@protonmail.com,6
Peter_Hunter_7735@outlook.com,1
Francesca_Palmer272@live.com,3
Sarah_Cameron4214@mail.ru,1
Freddie.Hay366@rediffmail.com,4
Evan.Payne4943@gmail.com,2
Elizabeth.Newton_7104@live.com,4
EwanJones_7579@mail.com,1
Luca.Donaldson7405@live.com,3
Luis_Winter_4898@live.com,3
Scarlett_Meidinger9836@icloud.com,8
mila.cote@gmail.com,4
Louie.Garcia7762@live.com,1
Emily_Fitzgerald@gmail.com,3
elizabeth.brown@gmail.com,1
greg66uzun@yahoo.com,4
Leigh_John8110@qq.com,3
paulkin.savelievich@gmail.com,12
ClaudiaWebb8585@ymail.com,6
Myley_Dickson_5736@protonmail.com,12
RoxyGrant_2759@ymail.com,7
Gustavo.Griffin_896@mail.ru,2
Joe_Barnes1779@icloud.com,4
Agatha.Macleod_7688@protonmail.com,1
zaim.petric@gmail.com,1
Bailey.Ritchie9601@mail.com,1
Dennis_Grant_4334@ymail.com,5
viv147chi@hotmail.com,2
korolyov.mikhailovich@gmail.com,1
Maya_Briggs387@ymail.com,7
Corey_Robinson@outlook.com,6
grigore.calinescu@gmail.com,6
LindsayGillis_4972@live.com,4
Andrew.Russo_7424@live.com,17
wadim.tilea@gmail.com,1
Charles_OSullivan@hotmail.com,4
Rhian.Wells@yahoo.com,4
sherstova.tarasovna@gmail.com,7
Tyler.Doyle5674@hotmail.com,2
anabela548@mail.com,1
RosieBlack@protonmail.com,1
Bailey_Morley6117@ymail.com,2
viliam.zima@gmail.com,2
max.bouchard@gmail.com,43
anna.stepanova@gmail.com,2
GaryPaterson@outlook.com,1
Stephanie.Parker@live.com,1
zina.postolachi@icloud.com,3
sandu.rosca905@gmail.com,3
David.Musser_9854@ymail.com,1
LewisWright677@outlook.com,1
lin767mun@yahoo.com,3
LauraMcKenzie_5802@qq.com,4
Nicholas_Mccormick6327@ymail.com,8
AnneFleming@hotmail.com,1
JudeStephens2588@gmail.com,4
pelagia.bielat@gmail.com,32
ruskikh.afanasievna@gmail.com,36
Oliver_Finch30@ymail.com,2
marina.gogean@gmail.com,3
Shawn.Anderson5409@hotmail.com,1
kostyantyn.morozov@gmail.com,4
Lawrence_Watt_1171@yahoo.com,1
Christina.Fraser2975@outlook.com,1
Aisha_Hill3492@outlook.com,9
Steven.Shaw7037@mail.com,5
wilton.patrick12@outlook.com,5
Lachlan.Williamson@live.com,31
nedelcho.rysinov@gmail.com,57
John_Rodriguez_4461@outlook.com,5
James.Davey@rediffmail.com,2
Tamzin.Johnstone_8076@gmail.com,1
rodion.doga5243@gmail.com,1
MargaretShaw@live.com,1
Amy.Sinclair_8109@icloud.com,2
Benny_Harvey8723@rediffmail.com,8
robert.zuba@gmail.com,3
Bethan.Welch_4590@gmail.com,4
Patricia_Lyons8694@live.com,2
JaidenWilliamson_126@icloud.com,3
Eva.Johnstone3988@hotmail.com,5
AbbyConley@icloud.com,3
Esther.Ferguson4739@live.com,3
CaylaBowen5914@hotmail.com,1
Tiana_Reilly_328@rediffmail.com,5
MaryWelch5419@mail.com,1
OliverBruce@live.com,15
FearneRobinson@qq.com,13
Olivia.McGregor@live.com,2
teri.gonzales@gmail.com,4
constantin.uzun632@live.com,1
DemiAitken@protonmail.com,1
Fraser_Bevan5353@protonmail.com,7
Harold_Milam8756@protonmail.com,3
BeckyBoyle_5443@qq.com,1
Susan.Jackson@protonmail.com,3
quintin.becker89@live.com,1
Tia_Watson_8273@yahoo.com,1
yosdog654@mail.ru,1
Mohammad_Perez8411@hotmail.com,1
dorian.platon5968@gmail.com,7
Rosie.Murphy_6904@rediffmail.com,4
CharlesMeeks@mail.com,3
Christopher_Barnes_4615@icloud.com,1
Benjamin.Boyle_2761@yahoo.com,12
AdamPoplin_262@outlook.com,5
Grace_Collier9159@live.com,17
henrich.kovac@gmail.com,8
daria.nica@gmail.com,6
Julia_Williamson_7338@icloud.com,3
stas545@hotmail.com,4
boros.adrian@gmail.com,3
Izaak.Hammond_2063@outlook.com,1
RebeccaChan2279@protonmail.com,3
Edward.Scott4129@outlook.com,2
Molly.Hart_5771@ymail.com,4
rplaton965@live.com,2
Robert.Sinclair@icloud.com,1
KentStewart@mail.ru,1
Demi.Austin9770@qq.com,1
Paige.Trapp_8375@live.com,1
Louise_Kelsey5552@mail.com,1
Zelma.Crawford8587@protonmail.com,1
Hannah.Anderson9259@mail.com,4
