email,number
illya.chumak@gmail.com,5
Cameron.Mitchell@live.com,3
simion.poenaru@gmail.com,24
Micah_Lane1680@hotmail.com,3
RobinScott_3082@ymail.com,1
Evelyn_Milne_0@hotmail.com,4
Duane_Murphy_6977@ymail.com,4
zachary.jones@gmail.com,27
Caoimhe_Scott5505@live.com,1
Joan_Buck_4236@outlook.com,21
James_Tanner_2672@ymail.com,1
Ethan_Thomson2874@rediffmail.com,3
Bradly_Velasquez5191@rediffmail.com,1
Jacqueline.Maldonado_5650@protonmail.com,4
dalimil.lska@gmail.com,48
gabriel.malina@gmail.com,45
Toby.Garcia_5209@mail.com,6
Victoria.Taranto_9364@hotmail.com,3
William_Rogers_4681@outlook.com,5
pree000@gmail.com,1
OrlaithDocherty_7341@ymail.com,1
Lynda.Bruce6878@ymail.com,1
sdoga241@qq.com,6
Tyler.Shorter_3566@live.com,3
DanielPadilla@outlook.com,1
sve98plam@yahoo.com,2
leona.alvarado@gmail.com,5
Sharon_Benefiel@qq.com,1
bors.sirbu@gmail.com,6
randi.gai45@icloud.com,4
David_Fleming6167@rediffmail.com,9
Willow.McCarthy@live.com,2
Hannah_Saunders_1876@gmail.com,13
Faith.Conley_2911@icloud.com,3
Iris_Logue@live.com,3
Perry_Levine_1058@protonmail.com,1
Willow_Temple_457@hotmail.com,1
DanielGordon6187@live.com,2
kvetoslav.horvath@gmail.com,1
orban.rudolf@gmail.com,4
Brennan_Mahmood5769@live.com,1
Ruairidh.Wilson3832@protonmail.com,1
sasha.cojocari@gmail.com,2
Tommy_Boddy_1733@mail.ru,1
brandi.price@gmail.com,22
LiamColeman@icloud.com,4
Gabriel.Campbell_8390@live.com,13
EricHughes3980@protonmail.com,3
galeflor@rediffmail.com,1
Earl.Oneal_332@hotmail.com,4
yaroslav.doga682@icloud.com,3
yurij.ishchenko@gmail.com,3
Kaiden_Crawford5809@mail.com,3
Sophie_Bruce_1543@hotmail.com,2
shirmanova.yevgenievna@gmail.com,12
ShannonLeyba@ymail.com,2
Miles_Frates621@live.com,1
Patricia.Craig_9304@live.com,4
JenniferMcKay_6370@live.com,1
Kimberly.Campbell_2064@live.com,2
RhodaBruce7389@live.com,2
Reece.Chavez_3260@live.com,3
colecak159@gmail.com,1
Zahra.Lee_6485@protonmail.com,8
Georgina.Pearson8454@hotmail.com,5
Tiegan_Glass@qq.com,1
dominik.toma1322@gmail.com,1
Calvin.Morrison_3725@live.com,5
crina.baciu8521@gmail.com,4
Mark_Martinelli_8640@qq.com,19
Lily_Black4724@rediffmail.com,1
Evie.Cameron@yahoo.com,5
Lucas.Alexander_1779@outlook.com,1
vincent.medvedik@gmail.com,1
eric.chicu7721@gmail.com,2
Niamh_Wright8021@qq.com,1
elam.orlan21@gmail.com,1
onesimus.pascal4741@gmail.com,3
Denise_Bevan@protonmail.com,4
Lurd.Archer@mail.com,3
liliya.chornyj@gmail.com,4
Louis_Johnston@outlook.com,1
Molly.Shaw8071@mail.com,5
Louis.Miller1307@rediffmail.com,2
MelissaStorey_8479@yahoo.com,4
geza125miro@mail.ru,1
Charles.Bolton@hotmail.com,5
arina.spinu6@gmail.com,1
evgeni.mladenov@gmail.com,1
Michael_Brown_1265@live.com,35
Georgina_Logan9811@ymail.com,2
Declan_Knowles_3074@outlook.com,2
Megan.McKenzie2602@icloud.com,3
Geoffrey.Warren790@mail.com,3
Ethan.Bell3048@hotmail.com,4
Roy_Muir_5034@icloud.com,3
DiannWalsh1735@qq.com,1
Brooke_Munro1870@outlook.com,3
wanda.mitchell@gmail.com,4
ewelina.bies@gmail.com,2
Katelyn.Docherty1288@protonmail.com,5
MicahZessfar@live.com,1
TeganBryant_8222@ymail.com,1
Glen.Walker_4837@outlook.com,3
JaydenWinter@qq.com,3
Ronald.Hay_7254@ymail.com,3
Macon.Slater_4956@live.com,7
Michele.Stevenson7313@mail.ru,1
grishin.larionovich@gmail.com,2
Joseph_Clark6527@outlook.com,5
Bob.Reilly7038@live.com,1
eniko.stratan4353@gmail.com,5
SebastianPaiva4319@live.com,2
LamontMiller_2846@live.com,1
Kiera.Clements@live.com,3
ross.tran@gmail.com,2
yaroslav.tataru47815@gmail.com,2
LucasFoster9558@gmail.com,5
Simon_Mckinzie4978@mail.ru,4
Ruari.Bailey@hotmail.com,3
GoldiePaterson_8908@ymail.com,2
elivor565@protonmail.com,2
Mary_Haynes@ymail.com,1
Lilly_Maclean_6425@outlook.com,3
Mateusz_Millar7744@live.com,5
SamuelRoss8783@icloud.com,2
aud532biv@hotmail.com,2
MarySmart2522@live.com,1
vladyslava.kramarenko@gmail.com,14
liliana.kocianova@gmail.com,3
vladislav.cojocaru@gmail.com,29
Ayla_Taylor1032@mail.ru,2
Ismael.Brody_1389@rediffmail.com,1
brett.bell@gmail.com,4
RebekahMacleod_3606@live.com,5
robert.torje@gmail.com,4
eduard.chicu417@live.com,4
Oskar_Hughes_2974@yahoo.com,6
Mohammed_Domingo_9322@ymail.com,1
Abigail_Hobbs_8535@ymail.com,33
Orlagh.Wright7997@ymail.com,1
heorhij.yaroshenko@gmail.com,1
grace.simard@gmail.com,6
Reva.Metcalfe@mail.com,5
IndiaCameron3463@hotmail.com,3
mamykina.valerianovna@gmail.com,1
Maisy.Fleming_4093@outlook.com,13
yakiv.korzh@gmail.com,3
zdenka.hruskova@gmail.com,1
Jodie.Ross7281@live.com,1
bahuslau.savzin@gmail.com,1
Ocarin_Walker_2314@outlook.com,1
darian.croitor8751@gmail.com,3
Katherine_Colon@qq.com,1
AliceStafford118@icloud.com,2
OliwiaMorrison37@live.com,2
MikolajBillings_3559@yahoo.com,4
cristofor.pirvu@gmail.com,4
Jerry_Kerr@ymail.com,5
Caitlin_Ferguson_3731@hotmail.com,3
claire.leblanc@gmail.com,2
wash.staford87@qq.com,5
Kiera.Naylor57@protonmail.com,3
aris.josan@icloud.com,2
HunterWhite@rediffmail.com,1
Gerard.Thompson1821@yahoo.com,5
AlexChamberlain_3117@rediffmail.com,3
lionelo.liebrechet78@qq.com,6
Lauryn.Scott_7711@rediffmail.com,1
Jamie.Aitken_6310@mail.com,9
Lleyton.Duffy_5285@rediffmail.com,2
Cayden.Ackermann@hotmail.com,5
Virginia_Sutherland_3665@yahoo.com,3
Georgina_Quarles_7456@live.com,1
Jessica_Christie_5212@yahoo.com,2
Sol_White107@rediffmail.com,3
William.Jones_1941@icloud.com,6
Jade_Jones_7143@ymail.com,1
chuzhinova.yegorovna@gmail.com,10
DebbieWilliamson@live.com,3
Kerry_Hayes9154@live.com,6
Dylan_Ali9847@icloud.com,4
BrandonWall6537@hotmail.com,1
valentyna.ivanyuk@gmail.com,3
Israel.McKay_1395@live.com,6
James.Reid9955@yahoo.com,1
Declan_Miller4254@rediffmail.com,1
Opal.Bibi6915@live.com,2
garri.sturza018@gmail.com,3
gavril.varbanov@gmail.com,6
ShannonHay@ymail.com,3
Armando_McMillan_2872@mail.ru,2
Michael_Donaldson@live.com,3
Maci_Reilly2273@icloud.com,4
zhanna.khomenko@gmail.com,5
Rufus.Billings1166@live.com,9
Maya_Watson@live.com,7
doru.filotti8213@gmail.com,3
Scott.Rutledge4334@live.com,4
ros412dol@ymail.com,4
