email,number
James_Williamson2224@mail.com,1
LulaPaterson@protonmail.com,2
creatifmentor@gmail.com,2
Dorothy.Leach_4221@gmail.com,4
KalebSchofield_913@live.com,2
avery.roy@gmail.com,4
Rachel.Vallejos_9679@ymail.com,2
MarthaHopkins@rediffmail.com,1
Peggy_Clark_1205@hotmail.com,3
Daniel_Wood_3359@rediffmail.com,1
Jude_Carroll@gmail.com,2
DavidSchofield9757@gmail.com,1
Helen.Scott9402@live.com,2
PaulGibson_4520@mail.com,2
Olivia_Butler_5193@live.com,1
joshua.leblanc@gmail.com,39
sizova.kirillovna@gmail.com,3
Carson_Dyer_6687@rediffmail.com,1
John_Hay_3978@gmail.com,1
Kristin_Webster7994@ymail.com,4
James_Watt_7563@live.com,3
KellySinclair8438@protonmail.com,3
Sinead_Hughes@mail.ru,12
Rick.Fowler_1776@hotmail.com,4
KeiraMillar_7691@outlook.com,2
Erin.Steverson_8077@ymail.com,7
laris96pope@mail.ru,2
Benjamin.Hamilton_358@live.com,4
GaryClark_1569@yahoo.com,2
Oliwia_Aitken1759@yahoo.com,2
Katherine.Kelly@rediffmail.com,3
TiaWinter@live.com,2
Kate.Thomson@rediffmail.com,2
Connor.Moran7354@qq.com,2
Lauchlan_Higgins9145@icloud.com,3
LindaMartinez_4765@qq.com,3
EveliaRiley3739@protonmail.com,2
Jack_OSullivan_9303@ymail.com,2
eleonora.mardari5986@gmail.com,2
Joey_Newton8625@outlook.com,10
Reuben_Bostick@hotmail.com,1
Fearne_Chadwick_5231@icloud.com,7
Joel.Pearce4801@protonmail.com,2
Ellie_Chapman_2403@protonmail.com,3
Layton.Cross9958@mail.com,4
Sharon.Murray_38@rediffmail.com,3
RonnieScott@hotmail.com,2
stapas699@icloud.com,3
Michelle.Craig47@live.com,6
Andrew.Donley9517@live.com,15
Libby_Potts8444@icloud.com,6
teadora.groza@gmail.com,18
Hallie_McKay@outlook.com,2
Oskar.Miller@protonmail.com,2
Katherine.Mcdonald_8907@rediffmail.com,6
kateryna.sereda@gmail.com,9
Elliot.Clark_2546@outlook.com,1
ubeysobakina.mikhailovna@gmail.com,6
AnitaMurphy4948@live.com,15
AmelieMcGregor972@qq.com,1
Julia_Wells_2594@yahoo.com,3
Ruben_Contreras_457@live.com,6
cici.marinescu8765@gmail.com,1
Brain.Goddard6362@icloud.com,2
butylin.stepanovich@gmail.com,15
Shaun_Robertson7419@yahoo.com,6
lera89posto@icloud.com,5
Chanel.Lavery_4819@rediffmail.com,2
PamelaPowell@mail.ru,11
Howard.Graham_6290@ymail.com,2
Jade_Mckinney_3337@live.com,5
Kacie_Williamson6261@outlook.com,6
Ellen.Garner@mail.ru,5