email,number
Patricia_Berry@hotmail.com,3
ChristopherCraig@rediffmail.com,8
svetlana.hausildova@gmail.com,4
KirstinMartin2660@live.com,2
Esther_Casarez@ymail.com,1
Katherine_Rowley@rediffmail.com,2
samir.postica4656@gmail.com,2
Scoth.Findlay197@rediffmail.com,7
Jennie_Calderon_2490@ymail.com,3
Artur_Marshall@rediffmail.com,10
tyrone.moreno@gmail.com,5
Toby.Moore6662@rediffmail.com,10
bretislav.turek@gmail.com,1
jace.lee@gmail.com,28
BethanyFindlay_9905@icloud.com,3
Hollis_McKay@hotmail.com,12
Steven.Fleming@ymail.com,1
patrycja.dulska@gmail.com,59
Karl.Miller527@icloud.com,1
AmeliaWatt4305@ymail.com,4
LibbyClark_437@rediffmail.com,1
Nicholas_Caldwell_9661@outlook.com,4
Jane_Stroud_4699@mail.com,2
Laurie.King_9381@yahoo.com,1
KathrynCox6444@mail.ru,5
John_Wallace2025@live.com,7
John.Morrison@live.com,2
Jason.Black2708@live.com,11
Hollie_Moore4537@ymail.com,2
Cooper_Morrison_4859@rediffmail.com,8
Erin_Shaw1863@mail.com,4
Arnette_McDonald_4603@yahoo.com,2
gaspar.izabella@gmail.com,3
Ethan_Hardy_6526@protonmail.com,2
Clarence.Clayton1044@qq.com,1
emilia.musteata9875@gmail.com,3
alla.stepanenko@gmail.com,5
Zak.Moore8864@hotmail.com,8
Reva_McKenzie_5329@qq.com,5
Mohamed_Morgan_7749@yahoo.com,3
Harold_King@outlook.com,3
remus.goga@gmail.com,7
Shona.Watson2769@mail.com,2
lilscl166@qq.com,6
donica.donici4050@gmail.com,3
JohnBarker@qq.com,4
Sam.McDonald_3245@yahoo.com,2
JordanBoone_8501@rediffmail.com,2
safina.tarlev4536@gmail.com,6
Michael.Gibson@outlook.com,1
Michael_Atkins@hotmail.com,3
Fletcher.Puckett@yahoo.com,2
Daniel_Hay@hotmail.com,1
ruspostica420@live.com,2
Martha.Crawford_2546@protonmail.com,6
Jayden_Bell@ymail.com,1
ion.lu664@hotmail.com,1
vla289bor@yahoo.com,1
donica.diacov0125@gmail.com,2
ibrahim880@outlook.com,1
Finley_Akhtar2669@mail.com,2
Ben_Barnes_5187@hotmail.com,2
rayele504@rediffmail.com,5
igor.popov0120@gmail.com,3
AndiGodwin2253@live.com,2
maximilian.sturza0121@gmail.com,6
BenMeredith8527@mail.ru,1
Olga_Ramon176@outlook.com,5
EvieYoung_5629@protonmail.com,2
Ben_Kennedy9976@icloud.com,13
Abby_Walton943@hotmail.com,5
Jamie.Williamson_6072@mail.com,2
Malcolm_Gough_5916@live.com,2
Zofia_Bell_6259@gmail.com,1
Chelsea_Dobson_4266@icloud.com,2
Richard_Jackson8976@icloud.com,4
Aston.Poteat9422@yahoo.com,3
Lisa_Kennedy@rediffmail.com,4
BaillieSimpson@live.com,2
Niamh.Cameron_7761@protonmail.com,2
serafim.andreescu@gmail.com,2
elisaveta.frunza@gmail.com,4
JanetHowarth8397@rediffmail.com,4
Benjamin_Campbell@ymail.com,5
patrik.opustil@gmail.com,72
Sammie_Northrup5580@live.com,1
Isla_Boyle8672@yahoo.com,1
Lauchlan_Perry3825@protonmail.com,2
karavayeva.yegorovna@gmail.com,6
MylieOSullivan_2646@gmail.com,3
Ellie.Phelan@protonmail.com,1
dvacarci666@mail.com,4
FrazerStevenson3821@gmail.com,5
Jeffrey.Harris1263@protonmail.com,7
lakatos.ramona@gmail.com,1
Madison_Mackay_2639@hotmail.com,1
Lola.Martin_3417@gmail.com,6
ZoeYoung_5165@mail.ru,2
Evan.Hernandez_2999@qq.com,2
Dylan_Islam@mail.com,6
MohammedTodd_3361@outlook.com,8
Colleen.Buckley@hotmail.com,2
Teagan.White_4991@ymail.com,5
Naphates_Johnstone2119@outlook.com	,2
Aron_Wessel@yahoo.com,4
Richard.Aitken_3246@hotmail.com,2
Gail_Wallace5960@outlook.com,8
stelian.istrati@gmail.com,2
korneli.iwanski@gmail.com,3
Joel.Kerr_2117@protonmail.com,1
Carol.Cameron4219@protonmail.com,3
rosemary.rogers@gmail.com,4
Tamzin_Gray@yahoo.com,4
vova.chi22@qq.com,4
Curtis_Wilson_6397@protonmail.com,3
Willow.Buffington@icloud.com,2
Jeromy_Evans8126@icloud.com,1
Peggy.Nelson_7687@live.com,4
Lauryn.MacDonald@mail.ru,1
Calleigh_Foster_4359@mail.ru,5
Brian_Lane_4437@outlook.com,14
Freya_Coble_4863@outlook.com,4
AlexandraPaiva_9531@gmail.com,1
Andrew_Douglas7188@rediffmail.com,2
vasilios55chicu@icloud.com,4
Francisco_Douglas@ymail.com,3
Marshall_Craig8185@mail.com,5
AnthonyFry@gmail.com,3
daryl.baldwin@gmail.com,34
greg.reyes@gmail.com,26
Ellis.Young_5605@hotmail.com,6
HarveyNydale_8642@yahoo.com,5
Carl.Pugh_6677@protonmail.com,6
PedroBond_7051@icloud.com,3
Patricia_Kelly_5892@live.com,2
Aaliyah.Christie7543@outlook.com,1
Darrell.Lyles9363@protonmail.com,2
Rowan_Archer@icloud.com,1
aida.musteata@outlook.com,1
Adam.Black_715@rediffmail.com,1
BoydBelcher@ymail.com,2
Jak_Grant2999@ymail.com,1
Travis_Paterson8595@mail.com,9
TonyMaus_3911@mail.com,23
stanislava.marchuk@gmail.com,1
ReeceDuncan3841@outlook.com,4
Traci_Fox320@qq.com,1
agata.skiwska@gmail.com,4
Jodie.Watson1888@ymail.com,4
judyta.matczak@gmail.com,48
ilena.olinescu@gmail.com,5
Voltain.Black7416@mail.com,5
Dana.Alexander@yahoo.com,1
cons.florea@yahoo.com,1
Jonathan_Ingram_4542@protonmail.com,2
Natasha.Frost_379@live.com,6
Jake.Stamps_1082@qq.com,1
alis.bothezat@gmail.com,1
MattGregg_6796@live.com,18
lorene.carson@gmail.com,27
Fearne_Poole8581@live.com,2
ArchieReilly_7406@ymail.com,5
armaan.campbell@gmail.com,5
Deloris.MacDonald7472@yahoo.com,2
zoya.kyrylyuk@gmail.com,29
Louisa_Waters_1906@mail.ru,1
lyuben.velikov@gmail.com,4
JudiMartin_8460@mail.com,21
lar225stu@live.com,4
Aaliyah.Sampson_7647@ymail.com,7
Dylan_Mahmood_2542@protonmail.com,1
Vonnie.Harding_5037@mail.com,1
Ryan_Robinson4926@qq.com,1
brenda.lopez@gmail.com,4
Charlie.Doherty8033@rediffmail.com,4
Lola_Taylor_4508@hotmail.com,5
Hollis.Coles_6728@protonmail.com,1
Harry_Santistevan7509@ymail.com,1
Nathan_Maclean_5884@qq.com,23
Aaron_Massey5384@live.com,6
EllieCoder@qq.com,4
May.Allan7607@hotmail.com,6
Sarah_Jones1984@live.com,3
nikolai.balkanski@gmail.com,1
Margarita.Johnson_94@protonmail.com,1
z.barbu@mail.com,3
Lloyd.Turner_839@gmail.com,3
Sinead.Figueroa_2311@yahoo.com,2
sherry.estrada@gmail.com,1
Joe_Morton9500@ymail.com,1
emi10baciu@hotmail.com,2
LoganHamilton9636@hotmail.com,3
AayanPaterson7451@mail.com,1
christine.garrett@gmail.com,2
Lester_Hill5372@ymail.com,2
eric.buga5897@gmail.com,1
iosif.milosovici@gmail.com,11
David.Saylor_2626@rediffmail.com,14
Kathryn.Reid@ymail.com,2
Pat.Gray4859@protonmail.com,1
