email,number
Finlay_Campbell_4945@ymail.com,26
OliviaEasterling_1057@ymail.com,2
Cairn.Cameron@gmail.com,2
Abigail_Wilson_7308@hotmail.com,4
Mark.Knowles_3437@live.com,1
Leona_Gilbert_5600@ymail.com,17
Brooke_Cole_376@qq.com,2
Stephen.Smith_3262@live.com,3
CynthiaSmith@live.com,3
Daniel_Allan@yahoo.com,9
ana852mal@gmail.com,1
bellis.angelico14@rediffmail.com,1
havel.vlcek@gmail.com,2
Riley.Brown3530@ymail.com,3
Hollie_Wilson@live.com,2
ElizabethShackleford@protonmail.com,1
Bessie.Ritchie7422@yahoo.com,4
KellyTyler3851@live.com,24
Conner_Allison_4417@ymail.com,12
izyumov.afanasievich@gmail.com,2
abigail.campbell@gmail.com,57
Daniel.Mackie_8360@outlook.com,12
Holly.Bird5537@live.com,1
Ronald_Wood_3857@qq.com,3
Perry_Johnstone@protonmail.com,3
ira.bivol456@gmail.com,2
CianHammond5755@rediffmail.com,5
stan.tata111@qq.com,1
Regan.Horton2179@live.com,4
Henry_Holland_3073@ymail.com,1
AmyLamb_8389@protonmail.com,7
Jack_Hamilton_1791@ymail.com,5
dorin.morosanu@gmail.com,4
AlexandraBlack_8880@protonmail.com,3
Jong.Parkinson_3783@protonmail.com,1
Clara_Munro_2652@hotmail.com,7
Rio.Ferguson1749@outlook.com,1
tp.tapash7@gmail.com,6
Emaan_Rice@icloud.com,21
Oliwier_Hunter@yahoo.com,1
Phoebe.Harding@hotmail.com,4
IndiaWoods7939@outlook.com,6
Myles.Gibson@live.com,3
Suzanne.Mitchell9876@protonmail.com,5
kende.krisztian@gmail.com,3
luminita.cojocari1245@gmail.com,3
sebastian.osuch@gmail.com,22
Hasan.Johnston@ymail.com,1
Bethany.Clark_3656@gmail.com,3
mukhanov.filippovich@gmail.com,7
ivan.mitu@gmail.com,2
Mohammad_Ritchie7373@protonmail.com,13
EmmaGregory_4114@icloud.com,1
Erin_Docherty_3259@protonmail.com,2
veronica.postica1244@gmail.com,5
Minnie_Gould7804@mail.com,2
FrazerParsons7920@outlook.com,3
gavin.wilson@gmail.com,9
LaurenConnor_5947@qq.com,2
Lea.Wilson@live.com,5
bogumil.bos@gmail.com,2
Isabella_Dyer_8320@ymail.com,2
Jay_Harvey@live.com,5
Charlie_Anderson_9894@outlook.com,5
George.Carr9207@gmail.com,6
JudeLee@ymail.com,29
nicjholas.diener7896@live.com,9
walerian.mackowski@gmail.com,1
Betsey_Hughes_4777@ymail.com,5
RobbieMiles@rediffmail.com,20
Malachy.Page@hotmail.com,6
Jackie.Wallick@qq.com,3
yeshevskaya.sergeyevna@gmail.com,2
cragicapp@gmail.com,4
gm410@protonmail.com,2
LindaKirk@ymail.com,2
Demi.Herbert_3878@ymail.com,7
Declan.Hill@mail.ru,2
Mildred.Buettner8810@hotmail.com,7
Fred_White6632@outlook.com,7
abel.proca@gmail.com,4
Reece.Kennedy_8771@hotmail.com,1
Aaron.Hunter_9358@live.com,1
Layla.Thomas9058@yahoo.com,2
Lola_Bradley5808@protonmail.com,6
KieraMurphy_2178@ymail.com,5
Johna_Wright6103@live.com,3
ludomil.kosik@gmail.com,42
boris.novak@gmail.com,2
simon.ingram@gmail.com,20
Kieran_Horn_1028@mail.com,2
Rebecca_Wilson_4507@qq.com,1
CatherineWallis5246@mail.com,6
lei112rus@icloud.com,2
kosma.nikitovna@gmail.com,4
Rose.McKay_5466@ymail.com,3
abigail.clark@gmail.com,4
Gracie.Moore_2605@hotmail.com,7
ClydeVereen3101@gmail.com,1
myroslava.kovalenko@gmail.com,1
myron.pavlyuk@gmail.com,4
Robert.McDonald@qq.com,1
Harrison.Wilson_2848@gmail.com,1
NatalieCraig@icloud.com,3
Yasmin_Jordan362@mail.com,6
Carlton.Pickering@rediffmail.com,1
ElaineBauer4685@hotmail.com,3
Eleanor.Paterson@yahoo.com,2
Charlie.Miller_6157@live.com,3
miroslav.hristov@gmail.com,34
LisaCrume_8144@icloud.com,6
ilie.croitor@live.com,5
elisaveta.miron0010@gmail.com,4
Hassan_Wing_4809@ymail.com,4
David_Jamieson@protonmail.com,2
Bella.Boyce_4621@ymail.com,3
dorope731@qq.com,2
oskar.pesek@gmail.com,28
Alex_Hill_9262@outlook.com,8
AlfredParry@qq.com,6
mihail.russu2410@gmail.com,1
yermushin.innokentievich@gmail.com,19
vova.istrati4645@gmail.com,3
Brooke_Robson1190@hotmail.com,2
vali.stefoniou1985@gmail.com,6
sim.charlie87@qq.com,1
Campbell_Stevenson1523@mail.com,3
Tegan_Bishop@icloud.com,5
yaroslav.ceban@gmail.com,2
PatriciaMuir_4148@mail.com,1
Orla.Jamieson_5563@yahoo.com,1
Gabriel.Wolfe@mail.com,6
EvanMaclean@ymail.com,1
Raymond.Wright@hotmail.com,4
Aidan_Hendley7256@gmail.com,2
Mark.Rogers_8933@outlook.com,5
Annie_George_313@live.com,1
colton.tremblay@gmail.com,3
Owen_Carson_2302@hotmail.com,3
BradleyTrogdon_6972@rediffmail.com,3
ognian.nakov@gmail.com,41
Bailey.Townsend_8499@live.com,2
tsvetana.tsvetkova@gmail.com,2
Russell_Froelich9635@rediffmail.com,1
Owen_Davidson_1942@ymail.com,8
Elliot_Mitchell_3257@rediffmail.com,2
Noah.White4637@icloud.com,15
Laura.Dickerson_152@protonmail.com,2
daren.kishi19@gmail.com,3
Johna_Barlow9112@mail.com,4
WilliamHussain4142@yahoo.com,1
milen.ilev@gmail.com,53
Max.Dorris@gmail.com,2
James.Baldwin_3396@ymail.com,8
AustinThornton_6117@ymail.com,3
kineticfaction@outlook.com,63
roksana.wieczorek@gmail.com,2
Maya.Bahena_5176@icloud.com,2
olga.sulimirska@gmail.com,51
GeorgiaGrant_8815@mail.com,3
Christopher.Bishop@live.com,9
Billy_Miller@rediffmail.com,16
Isabella_Nidale@outlook.com,2
Daisy_Shaver@gmail.com,2
maximilian.botnari@gmail.com,35
ColinCampbell5532@yahoo.com,2
JamiePaterson@protonmail.com,3
Harry.Chan_6985@yahoo.com,3
rayion764@outlook.com,4
BlakeWillie_84@yahoo.com,3
natalia.negrescu8745@gmail.com,4
efim.cernei865@gmail.com,2
anzhela.kolomiyets@gmail.com,3
Andrew_Schulte_9672@live.com,1
cornel.stoenescu@gmail.com,1
Amelia.Hawkins_3534@protonmail.com,2
famusov.svyatoslavovich@gmail.com,3
Archibald_Baldwin_7097@rediffmail.com,2
orest.sushko@gmail.com,1
Jay_Long_5757@icloud.com,4
Ernie.Gray6267@qq.com,1
Edgardo_Marshall9804@icloud.com,6
Danielle.Campbell@protonmail.com,3
Maddison_Gregory_8401@protonmail.com,2
Gavin.Wright8109@mail.ru,1
GeorgiaFry3353@yahoo.com,1
Max_Grant_1992@mail.com,11
ivantie.florea@gmail.com,2
michas.lojka@gmail.com,19
ZainabCrawford@live.com,3
IsabellaHarrison_6396@hotmail.com,2
elard.barbu@gmail.com,4
Marcus.Domingo3295@mail.ru,3
dorian.barbu9786@gmail.com,4
Kieran.Blackburn@live.com,1
bancu.chicu5588@gmail.com,2
Fredrick_Sinclair6956@mail.com,7
Jamie.Gibson@live.com,6
Aleisha_Armstrong_1436@outlook.com,9
daniel.baciu@gmail.com,3
