email,number
blanka.jillemnickova@gmail.com,4
illes.alex@gmail.com,2
AllanGarza5555@mail.com,5
sofiya.petryk@gmail.com,3
LeahLeonardo_8389@outlook.com,16
Caragh_Clements3296@yahoo.com,2
corina.josan@protonmail.com,2
Kelsey.Thomas_5676@icloud.com,1
popedo777@rediffmail.com,2
Lily.Mitchell_4928@hotmail.com,1
Lawrence_Robertson3834@ymail.com,8
rom885top@qq.com,4
Blaine.Allen_6281@ymail.com,1
Louis_Sinclair1629@live.com,1
Rebekah_Dickson_2690@gmail.com,1
Alistair.Cunningham@ymail.com,2
Destiny.Mota@qq.com,2
MohammedDickson1469@icloud.com,3
Jared.Foxwell2691@protonmail.com,2
Lewis.Ray_8576@ymail.com,4
egor.mocanu@gmail.com,3
ArmaanBroyles_607@ymail.com,4
Lauren.Colon@protonmail.com,3
Cruz_Moore_368@mail.com,1
nelly.filat@ymail.com,3
jonathan.gagnon@gmail.com,21
katayeva.yurievna@gmail.com,5
BlairMarshall@ymail.com,3
saunder.ku78@gmail.com,2
JudiCashin_5535@live.com,2
Leyton.Young9163@live.com,3
AngelBradshaw6877@live.com,2
Jessica_Chupp_7828@icloud.com,3
Jamie.ODonnell_5099@rediffmail.com,5
Reece_Parrott_8809@rediffmail.com,3
Michael.Dean6358@protonmail.com,2
savenkov.igorevich@gmail.com,3
ElliotPope@outlook.com,1
Steven_Hartley_8278@yahoo.com,1
TylerTaub3249@ymail.com,1
Marsha.Marshall5068@ymail.com,2
emy.lisnic@yahoo.com,2
Lucas_Tyner_5283@protonmail.com,9
Esther.White_3013@gmail.com,3
Katie.Muir9690@yahoo.com,3
Theo_Dendy_1994@gmail.com,5
margie.wells@gmail.com,2
fd258@ymail.com,1
ChristinaGill@protonmail.com,4
Sidney.Mueller8585@outlook.com,6
Eva_Martin_6808@outlook.com,2
Joseph_Brady9368@icloud.com,3
KarlyVictor5270@rediffmail.com,2
RoxanneHolden@mail.ru,1
Lewis_Turner_9867@ymail.com,4
Hannah.Turner_8706@hotmail.com,3
RubenCollins9366@mail.com,1
Erin_Rodriguez_5553@outlook.com,3
WilliamFleming3867@icloud.com,3
Catriona.McIntyre_2478@mail.com,5
Brooke.Welch4124@icloud.com,1
Angel.Law_8726@hotmail.com,1
David.Friedlander_4501@protonmail.com,6
John.Campbell9805@ymail.com,5
jared.phillips@gmail.com,4
Jack_Clark7698@mail.com,4
ivantie.ojacarcu@gmail.com,13
Rocky.Hill2912@ymail.com,9
BrennanBruce8508@mail.ru,5
TiaLuc9215@gmail.com,2
Arnold_Duncan9459@qq.com,1
Andrew_Kelly@live.com,2
Declan.Freeman_4701@live.com,4
pat897bor@rediffmail.com,7
Jasmine.Gough@mail.ru,1
dragomir.radulov@gmail.com,58
AnthonyChilton_5320@rediffmail.com,5
trokhym.usenko@gmail.com,2
Ashley.Stmartin2337@ymail.com,5
shchedrin.savelievich@gmail.com,11
julio.guzman@gmail.com,2
JamieLee@live.com,1
Liam_Singh_2812@ymail.com,1
nicolas.higgins@gmail.com,39
Bradley_Gomes8316@icloud.com,2
Betty.Leonardo_4208@ymail.com,7
ivona.marinescu@gmail.com,2
LauchlanOConnor_5786@ymail.com,1
Jay_Maclean_7278@outlook.com,4
Jak.Craig@mail.com,7
Jay.Wood_6442@qq.com,2
Oliver.Weiss4661@ymail.com,2
Olivia.Kerr4776@ymail.com,2
Isaac.Blakely_9567@live.com,2
dragomir.georgesco@gmail.com,9
KellyCarroll_2307@rediffmail.com,2
JosephLeonard_691@outlook.com,1
Taylor.Thompson_1439@protonmail.com,1
Jodie.Gardner_4123@live.com,1
balint.maria@gmail.com,1
lura200jurv@rediffmail.com,1
Joey.Stevenson_7427@qq.com,1
Maci.Lewis9688@mail.com,1
KieranChan8167@qq.com,2
Austin_Nelson6572@live.com,13
drahoslav.holub@gmail.com,14
Kaitlyn_Alexander_484@mail.com,2
lyubomyr.shvets@gmail.com,6
Izaak_Walker_2747@qq.com,2
nardus.cojocaru7741@gmail.com,3
GracieJohnson6142@protonmail.com,8
nina.chlebovcova@gmail.com,5
Dorothy_Winter@ymail.com,2
Peyton.Duncan106@live.com,4
FeliciaAitken_7023@gmail.com,1
Karys.Davey_6036@live.com,1
law.jos@live.com,4
Khadija.Clark@ymail.com,5
MileyKnowles_8699@ymail.com,2
briibr554@mail.com,1
Charis_Mitchell4464@hotmail.com,7
Arianna.Walker3611@yahoo.com,25
BarbaraCunningham432@gmail.com,2
Olivia_Richards2227@live.com,5
drag.rail540@yahoo.com,1
Darragh_Hargreaves1276@ymail.com,2
BarbaraLittle4944@rediffmail.com,1
sarah.roy@gmail.com,1
ioana.tudor@gmail.com,5
Robert_Hubbard_4026@icloud.com,2
Mirin_Fitzgerald_2542@yahoo.com,1
Rosie.Richardson6390@outlook.com,2
victoria.diaconu5419@gmail.com,2
pudina.yegorovna@gmail.com,2
Kiara.Watt5477@outlook.com,9
Cillian_Carroll_8455@yahoo.com,6
Gaylene.Jamieson5745@hotmail.com,4
ed.roberson@gmail.com,4
KeithJames_3231@live.com,8
Keira_Bogard_7865@yahoo.com,2
Mose_Solano3525@mail.com,3
John.Morrison@qq.com,2
Caitlin_Hopkins@live.com,6
Norman.Carr_1808@ymail.com,3
Lauryn_Murphy_2552@mail.ru,3
Robert.McIntyre_5544@qq.com,4
Kayden_Wilkins_3772@icloud.com,1
MelissaJohnstone5416@live.com,9
Mohammad_Boyle1787@protonmail.com,2
andr558mard@icloud.com,2
Casey.Gordon_1386@gmail.com,3
Iona_Daly@hotmail.com,3
Helen.Macleod_9846@live.com,1
TarshaMcLean_5273@protonmail.com,7
Dominic.Lee3932@hotmail.com,1
Caitlin_Wilkins@yahoo.com,2
Troy.Smith@icloud.com,5
justin.ursu5142@gmail.com,3
hela.kupava@gmail.com,3
JohnRobertson_9093@hotmail.com,11
dzesika.pachucka@gmail.com,2
tammy.klein@gmail.com,1
sandu.stanasila@gmail.com,3
Carol.Jamieson_3552@hotmail.com,1
Jennifer_Hammock9529@qq.com,5
JamieDonaldson_2998@qq.com,6
Henry.Perry_7252@gmail.com,1
lacramioara.stefanescu@gmail.com,2
haze.beaulieu37@live.com,1
Patrick_Moore_6211@mail.ru,1
Sarah_Jones_1607@gmail.com,1
beata.bottocova@gmail.com,12
Clare.Jackson6106@mail.com,1
Jonathan.Pickering6344@hotmail.com,8
Linnea_Gallagher_8913@outlook.com,9
Murrin_Cash_114@live.com,4
BonnieGrant1097@protonmail.com,3
George_Doney_5646@qq.com,1
Catherine_May_3478@mail.com,7
aris.vieru786@gmail.com,3
Callum.Wilson@protonmail.com,4
balazs.edina@gmail.com,47
koskov.valentinovich@gmail.com,2
Hassan.Bray_7733@live.com,3
Joyce_Goings@icloud.com,2
mariana.baboescu2022@gmail.com,3
cezar.moculescu1465@gmail.com,1
Peter_Johnstone@live.com,9
AndrewDowling8500@rediffmail.com,2
James.Humphreys_6848@rediffmail.com,5
Harrison_Watson6826@live.com,1
Christina_Dewitt2952@hotmail.com,1
KennethDoherty_8063@ymail.com,3
Tilly_Evans2021@hotmail.com,3
Madeleine.Leslie_613@yahoo.com,1
Connie.Murphy@mail.com,6
Francesca_Gibson_795@icloud.com,4
DaleRoss@gmail.com,6
Faith_Thompson5413@qq.com,2
Szymon_Campbell_6616@yahoo.com,1
