email,number
Alicia.Muhammad4162@ymail.com,2
Farhan_Holiday_282@outlook.com,4
Alexander.Horn2148@rediffmail.com,2
Jeffery.Shaw@ymail.com,6
ZakBruce_695@mail.ru,2
Ava_Melton_6639@protonmail.com,4
Kieran.Olivas_6364@gmail.com,8
pavel.navumcyk@gmail.com,1
manuela.nicu7845@gmail.com,12
Tess.Hunter_601@ymail.com,1
Lucinda.Paterson6248@gmail.com,2
Jemma.Cameron_8440@live.com,1
NicholasMackenzie3549@rediffmail.com,2
Jacqueline.Baldwin_7240@live.com,2
rozalia.prunea1789@gmail.com,1
Robin.Hayes@gmail.com,8
Gloria_Forbes3052@live.com,7
feruga.botnari7894@gmail.com,14
stanislav.guzun2563@gmail.com,1
stanislava.bondarenko@gmail.com,10
Kieran_Stewart7696@protonmail.com,9
Sophie.Powell6226@gmail.com,3
WilliamWaters_4313@ymail.com,6
John.Paterson4471@mail.com,1
Gail.Hill_4019@hotmail.com,6
Gerardo_Pearce_2226@live.com,4
Mollie_McLean2050@live.com,1
Phoebe.Marks5636@rediffmail.com,4
alexandr.gurian2019@gmail.com,2
May_Green@ymail.com,7
ionela.popa2356@gmail.com,3
Ismael_Williamson_8105@hotmail.com,3
Mhairi_Smith9278@qq.com,3
Dennis.Wall@ymail.com,2
cecilia.dinu1287@gmail.com,2
BelleMorales_9253@yahoo.com,1
Christopher.Brewer2802@outlook.com,4
lucia220bulat@hotmail.com,2
Edward.Murphy_3610@outlook.com,2
Casey.Ayala7812@yahoo.com,3
Arthur_Thompson228@outlook.com,10
JohnMackenzie_7152@yahoo.com,2
Ayla_Black5731@ymail.com,1
JohnWatt_1340@mail.com,4
Tara.Young4756@rediffmail.com,3
AlfieSmith6698@live.com,3
James.Chapman8765@hotmail.com,2
jessicai.bivol@outlook.com,5
Kieran.Graf_7736@live.com,2
Chris_Mota4521@gmail.com,2
daniel.kapuscinski@gmail.com,3
rom704guz@outlook.com,1
JodieBurns_4087@gmail.com,3
Luke_Gallagher5124@gmail.com,2
nesto.cazac663@icloud.com,2
Bradley_Bowie@ymail.com,3
Debra.Gregory_464@qq.com,8
Sofia.Cooke6143@live.com,3
Miya.King@ymail.com,9
James_Tobler6124@icloud.com,1
Jayden.Ruch1682@rediffmail.com,2
Phoebe_Taylor1977@ymail.com,7
Corey.Lucas5534@live.com,1
JessZarate_9759@hotmail.com,3
Ava.Page_1562@ymail.com,1
dominique.rusu@gmail.com,2
peter.szabolcs@gmail.com,3
Louis.Smith_5279@live.com,6
Harvey_Docherty9323@ymail.com,10
Roan_Zessfar_340@outlook.com,5
thibuat.stahly09@live.com,2
TiaHarp_169@gmail.com,1
Henry.Anderson@protonmail.com,1
Josh.Dyer_9095@icloud.com,1
LuisCampbell_1069@ymail.com,2
Paige.Stone6836@yahoo.com,2
Elliot_Warner_673@hotmail.com,20
Millie.Roof_1310@qq.com,24
Harley_Rogalski_5898@icloud.com,8
James.Anderson1033@hotmail.com,6
zoe.wilson@gmail.com,49
Olivia.Gibbons4035@live.com,20
Kate_Scott_4373@gmail.com,22
Melissa_Walker@protonmail.com,7
Timothy.Thorpe_1882@protonmail.com,1
Mohammad.Maclean6089@outlook.com,2
FrancescaChan4301@live.com,7
JaidenDockery222@live.com,21
MiaDobson4468@protonmail.com,1
Maeve_Price_1998@gmail.com,3
Iain_Reeves9733@protonmail.com,4
Mia.Coates5500@mail.com,4
SamanthaMitchell7580@hotmail.com,2
Inaaya_Williams6024@yahoo.com,3
BlairCombs@hotmail.com,5
kuzubov.gennadiyevich@gmail.com,12
svegre123@outlook.com,2
z.vicol564@gmail.com,2
Harrison.Ross4581@ymail.com,3
marinela.dalca1235@gmail.com,1
David_Thompson346@protonmail.com,1
Nicholas.Townsend_7474@rediffmail.com,1
Sara.Land4566@mail.com,3
bonifac.malek@gmail.com,2
Amy.Stewart@protonmail.com,2
Andi.Forster_6725@ymail.com,10
Melody_Leonardo8190@live.com,3
Danielle.Hayward8272@qq.com,3
StephenFerguson9758@mail.com,5
Zara.Alexander@icloud.com,2
dum909and@rediffmail.com,2
sabina.cio687@live.com,2
dominik.lupei@gmail.com,1
sammy.dalmard4512@qq.com,1
Pennie.Williamson_3234@ymail.com,7
Brandon.McMillan7668@outlook.com,3
madan.coj22@icloud.com,3
trifonov.leonidovich@gmail.com,4
Andrew_Carpenter@hotmail.com,2
Neave_Bannon4009@ymail.com,1
Fred_Martin538@mail.com,1
Chanelle_Hall5025@qq.com,5
mihaela.mateevici154@live.com,7
Dakota_Hughes@gmail.com,6
taresya.starcanka@gmail.com,3
nelu.eliade@gmail.com,4
TeganStewart1167@ymail.com,3
SofiaRiley4878@icloud.com,3
boyana.popova@gmail.com,6
paula.stere@gmail.com,62
Katelyn_Kelly9462@ymail.com,2
isla.wilson@gmail.com,1
Charles_Chilton5521@outlook.com,2
Travis.Potts@icloud.com,6
Sharon_Rizzi_3157@gmail.com,2
Ronald.Acevedo_6964@rediffmail.com,6
AnthonyRowe1300@gmail.com,1
Peggy.Davey@rediffmail.com,5
Jade.Moon_4864@qq.com,1
nandru.mechitbayeva@gmail.com,1
carol.milosovici7581@gmail.com,1
John.Jamieson9355@protonmail.com,4
Lana_Storey_5545@hotmail.com,2
Kiera_Howe8102@mail.com,8
lina.slobodyanyuk@gmail.com,4
rodica.pascal6596@gmail.com,6
Daisy.Kessler848@outlook.com,3
Hollis.Sutherland4941@live.com,2
CheryleRadford_9184@ymail.com,1
Maya_Pugh7658@live.com,11
Robert_Engelman_9251@live.com,4
Owen_Neihoff_1986@icloud.com,4
Gilbert.Gray_6820@mail.com,3
Carmen_Stonebraker151@gmail.com,4
Elise_Mackay_6178@protonmail.com,2
Aidan.Carey_578@outlook.com,5
TeganMiddleton@gmail.com,2
Edward_Spencer@mail.com,1
Karen_Young_2615@ymail.com,1
boguslawa.paprocka@gmail.com,9
cohen.bergeron@gmail.com,6
amir55zeltser@live.com,5
olesya.lysak@gmail.com,2
gaby.cuany39@ymail.com,5
AnthonyBills5523@protonmail.com,10
ramona.osborne@gmail.com,2
bors.munteanu635@live.com,2
Muhammed_Holland_488@mail.com,3
Gaylene_Macleod_9858@gmail.com,3
KateWhite9422@live.com,2
Patricia_Metzger_3584@hotmail.com,1
Christopher_Barlow@mail.ru,5
kovacs.kornel@gmail.com,8
KellieCampbell@icloud.com,4
Amy_Spears3367@live.com,7
Tracey_Scott5693@hotmail.com,2
grace.campbell@gmail.com,13
soos.zsanett@gmail.com,3
carol.movila@gmail.com,1
Calvin.Ahmed_299@hotmail.com,4
Aleena.Young_6266@live.com,3
Charles.Hopkins_4698@mail.com,4
OwenDixon_67@mail.com,1
Maurine_Nash@qq.com,4
Oliver_Kerr@live.com,5
Yasmin_Koller5292@ymail.com,1
victoria.zaikova@gmail.com,3
Emaan_Bulter_3609@live.com,2
Robert.Francis4558@hotmail.com,8
aris.cojocari@gmail.com,52
jindrich.vanek@gmail.com,1
anton.velychko@gmail.com,2
Karis.Marks_8331@live.com,1
Struan.Chin@icloud.com,1
Ellie_Newton_8105@live.com,4
Charlie_Randolph5251@live.com,1
Kathryn.Adams_3321@live.com,4
daminika.paskievic@gmail.com,1
ioana.ursu140@mail.ru,3
nicu.pekurar@gmail.com,2
