email,number
Sylvia_Berry4443@outlook.com,4
Teigan_Kennedy@live.com,30
dominik.bogza@gmail.com,4
Gloria.Howarth_3866@ymail.com,4
Keira.Naylor7381@ymail.com,1
drag.cro@yahoo.com,2
costin.belododia5234@gmail.com,2
Kodi_Jones5295@icloud.com,2
daria.gherea@gmail.com,2
Tolle_Webster_3207@live.com,2
Fiona.Butler_2100@yahoo.com,2
bulgakov.anatolievich@gmail.com,6
Maurice_Smith@live.com,3
87819742@qq.com,8
Louise_Marshall_4775@yahoo.com,1
Kris.Hill_4994@hotmail.com,6
Jack_Thompson@mail.ru,3
LiamHall9522@outlook.com,1
SteveRoss3704@yahoo.com,5
Jack.Day@icloud.com,1
branden.hardee70@protonmail.com,2
Joseph.Mitchell7853@rediffmail.com,1
DavidChan796@live.com,7
Michael.Fraser_4340@icloud.com,2
daniel.postolachi@gmail.com,1
Abbie.McKenzie1909@ymail.com,4
MarcoFerguson_6185@mail.ru,3
Lucy.Russell7311@ymail.com,1
SavannahMaclean@live.com,3
William_Hay6033@outlook.com,3
Bruce.Andre6106@yahoo.com,2
lorena.rotari1123@gmail.com,1
Roberta.Kelley_5234@live.com,2
Abdul_Lamb_2399@protonmail.com,1
Mac_Hinson8897@gmail.com,3
yankun007@gmail.com,2
miron.bazarevic@gmail.com,3
draguta.cristescu@gmail.com,13
Harrison_Oliver@rediffmail.com,1
Olivia_Talamantes_5707@rediffmail.com,2
davis.isidro@icloud.com,4
aida.munteanu364@rediffmail.com,1
silas.rosca@qq.com,2
Alex_Allan@yahoo.com,4
Cormac.West_5716@ymail.com,3
Sienna_Henderson@rediffmail.com,1
myron.babych@gmail.com,2
Skye.Burke_2477@ymail.com,6
Debra.Brown_8165@rediffmail.com,4
vika.mardari1854@gmail.com,7
ana99ciob@yahoo.com,3
olivia.banciu@gmail.com,1
miloradov.zakharovich@gmail.com,2
Mohammed.James_8885@ymail.com,1
satya58@yahoo.com,2
Harley_Bowman@live.com,5
Jack_Watts5338@ymail.com,4
EmaanMartinez_469@live.com,4
Ethel.Soria_6769@hotmail.com,4
Erica_Acosta_5741@qq.com,3
Iris.Dobson9572@gmail.com,25
Kelly_Gilbert4753@ymail.com,7
Gracie.Hunt5367@icloud.com,2
fanina.olegovna@gmail.com,42
John_Relyea4993@ymail.com,3
Freya_Woods_2264@icloud.com,4
Stephen_Lindstrom5753@hotmail.com,4
GrahamRitchie7025@mail.com,3
Brogan.Lewis@mail.com,1
radu.sandu2467@gmail.com,13
Jennifer_Derryberry_3825@ymail.com,4
n123bostan@qq.com,6
Ellis.Pagan5582@protonmail.com,2
Elizabeth_Hargreaves6932@live.com,12
MorganLand3729@protonmail.com,5
Edward_Graham_5669@mail.com,1
LukeBryan1766@ymail.com,5
wesley.garrett@gmail.com,11
Jake.Young@mail.com,7
ReeganKlug4410@live.com,2
Nicolas_Ortiz7188@yahoo.com,1
natalya.yeremenko@gmail.com,1
Malachy.Allan217@live.com,4
Derek_Simpson_1783@mail.com,5
JenniferScroggins785@icloud.com,3
RandyMcGregor_215@rediffmail.com,6
monika.sulcova@gmail.com,3
CameronAdams@gmail.com,3
janis.wolfe@gmail.com,1
igor.postolachi@gmail.com,7
TaylorJones7631@icloud.com,3
Charlie.Phillips_9642@rediffmail.com,5
Abbie.Johnston2530@icloud.com,2
Muhammed.Sinclair7037@outlook.com,3
raul.tilea@gmail.com,45
diana.hamilton@gmail.com,54
Lahorn_Rider5417@ymail.com,1
yukhym.mykhalchuk@gmail.com,7
Sarah.Steele7300@ymail.com,5
nadiya.rudenko@gmail.com,1
Steve_Cameron@outlook.com,7
gorbunkov.yegorovich@gmail.com,52
Daniel.Baldwin_9338@live.com,1
MarianMoore@gmail.com,1
Pamala.Pearce@qq.com,3
Philip.Todd7945@ymail.com,7
Alisha_Donnelly5641@qq.com,4
Grace_Dickson8588@protonmail.com,3
dan.cazac654@live.com,2
ioana.lahovary@gmail.com,1
Stephen_Juarez221@hotmail.com,4
alex.szilagyi@gmail.com,5
vera.sclifo158@protonmail.com,1
Finlay_Slater7323@live.com,18
Kyle.Willis_419@protonmail.com,4
Louise.Baxter@ymail.com,14
LynnSlater1652@live.com,4
Libby.Cadena_2687@live.com,10
Catherine_Trombly_9197@live.com,9
timea.cernei4312@gmail.com,4
RyanYoung_9412@live.com,7
Colby.Dean433@outlook.com,3
Nieve_Whittaker@live.com,2
Hannah.Vincent403@qq.com,5
KirstyMackenzie_6974@outlook.com,14
PhilipField_5043@qq.com,8
evelina.pankova@gmail.com,13
Kieran_Tackett3482@outlook.com,9
Shona_Macleod605@live.com,7
kerekes.csongor@gmail.com,4
AnnaYoung_8156@ymail.com,6
PennieLyons5441@live.com,25
Tespar.Randall9209@icloud.com,1
Luke.Scott_503@protonmail.com,1
Anthony.Boyle_983@rediffmail.com,4
tayisiya.osadchyj@gmail.com,5
RichardFlynn@yahoo.com,3
Richard.Lowe6352@hotmail.com,1
Ciaran_Bradshaw@live.com,2
Ronald_Stevenson@icloud.com,5
Jake_Palmer3100@live.com,1
Niall.Howe_3405@ymail.com,1
Honey_Clark923@qq.com,2
Martyna_Cook399@rediffmail.com,1
Emily.Heath2128@mail.ru,3
JessicaBurns4305@qq.com,1
bognar.adrian@gmail.com,1
Oscar.Thomson5518@qq.com,1
Larry_Sims@ymail.com,5
Isaac.Simpson@live.com,3
James_Sykes9234@protonmail.com,2
emily.popovici413@gmail.com,3
PatriciaJamieson_5494@yahoo.com,1
Gretchen.Hooper7727@rediffmail.com,3
a.darii15@protonmail.com,3
cazzin1121@outlook.com,1
ShaeCarr_2381@mail.ru,5
JakeBlohm5114@live.com,3
bahumila.siarhiejeva@gmail.com,8
Kathleen_Wilkins4320@gmail.com,1
Leon_Mackay5329@mail.com,1
Katherine.Goodwin8339@ymail.com,2
Jonathan.Matthews@gmail.com,5
AraceliCaldwell7159@icloud.com,2
EoinHall@yahoo.com,3
Owen_Dyer_3638@ymail.com,3
Sally.Brown8739@mail.com,2
Frank.Bruce_6299@yahoo.com,1
Lillian.Whitehead6067@icloud.com,8
CatrionaNicholson2248@protonmail.com,3
Louis.Watson_229@qq.com,6
carole.wong@gmail.com,15
AmberHolland_5506@live.com,3
bentley.roy@gmail.com,4
Mary.Bourque_3980@live.com,1
Rachel_Docherty_9964@rediffmail.com,1
Evan.White1675@yahoo.com,4
edonacaza150@icloud.com,3
RobertHumphries2179@hotmail.com,1
eliska.vysoka@gmail.com,6
zoey.smith@gmail.com,2
henrietta.romero@gmail.com,2
HarveyAlexander_6827@yahoo.com,5
Joshua_King4305@gmail.com,3
William_Jamieson@hotmail.com,2
KatherineWilliamson_7854@mail.com,7
Sam_Duncan5@mail.ru,3
Rowan_Johnston@gmail.com,2
van.keller@gmail.com,4
bogdan.ivanov@gmail.com,19
ella.belanger@gmail.com,37
MaryThomson@hotmail.com,3
melania.vladu@gmail.com,4
Rachel_Morrison1458@live.com,1
RobertMoon_5373@live.com,1
LaraNorman3633@live.com,1
hienad1.taraskievic@gmail.com,3
Hillary.Norris_5759@protonmail.com,1
CampbellDixon_4372@ymail.com,4
JosephCampbell4225@hotmail.com,3
