email,number
Connie.Fraser_7586@rediffmail.com,1
avdonin.valeryevich@gmail.com,2
Deborah_Martinez_7320@protonmail.com,2
Rachel_Moran_4169@rediffmail.com,5
Garry.Rose_2569@yahoo.com,4
MadeleineFraser_3934@live.com,7
bohumil.spacek@gmail.com,2
Vanessa.Long@protonmail.com,3
Isaac_Ayala@hotmail.com,1
flovic115@ymail.com,3
Peter_Naylor_535@mail.ru,3
Demi-lee_Harrison_5182@icloud.com,3
ilinca54ursachi@qq.com,2
Elliot.McKay4526@ymail.com,1
Kristin.Newman9022@yahoo.com,1
MichaelNorth@yahoo.com,5
Elmer.Parry@live.com,4
JamesHaney4844@live.com,1
Denise_Howell_5672@icloud.com,2
Maisie.McKay4284@mail.com,9
Cayden.Kemp_6967@mail.com,2
Mary.Dorsey_8732@outlook.com,3
darian.brinza1152@gmail.com,7
Lucas.Hamilton_8192@ymail.com,2
glinin.anatolievich@gmail.com,2
Jensen.Joseph@icloud.com,8
husain1895@rediffmail.com,1
filmar213@gmail.com,3
Olivia.Wright_3604@ymail.com,7
Donald_Herman718@icloud.com,6
Samantha_Griffin@outlook.com,1
sienna.lee@gmail.com,33
Jerome_Terrill_7327@outlook.com,5
Zach_Thomson_9757@outlook.com,1
GracieClements4267@mail.com,4
Lennox_Mattingly@live.com,2
Maria.Fitzgerald8420@hotmail.com,4
Xander_Johnson_9420@mail.ru,8
SylviaNelson_1598@outlook.com,3
Arron_Bolton_8063@mail.ru,2
Denise_Clements_9785@hotmail.com,4
Jamie.Evans2459@ymail.com,2
Billy_Power_1934@ymail.com,7
Gabriel.Watson@live.com,1
lissil774@mail.ru,1
Stephen.Colon@live.com,1
Billy_Coles7830@outlook.com,2
Lauryn.Aitken@yahoo.com,3
Caoimhe_Baine@mail.com,3
Jak.Wallis_8152@qq.com,5
rozalia.predoiu1999@gmail.com,6
mandy.palmer@gmail.com,7
efim.birca6245@gmail.com,1
nadezhda.ciora@gmail.com,19
edward.mack@gmail.com,6
mila.jones@gmail.com,14
OllieParker6210@outlook.com,5
John.Coughlan_975@icloud.com,2
madeleine.wilson@gmail.com,5
Abbi.Murray2283@rediffmail.com,8
Oliwier_Sinclair@rediffmail.com,4
PeterWheeler3092@protonmail.com,4
Kelsey.Danner542@live.com,11
Jessica_Upchurch5271@yahoo.com,1
Aron_Dawson_1881@gmail.com,2
Warren.Simmons_4474@outlook.com,1
Billy.Deck_7936@rediffmail.com,3
Christopher.Joseph8946@mail.com,5
Bailey_Barclay2792@live.com,6
Dustin_Boyle717@mail.com,8
David.Youngberg_8258@ymail.com,3
AvahHerbert_8429@icloud.com,1
Kelsie_Moon_7550@outlook.com,4
JonathanSalter9334@hotmail.com,2
Kerry.Mason5179@hotmail.com,1
Mohammad.Mason@mail.com,1
Anna_Galey5818@mail.ru,4
Richard_Steinfeldt6491@qq.com,10
taras.hajduk@gmail.com,2
LanetteHerbert1203@live.com,3
Alicia.Reid8521@live.com,3
Sharon_Lloyd3188@protonmail.com,4
HugoWilson@yahoo.com,4
albina.bratislavska@gmail.com,2
FinlayGrant@rediffmail.com,2
Brodie_Dodd2977@hotmail.com,4
Kieran_Brown556@outlook.com,1
klaudia.domina@gmail.com,3
AmeliaMcmullen2053@ymail.com,2
Michelle_Singh1039@live.com,2
Ellie_Elmer@gmail.com,2
Kelsey.Khan@live.com,2
Howard_MacDonald8219@mail.com,2
Delores_Robertson@icloud.com,4
Luke.Hodder394@live.com,2
artur.railean5876@gmail.com,3
Nicole.Jamieson_3342@mail.com,38
Ronald.Robertson2364@protonmail.com,8
metody.grygiel@gmail.com,1
Georgina.Gibson_899@qq.com,5
Karen_Grant4752@ymail.com,1
igor550radu@live.com,3
Darryl.Franco_7269@yahoo.com,2
Daniella_Humphries@icloud.com,6
VictoriaPerkins8781@mail.com,5
ShawnHernandez2492@live.com,5
Taylor.Anderson_2094@live.com,1
Mohammad_Murray_8364@qq.com,2
EmilyDodson_8048@qq.com,3
Louie.Daly8664@yahoo.com,5
dumitru.postolachi@2255gmail.com,3
Reuben_Burgess714@live.com,2
SyedCox4270@live.com,4
LibbyForbes3630@protonmail.com,3
Tess_Martinez7832@rediffmail.com,2
Abbey.Wright978@gmail.com,4
Jared.Steen5335@ymail.com,1
James_Ruch@rediffmail.com,1
mona.page@gmail.com,5
rayisa.ivanyuk@gmail.com,1
Elle_Graves@ymail.com,3
Emma_Fleming@protonmail.com,2
Hilary_Johnston1743@gmail.com,2
Gracie.Wilhoite2521@rediffmail.com,2
igor.kusy@gmail.com,40
Joshua.Banks5516@outlook.com,8
KhadijaHolt7125@qq.com,3
Lewis.Lloyd_5819@live.com,2
BrendaAnderson@gmail.com,2
gergana.svetkova@gmail.com,7
Tobale.Boyle_3730@live.com,3
l12tataru@mail.com,6
Rethik_Dyer_1386@mail.com,37
Leon_Steele_6666@icloud.com,3
anto158brat@mail.ru,3
AronRudy_7463@ymail.com,24
anatp888@qq.com,2
BeatriceBean_6173@qq.com,1
MohammadCantin_5102@outlook.com,6
Loraine_Gray9494@live.com,19
Marina_Hayes_1654@outlook.com,5
zdenek.kriz@gmail.com,2
iulian.zemurray@gmail.com,10
BarbaraParkin_2418@gmail.com,6
Lily_Goodwin_9263@rediffmail.com,3
ulyanova.stepanovna@gmail.com,38
evan.hanson@gmail.com,1
Robin_Ward_269@gmail.com,1
linda.skalova@gmail.com,22
Gabriella.ONeill@protonmail.com,3
Ruby_Niemann_7653@yahoo.com,7
Edwin.Martin6614@hotmail.com,3
Joseph_Powell_40@icloud.com,11
Minh_Brown8571@icloud.com,1
Maya_Fuller6733@qq.com,1
caleb.russo9876@gmail.com,1
StephenMoore1148@gmail.com,1
IndiaSchofield_5722@hotmail.com,2
Frankie.Wright9407@hotmail.com,1
ema.orszaghova@gmail.com,3
Vance_Young9778@rediffmail.com,4
Bonnie.Christie_1110@rediffmail.com,2
ChristopherMunro_6343@protonmail.com,4
Jake_Smith_7955@icloud.com,8
czeslawa.sobon@gmail.com,2
Bailey_Warren@live.com,5
Archibald_Alexander5856@yahoo.com,1
JonahWallace4798@qq.com,1
AhmedStevenson4726@icloud.com,5
edith.chapman@gmail.com,8
LauraHolmes_7672@live.com,1
Bobby_Campbell8463@gmail.com,3
oxana.ceban12@icloud.com,3
Finlay.Allan7097@yahoo.com,3
LorettaMack_3862@live.com,2
William_Brady_7750@protonmail.com,1
Robert_Wright7158@yahoo.com,1
Scott.Ellis1710@qq.com,2
ZaraFletcher@live.com,1
Demi_Ferguson7252@live.com,1
EmaanCortez2867@live.com,3
Jaunita_Flynn4483@yahoo.com,4
LiamChamberlain8230@gmail.com,4
Murrin.Field@icloud.com,3
DylanRusso@outlook.com,3
sevostyanov.yaroslavovich@gmail.com,2
Abigail.Conway922@hotmail.com,2
Taylor_Keifer6009@rediffmail.com,2
Harry_Clark@icloud.com,1
ErinKennedy_1273@protonmail.com,2
Naomi.McIntyre_6126@protonmail.com,3
Madeleine.Ledbetter2878@ymail.com,2
Christina_Sartin577@hotmail.com,2
saul.wells@gmail.com,5
aleksja.gruszecki@gmail.com,58
Florencio_Smith@yahoo.com,1
Kimberly.Page234@ymail.com,2
WillieShepherd8317@yahoo.com,5
silvia.cristea1451@gmail.com,3
sammy.massey@gmail.com,4
