email,number
PhilipEllis_1194@icloud.com,1
lemmy.itac1996@ymail.com,6
Marklin.Clarke5325@yahoo.com,3
BenPaterson4408@protonmail.com,2
wilhelm.kruzel@gmail.com,28
Isabel_Stamps4485@protonmail.com,3
shchedrov.mikhailovich@gmail.com,47
benjamin.smutny@gmail.com,4
Henry.Smith@yahoo.com,2
Tyler_Brown1199@live.com,2
valerij.tokar@gmail.com,2
JoeBartlett@mail.com,3
AlejandroCoomer4133@outlook.com,1
MeganHarding3668@rediffmail.com,1
Maya.Cordeiro3773@live.com,5
Sarah.Woodhouse_5149@live.com,34
elena.vasileva@gmail.com,4
Edward_Fry6669@ymail.com,1
Kerry_Alexander_3029@gmail.com,1
celestyn.kuznik@gmail.com,2
TrevorThomas@hotmail.com,6
wadim.milosovici9541@gmail.com,3
David.Graham4125@gmail.com,2
KelsiAckerman_7848@rediffmail.com,4
Dean.Hall_5123@mail.com,1
ethan.lavoie@gmail.com,2
Faith_Murray4032@mail.ru,2
Jared_Muir4023@yahoo.com,1
Holly_Craig@icloud.com,3
Lexie.Kaur2618@mail.com,4
Antoni.Williamson@outlook.com,1
Joseph.Clarke7503@qq.com,1
Donna.Russell6899@ymail.com,6
Kermit.Wood2296@icloud.com,2
sevrin.frunza7469@gmail.com,13
Raul_May@rediffmail.com,4
listratov.antonovich@gmail.com,8
Glenn_Scott5246@protonmail.com,4
shobugold@gmail.com,3
Lauchlan_Caldwell6530@rediffmail.com,7
Bilal.Findlay@mail.com,3
Tiegan_Gordon@hotmail.com,2
Stewart.Watson_3622@mail.com,6
mara.georghiou@gmail.com,2
Gail.Vilan_488@mail.com,1
RobertMcLean_8311@hotmail.com,1
ScarlettThomas_7669@rediffmail.com,4
David_Findlay@ymail.com,7
Isobel_Calderon_4889@mail.com,6
Ollie_Simpson6328@rediffmail.com,2
Elliot_Maclean@icloud.com,31
Jeffrey.Blackburn_5891@live.com,5
AndrewFrost_8850@icloud.com,3
Jude_Outlaw_7124@ymail.com,1
Abdullah_Dyer2506@protonmail.com,6
Katie_Power_3279@outlook.com,8
William_Thompson1777@rediffmail.com,5
DantePierce8260@hotmail.com,2
PatrickBrown@ymail.com,2
Mary.Smith2543@mail.com,9
Carmen_McIntosh@qq.com,6
Ana.Middleton9382@hotmail.com,2
LisaBlack_9288@qq.com,7
Milly.Watson_7110@mail.com,3
DavidMorgan2535@rediffmail.com,2
Michael.Schaal_7233@qq.com,2
Pamela_Carle9757@mail.ru,2
CleoMarshall@live.com,11
vasilos.turcanu@mail.com,8
EvieBanks@yahoo.com,2
ecaterina.blaga9642@gmail.com,3
JenniferDaniels_4753@outlook.com,1
Lee_Williams5135@rediffmail.com,1
cornelius.lloyd@gmail.com,1
ursu.nelu@mail.com,3
Richard_Parkinson_4089@hotmail.com,1
Shona_Thompson_5112@protonmail.com,8
sharshina.yaroslavovna@gmail.com,2
Gabriela.Hill_8068@mail.com,1
Neave.Gill_2642@icloud.com,8
Bruce.Unger2684@qq.com,3
Jules_Graham@ymail.com,10
Evie.Allen_932@rediffmail.com,4
Hector_Cockburn5937@mail.com,1
MayMaus7074@icloud.com,5
Evie_Stevenson_7566@protonmail.com,1
Vicki.Crawford@mail.com,5
Natalia.Jamieson_2910@live.com,12
John_Atkins_5738@protonmail.com,2
BillySnyder_2861@outlook.com,3
harold.payne@gmail.com,1
JohnBowie_6528@mail.ru,3
Cynthia_Goddard4240@ymail.com,1
Sean_Stevens_7750@protonmail.com,7
Luke_Diaz@rediffmail.com,4
ScottWilliams_7607@hotmail.com,7
Daniel_Goddard_6391@qq.com,2
Isabella_Miele4321@mail.com,6
Kacper.Williamson2555@yahoo.com,1
WiktoriaEllis_2934@gmail.com,1
Magnus_Poole@hotmail.com,5
ludmila.topal0323@gmail.com,9
Mary_Duncan2926@outlook.com,2
Grace_Sanderson@hotmail.com,3
LeoMorrison1220@yahoo.com,3
NicolasSoria@qq.com,5
viorel.oprea8795@gmail.com,2
teofil.mleczko@gmail.com,43
maruta.popov534@gmail.com,6
zina88russ@icloud.com,24
BaileyPowell9898@protonmail.com,4
Tom.Phillips_5328@hotmail.com,1
RebeccaDarden_7198@mail.com,2
Mya.Snyder_6731@live.com,3
max.lee@gmail.com,2
daren.abadines67@ymail.com,7
tatiana.burlacu7658@gmail.com,3
Rudy.Kerr@icloud.com,2
PatriciaValentino@outlook.com,1
Cairn_Bruce_7882@ymail.com,3
James.Hernandez@rediffmail.com,5
OrlaithDuncan_4769@outlook.com,1
Bernice_Kirk@mail.ru,4
Ruairi.Charles2475@icloud.com,3
Theodore_Hartley_6936@outlook.com,40
Harris_Jamieson@icloud.com,1
Izaak.Howarth@mail.com,2
costi.poenaru5834@gmail.com,3
Joseph_Duncan4284@ymail.com,3
Benjamin_Garza@outlook.com,6
paval.motyl@gmail.com,1
Owen.Wilcox_9170@mail.com,1
jordan.belanger@gmail.com,2
Kaci_Millar8126@hotmail.com,2
Roderick_Whitehouse6172@icloud.com,22
Faith_Maclean4121@qq.com,3
elina.lungu@gmail.com,1
Lucas.Stewart7944@yahoo.com,2
TroyBillingsley@ymail.com,1
nichole.scott@gmail.com,2
Zain.Metcalfe@protonmail.com,2
Mason_Martin8496@qq.com,3
JohnHarrison3523@rediffmail.com,3
RiaNiblett3660@mail.com,25
paulina.zahorecova@gmail.com,5
Edward.Lawrence_7510@ymail.com,1
valeria.pinzari2451@gmail.com,1
Tom.Billingsley_6721@rediffmail.com,2
say.nedderman1590@gmail.com,2
TaylorMcmahon_8512@yahoo.com,4
BellaMahon@live.com,1
Dolores_Housman_2260@ymail.com,1
Chelsea_Williamson@icloud.com,2
lucille.edwards@gmail.com,2
CarolCampbell@hotmail.com,4
LeytonOBrien_5796@hotmail.com,1
Derek_Leonard_8232@outlook.com,8
Dean_Henderson_7201@ymail.com,2
Leo.Oneal7590@ymail.com,4
shanan.gajo78@gmail.com,12
Ellen_Nicholls2988@ymail.com,1
anabela.mardari3421@gmail.com,1
elvira.radu535@gmail.com,3
tolmachyov.romanovich@gmail.com,9
Kai.Munro@live.com,1
nemes.mercedesz@gmail.com,4
wdwdw@gmail.com,2
yaroslav.pasichnyk@gmail.com,6
boguslaw.toma@gmail.com,1
RoderickPowell9271@mail.com,8
TaylorDodd@live.com,11
bakos.reka@gmail.com,8
Lisa.Collin9853@protonmail.com,2
Yolanda_Stone_3501@outlook.com,1
Patricia.Peacock_7979@icloud.com,10
garek.halula86@protonmail.com,3
grayson.johnson@gmail.com,12
zvenislava.sviontak@gmail.com,2
Anna.Flynn_3398@ymail.com,8
archer.dupras1945@gmail.com,5
Miya_Bush_7952@gmail.com,3
Amber_Sheppard9358@ymail.com,4
Kobe.Santiago3215@protonmail.com,1
Charles_Wilson4226@live.com,1
Samuel.Hughes_3660@protonmail.com,3
ScarlettGordon@gmail.com,3
yevdokiya.fedorova@gmail.com,1
Conlan.Barrett@live.com,25
AmyGraham_5958@protonmail.com,2
Austin_Nye@live.com,1
Maddison.Anderson653@protonmail.com,3
Joel.Gibson2523@qq.com,1
Micah_White1183@yahoo.com,2
Scott_Stevenson7635@live.com,1
CarrieReilly@mail.com,3
RosemaryParry5220@hotmail.com,3
Jerry.Howarth@protonmail.com,5
AmieeDickson3019@rediffmail.com,7
EvaHunt_4327@ymail.com,1
alison.singleton@gmail.com,5
