email,number
Abbey_Toland6243@gmail.com,4
emilian.macek@gmail.com,8
Kristin.Dawson_4025@mail.com,3
bakos.matyas@gmail.com,3
milindkuri555@gmail.com,8
Marcel_Whitaker3842@protonmail.com,17
Linda_Powell@gmail.com,1
Sherry.Scott_953@protonmail.com,3
Ellie.Johnston6584@ymail.com,4
Alicia.Owen2950@gmail.com,6
MelissaRobson@live.com,8
Lara_King@hotmail.com,1
cami.arcos@gmail.com,1
Gabriel.Jones6305@live.com,2
Angel.Jameson@outlook.com,3
Dennis_Brown4025@mail.com,2
Eden.Mackay420@yahoo.com,6
emy.grecu7264@gmail.com,8
DawidBaxter_7427@protonmail.com,9
adnanibna29@gmail.com,13
Ryodan.Hill7057@icloud.com,1
Laurence_Mcdonald5438@mail.com,3
martyushev.danilovich@gmail.com,1
vsdsri@gmail.com,3
Kathryn.Duncan@yahoo.com,3
Arianna_Parks_6676@qq.com,1
Morgan.Davis_1914@icloud.com,2
Tina_Casper@gmail.com,2
BenBlack8962@gmail.com,4
allan.kawakami90@live.com,1
esli.vieru5241@gmail.com,1
mezei.greta@gmail.com,3
Elizabeth.Porter1486@outlook.com,4
Brad_Watson7094@ymail.com,9
alexander.anderson@gmail.com,5
Hannah.Hargreaves9880@live.com,8
LouiseCampbell@outlook.com,1
Bonnie_Murray2518@yahoo.com,1
ScottCunningham@yahoo.com,1
yefremova.makarovna@gmail.com,1
onesimus.p331@live.com,1
georgy.lyall@mail.com,5
Henry_Marshall5074@outlook.com,1
HarryWallace_9293@live.com,1
BilalWest_5883@icloud.com,3
CarlosSanders_8494@yahoo.com,6
Holly_Hamilton_4690@mail.com,8
ZaraFrazier3232@rediffmail.com,5
Matthew_Fields_6812@mail.ru,4
bogomila.gavrilova@gmail.com,1
EveMackay3556@mail.com,8
John_Doherty_330@icloud.com,2
timur.botnari1047@gmail.com,3
serafim.cojoc@gmail.com,1
Alexandra_Freeman2457@live.com,2
HenryGiese4205@icloud.com,1
Lois.Fry_3633@outlook.com,4
Chloe_Murphy3281@live.com,3
ChanelleStewart_1384@live.com,2
Euan.Franklin_38@mail.com,3
Georgina.Thorpe4251@qq.com,3
Helen.Bennett3862@live.com,5
cristian.antonescu@gmail.com,1
Musa.Maclean6105@qq.com,3
KathyYoung4030@qq.com,6
Nicole_Smith3574@outlook.com,2
Hannah.Taylor@live.com,1
Wendy_Gray_6231@rediffmail.com,4
PonithZyten6404@ymail.com,4
Hassan_Smith_2162@ymail.com,4
DeclanPeacock1946@live.com,1
LawrenceMackay8895@outlook.com,6
natasa.kohoutova@gmail.com,3
JordanCarroll6636@qq.com,1
Cameron_Munro3480@live.com,3
Kelsie.Hay_20@ymail.com,1
mayo.malai@ymail.com,13
Mohammad.Mackay5003@qq.com,1
Lela_Musser6709@ymail.com,3
Lexie.Shaw6303@rediffmail.com,7
StevenNewman651@rediffmail.com,4
stuart.rodriquez@gmail.com,22
Fred_Mitchell_8640@ymail.com,14
kelby.foubert27@qq.com,6
Luca.Hanson@yahoo.com,4
Noah_Lloyd7751@qq.com,2
justin.thompson@gmail.com,1
Ethan.Sinclair5864@protonmail.com,2
Islay_Gould4409@live.com,2
Alexandra.Morley@rediffmail.com,8
Leo_Smith_6591@outlook.com,38
alis.rosca1879@gmail.com,1
NathanRudolph_9353@protonmail.com,3
KadeWall@outlook.com,1
Robert_Kennedy@ymail.com,9
William_Hanchett_828@icloud.com,1
Libby_Campbell@live.com,2
tayisiya.yatsenko@gmail.com,47
DillonBurrows_6929@rediffmail.com,19
Thomas_Duncan@hotmail.com,23
Marc_Townsend5501@protonmail.com,4
FaithMarshall@protonmail.com,2
Aaron.Manning9547@icloud.com,3
cusnir77@rediffmail.com,7
miriam.phelps@gmail.com,3
Daniel.Price_5350@live.com,1
marinela.topal5243@gmail.com,3
Demi_Abbott2081@mail.com,2
Ciara_Watson_5034@ymail.com,4
LesterKennedy6603@yahoo.com,1
Imogen_Simpson@protonmail.com,1
Ben.Jones1063@protonmail.com,4
Sasha.Elliott4588@hotmail.com,3
Sidney_Robinson_9100@live.com,1
Charlie_Mack6211@protonmail.com,1
Mohammad_Sanderson_8612@outlook.com,2
stan78caza@gmail.com,3
cosmina.postolachi1199@gmail.com,3
Andrew.Stephenson2165@yahoo.com,7
Erin_Chavez@ymail.com,3
Jamie.Docherty3991@mail.com,5
Fergus.Fitzgerald@yahoo.com,2
ira648rus@live.com,2
olga.golban@gmail.com,4
Charles_Hensley@ymail.com,3
Lorie.Bruce_5310@ymail.com,1
Peter.Gill1036@live.com,5
Bailey.Bates_6254@yahoo.com,4
gabi.goian@gmail.com,3
e.popov634@protonmail.com,3
PoppyHarrison_5213@hotmail.com,5
Mollie_Young4166@live.com,2
Grace.Power_4615@live.com,2
Lachlan.Cameron_6760@protonmail.com,1
Jonathan_Fleming3993@rediffmail.com,1
TaniaThompson3304@mail.com,2
yash.agarwal@systweak.com,3
Thomas_Abbott@live.com,3
Subhan.North_5634@protonmail.com,25
karim.radu632@live.com,1
viorica.negoitescu@gmail.com,6
m.botnari678@protonmail.com,4
nazario.luca1234@gmail.com,1
Priscilla.Simpson_6184@hotmail.com,1
Kiera_Dodd4991@yahoo.com,3
LaurenJohnston_1160@mail.com,6
Arwen.Ward@mail.com,3
Mateusz_Hardy906@live.com,3
codruta.balcescu2001@gmail.com,1
Ellis_Harper_1250@yahoo.com,9
Sally_McCarthy_8419@live.com,6
Jeremy.Wyble_1027@mail.ru,2
Mason_Hamilton_5250@rediffmail.com,1
Emmanuel.Rowe8780@mail.ru,3
anzhela.kononenko@gmail.com,2
doru.varias4531@gmail.com,2
valentyna.mykytyuk@gmail.com,2
Lanette.Winningham_3352@mail.com,3
Dale.Bell@qq.com,5
es641@ymail.com,3
David.Willis@yahoo.com,1
Barbara.Williamson4256@mail.com,4
d.rail55@qq.com,5
Charlotte.Wilkinson_9370@yahoo.com,2
Jade.Pender@ymail.com,2
Maddison_Clayton_3455@icloud.com,6
sebastian.darii8513@gmail.com,1
JessieGibson4754@outlook.com,4
porsir664@rediffmail.com,1
Lily_MacDonald@live.com,4
LewisHamilton_1907@yahoo.com,6
Mamie_Briggs_5377@mail.com,3
gleb.larionovich@gmail.com,14
clayton.silva@gmail.com,44
MiyaHarding101@ymail.com,28
leonid.retyak@gmail.com,2
Bailey.Ritchie_8729@live.com,18
gavril.apostol@gmail.com,3
Sandra.Millar_375@protonmail.com,1
Ronald.Sinclair_7474@live.com,3
Margaret.Graham@live.com,1
Rudolph_Wilson7164@hotmail.com,1
selina.vieru4356@gmail.com,4
AdamMuir1466@live.com,6
StephanieRoss_2553@outlook.com,4
Abby_Forbes@qq.com,3
Kieran_Delong_2541@outlook.com,4
Joseph_Nash@protonmail.com,6
nicolae.popa3214@gmail.com,1
emil.cosmescu@gmail.com,4
Charles.Stewart1562@protonmail.com,2
Douglas_Kelly_5423@live.com,3
krystal.bowen@gmail.com,4
hynes.arnuad@live.com,10
ina.cebanu1245@gmail.com,6
danus.arcos@gmail.com,4
bodin.waldo1293@gmail.com,3
Leah_Davies8725@rediffmail.com,1
Margaret.Finch2887@gmail.com,4
Felix_Anderson3638@rediffmail.com,1
