email,number
Adam.Bradshaw3414@protonmail.com,2
Gabriella_Stokes5089@ymail.com,1
masharin.vasilievich@gmail.com,4
Zack_Jones_7578@protonmail.com,2
Louis_Macleod_9555@mail.com,3
zinovia@gmail.com,1
William.Gautier245@icloud.com,1
JamesWarren_4277@live.com,18
Kiran_Middleton6975@mail.com,1
AmandaLane1010@yahoo.com,3
Aimee_Keller_2230@ymail.com,2
MohamedReilly_6979@rediffmail.com,4
josyp.serdyuk@gmail.com,3
Charlie_Dickson@rediffmail.com,6
LouiseBills@mail.ru,2
Aaliyah_Black8478@ymail.com,3
Maddison.Russell@live.com,1
leoiskush@gmail.com,2
sienna.gagnon@gmail.com,3
Gail_Whiteaker_8913@live.com,3
karim.popa@gmail.com,3
Brandon.Fritz7222@mail.com,2
Leo.Vaughan@live.com,3
Pamela.Walker7454@ymail.com,1
kireyeva.maximovna@gmail.com,23
RuthHarvey2537@mail.com,2
aurelia.wisinska@gmail.com,5
ElliotGarner_1991@icloud.com,4
florenta.malai6411@gmail.com,3
Leah_Gibson9663@hotmail.com,6
Daryl.Hunter5363@live.com,5
emilia.paquette@gmail.com,36
just565buga@protonmail.com,3
Lurd.Ocallaghan9127@mail.com,1
EwanSingh@mail.com,2
Jayden.Mistry1260@yahoo.com,2
KianBull_2690@rediffmail.com,3
VelmaKirschner4403@live.com,2
luc879zin@outlook.com,1
catalina.filat2525@gmail.com,3
Eileen_Rice1661@mail.ru,5
SamEnglish@icloud.com,2
ElliotBauch3858@protonmail.com,2
NicoleWallace1125@icloud.com,7
Travis_Dearman@icloud.com,5
Allen_Negrete@yahoo.com,5
DavidOrtiz9673@rediffmail.com,2
sydney.patel@gmail.com,32
Alexander_Smith_1365@live.com,1
RoisinWatts@protonmail.com,2
Addison_McDonald_1601@protonmail.com,1
JenniferHamilton6259@live.com,4
andrei.buga634@gmail.com,2
Maisie.Small_5070@outlook.com,9
csatar.bela@gmail.com,2
Paul_Hayes_3163@qq.com,2
Bella.Webb_2084@outlook.com,3
KathrynStewart_8276@rediffmail.com,5
David.Stanley_3157@mail.com,1
Michal.Higgins8665@live.com,6
lefebvre45@mail.com,3
ncolas56erman@gmail.com,3
neall.chiu@1980@protonmail.com,7
Faye_Davidson6281@ymail.com,3
nelu.milosovici1245@gmail.com,2
syarhey.volacic@gmail.com,8
kornilov.timurovich@gmail.com,4
Eden_Billings_4208@yahoo.com,2
Zak.Dyer6287@hotmail.com,2
Ian_Hamilton_3442@ymail.com,11
Daniel_Ross6898@icloud.com,4
Aaliyah_Murphey4381@yahoo.com,3
Ruby_Robertson_2586@ymail.com,5
Darren_Passmore_7795@ymail.com,2
marcia.howard@gmail.com,45
Subhan_Parsons_853@outlook.com,2
cami.miklos@gmail.com,2
sandra.bloniarz@gmail.com,8
kholodov.olegovich@gmail.com,13
Reiss.Ritchie9876@gmail.com,3
Rachel_Graham_828@live.com,25
rodin45bors@outlook.com,1
Lilly_Pearson_5538@protonmail.com,4
Lydia_Bird@mail.com,2
Colin_Smith_499@yahoo.com,3
arny89@icloud.com,1
Isabella.Perry7538@icloud.com,1
David.Mason8670@icloud.com,1
atanas.venev@gmail.com,4
GracieRussell3043@ymail.com,6
Kiera_Kao6148@outlook.com,4
MatthewDawson_8843@yahoo.com,3
zaim.florea1245@gmail.com,9
Noah.Smith_5096@rediffmail.com,2
Jordan.Holt_2886@protonmail.com,3
Cian.Pepin8513@ymail.com,3
TraceyBull@yahoo.com,2
KaceyWatt105@outlook.com,9
Caitlin.Pickering_3686@hotmail.com,5
Jonathan.Humphreys_6244@yahoo.com,1
Christopher.Woodward_9814@ymail.com,1
darian.toma@gmail.com,1
LewisMitchell2580@outlook.com,1
eduard.gurian@gmail.com,2
Eloise_Middleton_6614@ymail.com,5
Julian_Valentin_5353@protonmail.com,2
Linda.MacDonald3877@yahoo.com,1
RayyanPerkins4651@mail.ru,6
Tom_Paiva_9702@mail.com,1
sandra.saguna@gmail.com,5
Cynthia.McIntosh_6008@icloud.com,5
maxwell.simard@gmail.com,2
WiktoriaDonaldson3961@protonmail.com,5
samira.cojocari1245@gmail.com,1
rijul20@gmail.com,1
ThomasGrant_8717@gmail.com,2
Fraser.Miller4566@qq.com,5
permyakova.makarovna@gmail.com,35
mikulas.vlcek@gmail.com,5
Henry_Hughes9017@outlook.com,6
TaraCollins_3328@mail.ru,1
ioanela.florentina1423@gmail.com,1
Fallon.Fleming9213@mail.com,1
Tyler_Patterson_7744@icloud.com,2
MillerNiktohal@live.com,4
TillyMurray6218@outlook.com,2
NatashaHudson_4812@live.com,3
olgierd.dziekan@gmail.com,7
LetorWells_8742@ymail.com,4
su.plesca@gmail.com,3
Ellis_Young260@rediffmail.com,1
Dylan.Gallagher_3940@live.com,2
MirinGraham_4472@icloud.com,15
bronislava.korniyenko@gmail.com,1
ClaraRichardson_3692@outlook.com,3
Eileen.Martin_8367@outlook.com,2
EdraWatt_8395@ymail.com,2
alexandru.dolgan@gmail.com,5
don-bjorn@hotmail.de,3
Kathy_Ferguson_6784@live.com,3
Jerry_Rowe2735@live.com,6
Alexandra_Cunningham@ymail.com,2
Mairi.Perry_7912@live.com,4
RyanPeacock@qq.com,2
silvia.skutnik@gmail.com,2
hunter.campbell@gmail.com,4
HarrietHernandez4820@ymail.com,2
William.Martin@outlook.com,10
Charlie_Milne@ymail.com,2
James.Henderson_8428@live.com,3
Justin.Watt@live.com,3
NaomiLevi_299@rediffmail.com,3
Carl.Clouse_402@protonmail.com,2
Leo.Carpenter2066@rediffmail.com,4
Amina_Read9139@mail.ru,2
Sally.Jackson2571@ymail.com,3
vrushalipp@gmail.com,383
teadora.iliescu@gmail.com,4
Sasha_Johnson_1620@outlook.com,1
KacperCunningham5027@outlook.com,1
EmaanMcIntyre3730@gmail.com,4
Molly.Clark@mail.com,4
nicanor.ivanova@yahoo.com,2
Thomas_French_5313@ymail.com,7
Katie_Hay8302@hotmail.com,3
ArthurAlexander_8949@icloud.com,3
Jonathan_Estrada_4036@icloud.com,3
valentina.platon@gmail.com,1
Spencer_Bennett8052@rediffmail.com,2
pankiv.nikitovich@gmail.com,7
Luca_Krupa@protonmail.com,1
Thomas_McLean@mail.com,4
Karys_Robertson_2512@live.com,5
LennonWebb258@outlook.com,1
timur.juravschi1254@gmail.com,3
RubyMcDonald@yahoo.com,4
Amelie_Milne_6643@hotmail.com,1
irina.prodan@yahoo.com,3
hienad1.bahusevic@gmail.com,3
Harvey.Alexander4481@protonmail.com,4
Karen_Mattocks_8778@mail.com,3
Mohammed_Johnston3865@ymail.com,6
Abdullah_Lehmann@ymail.com,1
Marco_Law_4040@icloud.com,1
Charlie_McKenzie_6810@hotmail.com,4
KennithCunningham@live.com,7
Lee.Durham4706@yahoo.com,1
Gabriel_Martin@gmail.com,2
andrei.gurian523@gmail.com,7
Patrick_Clark_8759@rediffmail.com,1
Nathaniel_Heath7428@live.com,2
JennieGoodwin_7930@mail.com,2
aubrey.pearson@gmail.com,19
Alisha_Hughes@ymail.com,5
spravtseva.vadimovna@gmail.com,4
lucy.campbell@gmail.com,4
Edna.Mitchell_342@protonmail.com,3
Herbert_Nolan@mail.com,3
Rhys_Moore_6149@icloud.com,4
Shanna.Blackman1622@live.com,3
