email,number
yuliya.dounar@gmail.com,6
Scott.ODonnell@rediffmail.com,5
Mohammed_Maclean924@mail.ru,3
one.bot564@gmail.com,1
kipriyanova.vladimirovna@gmail.com,9
AlishaReilly_7652@ymail.com,7
Maya_Bean2905@ymail.com,1
Emmie.Gill6847@hotmail.com,6
sona.dufkova@gmail.com,1
Evelyn_Boulay_4062@qq.com,5
ScarletVelazquez_6603@live.com,5
Jordan.Martin@live.com,1
Sandra_Parks_578@hotmail.com,3
ihar.praskovic@gmail.com,1
Debra_Edwards_1351@live.com,2
EoinWalker1766@mail.com,1
Harrison.Armstrong4355@rediffmail.com,4
Steve.Thomson_6590@outlook.com,5
jamie.willis@gmail.com,2
Isreal_Daly@protonmail.com,1
Adelaide.Hock7371@icloud.com,1
rodin55bulat@yahoo.com,5
zaneta.konopa@gmail.com,2
Vanessa.Hughes@yahoo.com,1
Kaitlyn_Pugh7691@hotmail.com,7
Clare.Ross_6974@mail.com,3
KimberlyStone@rediffmail.com,1
anghel.fidatov@gmail.com,29
Joseph.Talbot_4314@mail.com,1
rose.ingram@gmail.com,2
dorota.razusova@gmail.com,7
AlexanderCraig7302@mail.ru,1
Leyton.Ferrigno@mail.com,1
Harley.McKay_2067@outlook.com,7
Scott.Metcalfe8812@mail.com,2
constantin.alexandrescu@gmail.com,1
Linda.Carr3821@hotmail.com,5
loni999cara@mail.com,1
neelmehta258@gmail.com,5
Lewis_Ferro@outlook.com,4
Lauryn.Shaw5962@qq.com,2
Eduardo_Ross_2670@icloud.com,4
LillySinclair6925@outlook.com,4
Zara_Jordan611@live.com,3
Helen.Williamson@gmail.com,3
Faith_Epps_3577@rediffmail.com,1
Sean_Foust_1132@yahoo.com,2
Ryan.Walton9389@ymail.com,3
nicoleta.tarlev476@gmail.com,9
catalena.breban2135@gmail.com,3
larisa.zemurray1478@gmail.com,5
Kodi_Fowler_4966@outlook.com,3
ioana.moscovici@gmail.com,61
AnnieOlivas8698@outlook.com,2
eleonora.arnaut@icloud.com,2
Leigh_Housman1075@hotmail.com,1
troy.ohmayer1690@protonmail.com,2
georgiana.constantinescu@gmail.com,3
James_Godfrey8848@qq.com,1
Edward_Bailey_8194@icloud.com,1
RudyBaldwin205@live.com,1
Hector.Bahena_8220@protonmail.com,1
Roberta_Torres@qq.com,7
Rayan.Borum_2831@protonmail.com,1
Archibald_Gordon_7985@ymail.com,1
Syed.Jamieson@mail.com,15
Cecelia.Savage_823@live.com,2
nik.cusnir654@live.com,3
Lara.Blakey7630@ymail.com,2
Kiran_Johnstone_2908@qq.com,3
Eleanor_Cooper@protonmail.com,6
ludmila.kovarova@gmail.com,2
florentyn.podgurski@gmail.com,6
Leon_Fowler_7178@mail.com,3
Maisie.Black9597@outlook.com,1
StephenMiller_3769@gmail.com,1
RodneyBriggs_7853@icloud.com,2
Riley.Naylor3888@live.com,1
Bryon_Mackay8439@gmail.com,3
costela.hutopila@gmail.com,1
George.McKay6713@live.com,3
Jeffrey.Patel_4795@ymail.com,1
marzena.bielschowska@gmail.com,4
Georgia_Gray4086@ymail.com,5
AbbyReilly@hotmail.com,5
Douglas_Nicholls@hotmail.com,6
boris.radulov@gmail.com,45
szabo.arnold@gmail.com,1
Phillip_Hill8541@mail.ru,2
Joseph_Zakarn_1370@live.com,8
marc.craig@gmail.com,5
Peter_Jones@qq.com,5
Grant.Hamilton9570@live.com,8
olga.grzybowska@gmail.com,5
cosdim550@hotmail.com,3
LillianAnderson@icloud.com,4
Chloe.Mack_8726@ymail.com,8
Cyrus.Shaw_3511@yahoo.com,2
Francesca_Bryan_9260@live.com,3
Kenneth.Hay3732@live.com,1
JosephMilne8266@live.com,8
felicia.tcaci4458@gmail.com,1
Jacob_Occelot5619@protonmail.com,4
Nancy_Gray@protonmail.com,2
zachary.belanger@gmail.com,6
LyndseyBell7840@qq.com,5
agl145cara@live.com,1
serghei.cojocar@gmail.com,7
Clayton.Watt@qq.com,2
Dean.Turner4276@rediffmail.com,1
ililun448@hotmail.com,1
Tia.Fleming_7427@ymail.com,6
marius.kogalniceanu@gmail.com,1
Joey_Hack_6623@live.com,2
mladen.borisov@gmail.com,3
zina.kogalniceanu@gmail.com,30
LoreneEdwards_1032@ymail.com,5
pedro.fletcher@gmail.com,4
octavian.popa@gmail.com,34
Gary.Dick_6331@mail.com,1
Mia_Moore8968@outlook.com,30
krystof.slavik@gmail.com,2
sascha.mou66@yahoo.com,8
John_Miller2891@mail.com,4
Eloise_Steiner_2375@ymail.com,2
David_Mclellan_729@ymail.com,5
EmilyCampbell7448@icloud.com,1
MaddisonBlackwell_3767@rediffmail.com,1
Katie_Douglas_2245@mail.com,1
Chanel.Scott_1080@mail.ru,4
Gabriel_Pollard_2216@gmail.com,1
yumla1989@hotmail.com,3
Findlay.Nelson_8435@qq.com,2
Ryan_Cameron_4876@qq.com,2
mayurkotgire1@gmail.com,3
Patricia_Garcia_792@protonmail.com,2
nas896guz@icloud.com,1
metod.ciziki@gmail.com,2
oleg.raileanu555@gmail.com,2
desislav.borisov@gmail.com,54
iryna.saus@gmail.com,1
ZoeGuthrie_7484@rediffmail.com,4
Migorn.Morrison1572@qq.com,3
Luke.Page_7602@ymail.com,4
nelya.vakulenko@gmail.com,1
RuthFarnum_6832@qq.com,5
Marderdeen.Williamson2558@mail.com,1
RobertOliver_7099@live.com,3
Bailey.Hunter_918@live.com,1
Oliver.Preas_9635@gmail.com,5
Rowan_Daly5211@live.com,2
Rachel_Wood6749@rediffmail.com,3
MillieWood3976@qq.com,6
Declan_Simpson@ymail.com,1
Daniel_Bull8713@outlook.com,2
Joseph_Allan7873@ymail.com,2
nicholas.topal2105@gmail.com,3
Caitlin_Macleod_8512@rediffmail.com,1
nicu.plesca24432@gmail.com,7
BrendaCampbell@rediffmail.com,5
Cooper_Russell@ymail.com,3
Mia.Simpson@live.com,4
Dorothy_Grant@qq.com,1
porurs356@gmail.com,2
HerbertHamilton6804@icloud.com,3
Jack_Steward_1854@live.com,1
EllaBrown_9277@live.com,1
blagorodna.hadjiivanova@gmail.com,42
Marley.Tarkington7906@icloud.com,5
Codey.Ward245@rediffmail.com,4
OranShearer_1769@outlook.com,4
Alexandra.Maclean_10@hotmail.com,1
Lauchlan.McDonald3693@icloud.com,4
CharlesBurton@outlook.com,2
marrus221@rediffmail.com,1
KayleighRussell1770@hotmail.com,2
Gwen.White625@live.com,5
Holly.Browne_2495@ymail.com,6
vasilos.topal4562@gmail.com,7
Imogen_Brown6113@mail.ru,5
Joseph_Swanson@hotmail.com,2
SkyeHarvell_3378@hotmail.com,3
KaciPorter_5537@rediffmail.com,18
Tom.Stephenson@qq.com,6
ibrahim398@icloud.com,2
MarylouRowe2576@ymail.com,3
DanielJohn@qq.com,6
cornel.rusnac@gmail.com,2
Alexandra.Schofield2890@rediffmail.com,1
JenniferHolt_3621@hotmail.com,4
IsabelFleming@mail.com,5
charlene.strickland@gmail.com,19
arsenie.serbanescu@gmail.com,5
Melanie.Cameron3852@ymail.com,10
Sophia_Briggs@rediffmail.com,6
Minerva.Mitchell@ymail.com,1
JoseMahone@hotmail.com,5
Megan_Gordon@ymail.com,1
Jakub_Webster_5747@live.com,1
Herbert_Finch@ymail.com,2
