email,number
Doris_Gillen_8672@yahoo.com,1
Rhian_Martin279@ymail.com,1
natalya.nesterenko@gmail.com,7
Alistair.Porter6647@live.com,4
Cormac_Jones@ymail.com,1
Margarito_Hay_8196@ymail.com,5
Melba.Turnbull_6234@rediffmail.com,1
ana.corbeanu9879@gmail.com,2
Randy.Douglas_3336@mail.com,2
Carrie_Sinclair_4072@mail.com,4
DavidMuir_7000@outlook.com,1
bhuvankumar.rbk@gmail.com,4
Kiera_Watson_5597@qq.com,10
JamesMccullers1526@gmail.com,2
arshula.bahdanovic@gmail.com,3
Oliwia.Simpson5681@live.com,3
Bonnie_Evans_3212@hotmail.com,6
Ashley_Shafer6510@ymail.com,2
Declan_Hobbs8747@live.com,1
Ellie.Clark_4413@rediffmail.com,1
James_Campbell_9011@outlook.com,5
ruslan.popa1041@gmail.com,3
mihai.popovici1812@gmail.com,2
henadij.tyshchenko@gmail.com,1
peyton.martin@gmail.com,2
Matthew_Roberts_4308@icloud.com,4
Faith_Grant@yahoo.com,6
Honey_Johnson_8329@live.com,2
iulio.stanca7213@gmail.com,1
Angela_Scott9855@live.com,2
JenniferRitchie_4437@hotmail.com,1
Melba.Henry@qq.com,4
Holly_Hunter@qq.com,2
Estelle_Moser5595@hotmail.com,1
carmen.roman@gmail.com,43
Lillian_Mackenzie8973@ymail.com,6
cris100barbu@hotmail.com,6
dunphy.phil@gmail.com,1
Jodie_Goodwin_7823@rediffmail.com,4
Daniel_Taylor3117@qq.com,7
JoseWalker_6357@outlook.com,4
Amber.James_9409@gmail.com,1
Rodney.Banks_9808@rediffmail.com,2
franklin.mcguire@gmail.com,3
Tabitha_Young_1682@mail.com,3
John_Hayes_9417@live.com,1
zino.raile100@mail.com,7
reynard.etchienson14@rediifmail.com,2
Emmanuel_Ray_5109@outlook.com,24
Liam.Bridgeman275@ymail.com,2
BrianDomingo_1873@qq.com,27
RuthHamilton3705@ymail.com,1
vanessa.tu369@qq.com,1
vasin.germanovich@gmail.com,1
v201toma@icloud.com,1
leon.domina@gmail.com,2
NatashaGilmore9927@ymail.com,3
ana.cretu0215@gmail.com,1
catarina.pascal@gmail.com,1
CallumAlexander_8742@live.com,5
Myrtle.Hartley_1196@hotmail.com,12
inna.morozova@gmail.com,3
dan.ungureanu381@icloud.com,3
Maisie.Norton_6250@qq.com,1
BrandonChristie5626@protonmail.com,1
Islay_Wells7777@outlook.com,3
greshnev.ilyich@gmail.com,2
Gavin.Stewart_9462@gmail.com,5
MikeSutherland4507@mail.ru,4
Nicole.Russell5021@ymail.com,12
Lara_Charlton@live.com,1
sava.stati8975@gmail.com,4
Erin_White_6452@qq.com,1
Krystian_Campbell5415@icloud.com,1
Bailey.Phelan_3169@live.com,6
Rosie.Howarth_3222@mail.ru,2
Georgina.Findlay@live.com,8
NicholasReilly_9453@yahoo.com,1
mario.caramitru@gmail.com,2
Eden.Nelson9433@protonmail.com,1
RoccoMaus_3567@live.com,2
Yasmin_Smith_754@gmail.com,3
lee.frazier@gmail.com,1
Larry.Storey8967@protonmail.com,5
luboslaw.lewand@gmail.com,2
Rufus_Conrad_6804@mail.ru,7
lucy.belanger@gmail.com,4
LucaKelly836@gmail.com,1
Edward_Iqbal8306@hotmail.com,5
ashish2@gmail.com,2
Louie.Mitchell5656@icloud.com,3
rasvan.pogonat@gmail.com,3
Bilal_Doherty8666@rediffmail.com,3
petru.gaina@gmail.com,1
Eleanor_Willie6067@live.com,1
Aimee-leigh.Gordon@gmail.com,5
AbbyOliver5637@mail.com,19
Teagan_Hopkins_4905@protonmail.com,2
Stacy_Bird_3883@live.com,5
Sarah.Norton9335@rediffmail.com,3
Shannon_Gray7020@hotmail.com,2
LacsporFleming7865@yahoo.com,1
adam.bialek@gmail.com,1
Mildred.Jamieson@ymail.com,3
Rohan.Watkins3355@ymail.com,2
Caden.Faulkner@ymail.com,3
isaac.simmons@gmail.com,4
Shane.Gray_9542@live.com,4
evzenie.jelinkova@gmail.com,4
PhoebeBegum_8754@live.com,1
barysheva.valerievna@gmail.com,22
Modum.Cameron_5777@protonmail.com,3
oue.mahumod1994@icloud.com,2
Hayden_Ferguson_3794@live.com,2
Viola_Burke@icloud.com,1
AlexanderWallace3408@gmail.com,1
Addison_Black_1550@yahoo.com,4
Muhammad.Barlow_2020@hotmail.com,2
NataliaWilliamson2815@live.com,1
AnyaMcKenzie9092@outlook.com,4
payton.pelletier@gmail.com,44
Fred.Metcalfe_8848@rediffmail.com,2
PhilipCoats@hotmail.com,3
zhivko.alexov@gmail.com,38
OcarinSteele6561@live.com,1
George_Brooks7384@qq.com,3
daniel.d630@icloud.com,1
Tyron.Parker@mail.com,1
Peter_Cameron5929@outlook.com,1
James_Cameron_2802@icloud.com,7
catia147aaga@icloud.com,1
OrlaithFinke_2592@qq.com,2
Kenneth_Boddy@outlook.com,2
Terri_Williams1665@yahoo.com,2
PrestonNorth@protonmail.com,1
Grace.Simpson_752@yahoo.com,3
Morgan.Clark@protonmail.com,2
Vethelot_Wallace_3289@outlook.com,1
riso.pokorny@gmail.com,5
Bradley_Thompson_6674@outlook.com,5
stefan.nechita@gmail.com,4
polina.juravschi3245@gmail.com,3
yolanother@gmail.com,1
izhutin.nikitovich@gmail.com,5
Harvey.Fox_4209@live.com,11
valentyna.kornijchuk@gmail.com,1
Morgan.Mitchell@qq.com,1
VirginiaGant_2740@yahoo.com,6
Cerys_Brown_4113@live.com,8
Nadine_Flury1958@gmail.com,2
yaroslava.romanyuk@gmail.com,31
Muhammed_Hall_423@ymail.com,4
Aaron.Lara7127@mail.com,4
dementyev.rodionovich@gmail.com,2
Tamzin_Hughes_9830@mail.ru,6
Leo_Gallagher9652@mail.com,5
Peyton_Stevenson_6143@live.com,1
Ava.Reid_4295@live.com,3
Kyle.Watson538@ymail.com,7
Dale.Martinez_4582@hotmail.com,1
Aaron.Parsons6884@rediffmail.com,6
aurora.martin@gmail.com,1
JoeOBrien_3119@qq.com,9
KirstyAdams_8017@protonmail.com,5
CaitlinPage@ymail.com,11
Ashley.Parish_590@rediffmail.com,2
garri.barbu324@gmail.com,1
timofei.mocanu304@protonmail.com,2
JakBlack_5854@live.com,14
josyp.rybak@gmail.com,1
KeiranSevilla@mail.com,2
PamelaLowe6778@live.com,3
rotdan545@protonmail.com,6
LisaFerguson_8728@qq.com,1
Amelia.Russell3829@icloud.com,2
brooklyn.morin@gmail.com,4
Gerald_Lees5232@ymail.com,4
yahya.arnaut457@gmail.com,2
hryhorij.nechyporenko@gmail.com,3
tanea.sirbu4215@gmail.com,2
peyton.lavoie@gmail.com,37
damir.morari1823@gmail.com,3
miruzu333@protonmail.com,3
KatieClark@yahoo.com,2
Logan.Robbins_2460@mail.com,3
Norman_Weston@live.com,2
Andrew_Gonzalez1928@mail.ru,1
Andrew.Pearson_5822@qq.com,3
catarina.lisnic1256@gmail.com,1
Aimee.Atkins4045@ymail.com,1
petr.pavlik@gmail.com,4
GeorgiaCraig_420@ymail.com,4
Tiana_Sanders9864@yahoo.com,3
Roxanne.Clark_7337@icloud.com,4
d.voronin652@protonmail.com,3
elmer.wallace@gmail.com,29
Karen_Wallace@yahoo.com,5
Evan_Martin_9903@outlook.com,8
Kayla.Rowe4455@hotmail.com,1
MarleyCasarez5108@rediffmail.com,2
