email,number
Archie_Dyer8151@yahoo.com,5
Marjorie_Dietz@protonmail.com,5
streltsova.borisovna@gmail.com,2
AllanDodd_2062@live.com,1
Zak_McDonald_8542@hotmail.com,1
glo22vier@ymail.com,2
Declan_Milne2132@outlook.com,2
Joseph.Ball5760@ymail.com,2
Arwen.Millar_9774@icloud.com,1
liviana.ursu8523@gmail.com,5
Elaine_Morrison_5162@yahoo.com,1
Jerry.Munro4622@mail.com,5
JohnChristie@icloud.com,11
Abigail.Pearson6385@gmail.com,8
e.popa564@icloud.com,4
nelu.moldovanu@gmail.com,1
Anas.Miller7566@outlook.com,1
James_Campbell_5685@yahoo.com,1
sophia.bykava@gmail.com,6
Sol.Johnston@qq.com,5
ElizabethFrost2593@mail.com,1
Kian.Sullivan@ymail.com,8
Leigh.Mills4019@qq.com,5
Clifford_Griffiths7005@mail.com,11
Glenna_Findlay@icloud.com,5
Bradley.Hamilton7677@hotmail.com,2
Patrick.Hardy3435@hotmail.com,4
Ellie.Clary_7023@ymail.com,2
JamieMcDonald8835@live.com,3
Vincent_Mcaleer3470@mail.ru,2
Colin_Harvey_9524@icloud.com,3
Kimberly_MacDonald_2775@hotmail.com,1
Beau_Williams_3646@mail.ru,4
Aaron.Bigler_6831@live.com,3
dagmara.ciesla@gmail.com,4
budzislaw.zaworski@gmail.com,6
Lee.Wood6071@rediffmail.com,11
mirzalea125@gmail.com,4
remus.ene@gmail.com,6
Gregg_Millar_3857@protonmail.com,5
Maisie.Muir_2409@gmail.com,2
Anna_Price_2210@outlook.com,1
kovshevnikova.stepanovna@gmail.com,3
David_Gardner7079@qq.com,2
marcel789rail@outlook.com,4
AdamWaters@icloud.com,1
Ryan_Aitken7062@ymail.com,5
Mitchell.Bird_5368@hotmail.com,1
Declan.Williamson4530@ymail.com,1
Theresa.Foster9623@live.com,4
KaydenWatson_4304@ymail.com,2
stella.florea532@gmail.com,1
mc589@icloud.com,4
BrooklynWilliamson3480@yahoo.com,24
Kai.Patterson537@live.com,4
Mary_Milne_7572@hotmail.com,2
ramiz.rnaut2587@gmail.com,4
TylerMone208@rediffmail.com,1
JoelPhillips2647@qq.com,8
HannahHughes@ymail.com,2
Jerry.Kerr_9825@rediffmail.com,3
Elise_Mackay@qq.com,6
Isabel.Schofield_14@live.com,19
KerryFry3818@hotmail.com,4
Alina_Wilcox@icloud.com,3
Joe.White1001@outlook.com,1
Rachel_Damato6376@ymail.com,3
NeaveMaclean@hotmail.com,3
Chloe.Tauber@hotmail.com,1
Michelle.Murphy3174@yahoo.com,5
Tyler.West_2185@hotmail.com,1
Mia_Brennan_7196@icloud.com,1
Belle.Shaw_4416@ymail.com,3
Joe.Sloan_6639@live.com,2
randolph.lynch@gmail.com,2
patsy.thornton@gmail.com,24
Rhys_King8533@live.com,5
SolAustin@protonmail.com,2
jorge.quinn@gmail.com,5
Faryl_Maldonado2843@mail.com,3
vinogradova.makarovna@gmail.com,5
Alan.Jones_9171@rediffmail.com,2
Ben.Miller9954@live.com,5
Laurie.Pearson_8937@rediffmail.com,2
Lily-rose.Osborn_9831@ymail.com,4
Aoife_Harvey_6935@outlook.com,8
Ellie_Price_2883@live.com,7
Luke_Hubbard@live.com,11
James.Metcalfe@ymail.com,9
rickey.white@gmail.com,3
sarah.wong@gmail.com,3
Thomas_Murray7387@icloud.com,3
tsvetelina.hadjieva@gmail.com,52
worth.tale1543@protonmail.com,8
sigayev.danilovich@gmail.com,4
rosalina.miron@hotmail.com,1
AnthonyFoster@qq.com,1
CaitlinFlores920@yahoo.com,1
KathleenBaxter@protonmail.com,2
lisitsyna.petrovna@gmail.com,2
pyatosina.danilovna@gmail.com,30
Rachelle.Dickson_3346@icloud.com,2
Annabelle.Bailey@qq.com,5
AnthonyCampbell_1711@ymail.com,3
Alexander_Thomson3499@hotmail.com,1
essen.gennadiyevich@gmail.com,1
Bridgette_Donaldson_2495@hotmail.com,1
ilona.lu835@hotmail.com,6
Hollie_Ferguson9737@ymail.com,3
myron.shynkarenko@gmail.com,5
Elise_Walsh@live.com,7
anatol.barbu@ymail.com,4
SerenBullock3624@protonmail.com,2
Skye_Coder_713@icloud.com,3
MalcolmChan_6877@mail.com,1
Dennis.Spalding@live.com,2
takacs.boglarka@gmail.com,2
Gerard.Yost_9856@hotmail.com,2
Kayleigh.Bryant8778@live.com,3
olesya.mishchenko@gmail.com,2
Joyce_Rodriguez@hotmail.com,2
AmnaWilliamson_8900@outlook.com,3
Daniel_Magee2234@mail.com,2
Andrea.Gregg7681@yahoo.com,4
Scott_Gray6389@live.com,2
Kieran_Lanier_2301@yahoo.com,1
Jess.Davidson@mail.com,4
anisoara.sclifosovsky2435@gmail.com,2
gheorghe.roman1478@gmail.com,2
isabelle.boucher@gmail.com,4
Iona.Ali@protonmail.com,1
Katelyn.Brooks_4773@outlook.com,32
Honey.Crawford_3809@live.com,1
May.Giles@qq.com,2
LeightonHumphries_5038@icloud.com,13
Alexander.Donaldson1574@rediffmail.com,4
Fallon.Duncan@outlook.com,10
DebraJamieson5575@live.com,1
ClaireSmith9495@live.com,1
Daniel.Jones_7250@ymail.com,4
Shona.Gibbs_1119@protonmail.com,3
Victor_Glover@live.com,2
ryder.brown@gmail.com,58
marinella.stamati521@gmail.com,6
Brogan_McKay5600@live.com,8
creepcocreepco@gmail.com,38
Josh_Carter_2529@live.com,7
Vernon.Thompson_2676@yahoo.com,3
Eshan.Bryant_6787@hotmail.com,2
Tia.King@hotmail.com,5
Louis.Slater@ymail.com,6
CarlaMarshall4021@gmail.com,7
CharlieHarvey_2588@hotmail.com,2
David.Burns1134@outlook.com,1
EmmanuelHager@live.com,1
Natasha_Bailey_5532@yahoo.com,5
Aaron.Ross@yahoo.com,2
NatashaNicholls7374@icloud.com,1
Dexter.Watkins4814@rediffmail.com,1
iuliu.zamfir@gmail.com,24
Paige_Gregory237@ymail.com,3
Douglas.Perry@outlook.com,1
stuart.rowe@gmail.com,8
CarlBranch6378@mail.ru,1
bugpro443@icloud.com,1
Oscar_Tipton9172@icloud.com,4
lubos.vykukal@gmail.com,2
Jeffery.Benning_2417@icloud.com,1
Samuel.Hunter_3169@outlook.com,2
polishchuk.filippovich@gmail.com,3
jean.barnutiu@gmail.com,6
Lara_Ali@rediffmail.com,1
Madeleine_Lawrence112@icloud.com,2
Franciszek.Hughes_7914@protonmail.com,6
Kelly.Boyle594@live.com,3
KatieRock_7277@ymail.com,19
stepashin.antonovich@gmail.com,71
zenaida.bratan@gmail.com,3
risko.kolar@gmail.com,6
AntoinetteGordon@live.com,8
CaitlinFarish_4572@hotmail.com,11
David.Wilson3250@yahoo.com,3
Jessica_Mitchell_2404@mail.com,11
jackson.lee@gmail.com,3
Georgia_Bennett_8450@protonmail.com,1
JamieDavidson3460@protonmail.com,2
SallyAllen_4121@mail.com,2
Muhammad.Steen@qq.com,3
AntonPilla3821@mail.ru,2
Barbara.Valentine9602@outlook.com,1
theodor.prunea1471@gmail.com,4
Gerard_Vanhorn_2518@ymail.com,3
katarzyna.doktor@gmail.com,8
Bailey.King_3642@yahoo.com,3
OrvilleZessfar546@qq.com,3
Mary.West@yahoo.com,5
Naphates_Birch_6336@outlook.com,2
Josh_Ton_6097@live.com,2
MarcusSanderson_7441@icloud.com,7
adriana.blahova@gmail.com,4
