email,number
nazario.bothezat654@icloud.com,2
Jessica.Hunter@outlook.com,4
MatildaDuncan_1153@live.com,2
rustam.lupu@gmail.com,2
JaydenBolton_4618@live.com,7
Theresa_Moore7695@gmail.com,1
Sofia.Frost@icloud.com,1
Dung.Kennedy9841@live.com,3
Ben.Stevenson9361@outlook.com,2
andrea.starczewska@gmail.com,1
Anita.Foster4879@live.com,1
Delia_Hunter@protonmail.com,3
afanasij.marchuk@gmail.com,3
Zane_Bauer_5346@live.com,1
CarsonBirch2285@outlook.com,2
ilaria.mo546@live.com,4
Ewan.Kelly140@icloud.com,1
Poppy_Connor_320@ymail.com,5
Amy_Weaver@icloud.com,1
iryna.polyakova@gmail.com,1
nicholas.dannunzio@gmail.com,34
Phoebe_Schilling_2098@protonmail.com,4
gavin.chan@gmail.com,1
bors98chir@yahoo.com,1
Courtney.Gordon_5804@ymail.com,1
jayden.ouellet@gmail.com,1
BeckyFerguson9320@rediffmail.com,9
adam.b.weisman@gmail.com,1
Oscar_Mackay_9174@ymail.com,4
MasonNelson2408@live.com,2
halyna.demydenko@gmail.com,6
Lucille_Thiel7040@outlook.com,1
JakMcMillan706@icloud.com,2
valadar.biarizkin@gmail.com,13
Reece.Cohen686@rediffmail.com,1
Caitlin.Woods_3160@live.com,4
Janice_McLean4698@live.com,3
ivan.loboda@gmail.com,9
Lexie.Fraser@ymail.com,8
Lauren.Crawford3054@protonmail.com,1
Puthor_Bell_5276@qq.com,2
Daryl_Thompson_2034@live.com,23
elin.ungureanu@gmail.com,1
Jude.Edwards_1549@protonmail.com,1
BlakeBoyle_7520@icloud.com,2
belochkin.yanovich@gmail.com,8
LukeOliver8715@mail.com,5
Sebastian.Stewart@outlook.com,1
James.Hoover_948@live.com,13
Vicki.Lewis_7875@ymail.com,2
clara.cosma@gmail.com,36
ForbesMorrison5187@qq.com,1
Harry.Barker_4095@protonmail.com,1
nelly.pos874@mail.com,1
Richard_Cannady_4583@ymail.com,4
stanislav.cusnir9542@gmail.com,2
Orla.Forbes_6182@yahoo.com,3
Jake.Frost_281@live.com,3
ungste555@qq.com,2
Graham_Thomson_5155@rediffmail.com,6
Jason.Neal_7815@live.com,4
LarryMcKay1041@mail.ru,3
TylerMiller3697@ymail.com,2
Max_Ferguson7676@qq.com,1
pradslava.hryckievic@gmail.com,29
Zain.Dickerson2730@outlook.com,8
Elliot_Law4370@mail.ru,3
Eve.Burns@hotmail.com,2
Evelyn_Bruce6985@ymail.com,2
alzbeta.kocisova@gmail.com,2
kipryjan.tkacou@gmail.com,7
PenelopeKing@mail.ru,7
CharlieHeath_180@hotmail.com,1
Anthony.Montes9534@live.com,2
Jude.Spencer3702@mail.com,6
RandyDuncan@outlook.com,4
Sandy_Walker_9367@yahoo.com,9
Teri.Miller@live.com,2
Delmar.Sinclair_6055@live.com,4
Michelle.Smith6366@yahoo.com,3
vyacheslav.sereda@gmail.com,4
Sebastian_McDonald@icloud.com,2
Leighton.Sinclair@yahoo.com,1
Nicholas.Murphy@mail.com,19
Barbara_McGregor_869@yahoo.com,1
Anna_Howarth_6010@ymail.com,1
Alexander.Howard@hotmail.com,2
Abbie_Harding_9995@live.com,20
Alyx.Macleod_5875@rediffmail.com,2
Aaron_Aitken_5311@outlook.com,6
TessinoWood3951@live.com,5
Anna_Cooke_6077@qq.com,3
Dorothy_Bryan_5549@outlook.com,2
aris.botnari@gmail.com,4
yana.petrenko@gmail.com,44
vladislav.juravschi@gmail.com,3
Abbie.Wise_6180@mail.com,2
Lauren_Shaw@gmail.com,1
dimitra.blagoeva@gmail.com,35
Carter.Cappello@gmail.com,3
ReeganReid@hotmail.com,2
Mythil.Oliver@rediffmail.com,5
Ruth_Barber@hotmail.com,2
JoeyEckard_5779@outlook.com,1
Finley.Morrison5847@ymail.com,3
calung556@mail.com,1
Joseph.Young@mail.com,23
Zachary.Gibson@rediffmail.com,4
CallanNicholls@live.com,15
AnaDuncan3334@outlook.com,8
AndrewFrench5691@rediffmail.com,4
Blanche_Dawson714@protonmail.com,2
volk.hillaed8912@live.com,1
Graham.King@mail.com,1
gabpro198@yahoo.com,7
Bruce.Fox5831@live.com,11
Judy_Whitehouse_9458@protonmail.com,4
nikolas4589@ymail.com,2
Frank.Baxter689@outlook.com,4
Barbara.Hyde6566@yahoo.com,4
Cora.Putnam@rediffmail.com,8
ov158@ymail.com,4
Chanelle.Smith8481@mail.com,9
Jerry.Brady8794@protonmail.com,1
Frederick.Goforth@live.com,3
AmelieWorley@ymail.com,4
Courtney_Gilmore@mail.ru,4
Clarence.Martin_403@yahoo.com,8
Norman_Russell_3121@live.com,12
Mary_Rudd_6709@mail.com,7
Millie_Douglas_9727@yahoo.com,4
bodgan.pangratiu@gmail.com,4
zuza.hodzova@gmail.com,3
Evan_Paterson_2045@mail.com,1
DeanMaclean1731@live.com,4
SimonRuiz_9199@mail.com,1
BrennanCalzada8392@qq.com,2
Lillian_Shepherd_1854@icloud.com,3
Derek_Mellor_9673@icloud.com,3
Richard_Thomson@yahoo.com,3
ClarenceWalker4139@mail.com,12
Anas.Canales_4203@mail.com,2
Caitlin.Pollard2189@gmail.com,1
edera.shchusev1455@gmail.com,1
sebastian.dalca@gmail.com,2
angel556russ@ymail.com,1
yana.bacheva@gmail.com,3
cornelia.pavlenco2024@gmail.com,3
NicoleMcGregor_4999@mail.com,7
Nathan.Kerr_9495@icloud.com,1
Libby.Hopkins_3833@yahoo.com,2
alinabolat777@icloud.com,1
Rhian_MacDonald616@ymail.com,5
RhysJohnson_7187@gmail.com,6
JackieCameron_4571@yahoo.com,1
Alexandra.Macdonald_5093@ymail.com,5
Eliza.Miah_9622@mail.com,1
Karie_Dunn_7717@rediffmail.com,7
Imogen.Shah4421@gmail.com,3
Dylan.Morales_8839@mail.ru,3
Archie_Henning3690@ymail.com,7
denisa.petran9876@gmail.com,3
golnic421@rediffmail.com,2
Phoebe_Lord_1274@live.com,4
Finlay_Law3013@yahoo.com,2
SeanFlores_9859@rediffmail.com,8
BillieCrumley9056@live.com,1
Josh_Nolan5170@live.com,1
dymitr.kukla@gmail.com,3
rodrigo.luca365@live.com,2
taylor.anks@gmail.com,4
iulio.dimir@gmail.com,2
Lily.Adams@ymail.com,15
splam@outlook.com,2
Stacy_Walker@live.com,7
elmpt.igorievna@gmail.com,6
ivantie.iordanescu@gmail.com,6
vinson.marcom29@qq.com,10
jeannie.townsend@gmail.com,74
Jaime.Mackenzie94@yahoo.com,3
Ezekiel.ODonnell@live.com,1
oswald.puza@gmail.com,1
Paige_Warner_178@yahoo.com,6
BonnieKerr_6972@live.com,1
tp.tapash7@gmail.com,65
LoisRoof844@rediffmail.com,2
Luca_Naylor6477@mail.ru,2
Anya.Lyons@hotmail.com,2
Mohammad_Porter9940@qq.com,2
Leyton.Garner_964@protonmail.com,1
Nicole.King@icloud.com,1
Karen_Ritchie_2340@yahoo.com,1
florentin.vaduva@gmail.com,1
Bret.Howell907@live.com,2
Bill_Kelleher8569@yahoo.com,1
Enrique.Martin_5460@live.com,4
xenchi44@ymail.com,4
nikita.topal@gmail.com,1
eaves.othello34@qq.com,8
mihai.fidatov2021@gmail.com,4
