email,number
Liam.Wood@protonmail.com,4
Szymon.Black9031@ymail.com,3
JeanieWilliams4014@rediffmail.com,1
Natalie.Mesah_9514@gmail.com,2
Bailey_Bruce_9732@protonmail.com,3
nosov.vitalievich@gmail.com,27
Cynthia_Bates9998@hotmail.com,2
Max_Graves@qq.com,1
AaronJohnstone9920@protonmail.com,1
Jane_Forbes@outlook.com,5
Israel.Sanders_2326@protonmail.com,2
Marshall.Robertson8236@ymail.com,8
Mireya_Kelly_8184@outlook.com,2
Jason_Cox_6007@hotmail.com,2
simon.szimonetta@gmail.com,5
Niamh.Deleon_8601@icloud.com,1
greg.munteanu5241@gmail.com,1
OscarPeralta@ymail.com,2
IsaacReilly2575@live.com,4
Sarah_Bagley@icloud.com,7
OwenDean5038@hotmail.com,5
lidiya.ceban7214@gmail.com,4
Hayden.Reddick1956@ymail.com,2
arin123tcac@icloud.com,1
Adam.Mackay532@live.com,7
Leila.Millar@qq.com,3
pafnucy.kaczmarek@gmail.com,1
DianeChan_3446@yahoo.com,2
Maya_Davis_2008@outlook.com,3
Kayla_Mcelyea@gmail.com,2
Zack.Ward5136@hotmail.com,4
Zack_Rousey@yahoo.com,1
andros.doris4560@ymail.com,3
emilia.rusu1156@gmail.com,3
Jay_Burns8191@ymail.com,2
Alfie_Murphy@live.com,13
Noah.Webster225@mail.ru,3
Ahmad_Marshall4701@qq.com,9
DavidFleming6561@outlook.com,3
daniil.bi620@gmail.com,5
andrey.adamovic@gmail.com,2
Shane_Miller@mail.com,2
satheesh.gillells@gmail.com,1
Mason_Becker@ymail.com,27
Kieran_Moss_4397@live.com,5
Karys_Coles865@hotmail.com,2
Victor_Muir8041@live.com,11
JulieJohnston1163@ymail.com,5
KieranMoore@mail.com,3
gavril.mitu@gmail.com,3
Eshan.Howells3621@ymail.com,4
Maciej_Moore4829@icloud.com,9
AnnetteJohnston@qq.com,4
natalya.chernysh@gmail.com,5
ilie.melnic@gmail.com,2
hazel.taylor@gmail.com,30
ermey.frants45@gmail.com,1
PatriciaCooper2015@mail.com,7
oliver.lam@gmail.com,67
Skye_Hernandez_5205@ymail.com,5
Guy_Bulter@ymail.com,3
constantino.lohoar4590@qq.com,2
AlistairWard9626@protonmail.com,9
Sam.Lin@rediffmail.com,2
martaplama001@ymail.com,1
Keegan.Harper_3746@mail.com,2
Joe.Dickson8818@qq.com,1
aliona.russu565@gmail.com,3
LoisHoward@mail.com,2
cyryl.musielak@gmail.com,3
Kerry_Marsden6@live.com,1
JolynnMcKay4933@live.com,4
Margaret_Baker5388@mail.com,4
Avah.Rodger@ymail.com,1
Aaliyah_Green@live.com,1
Cindy.James@mail.com,9
ibrmar669@icloud.com,1
Samuel.Hughes_6726@icloud.com,1
AidanJohnstone_4609@rediffmail.com,2
damir.railean@gmail.com,3
Leo_Wright8453@outlook.com,5
relia.nicu@gmail.com,1
HarveySowell1577@outlook.com,5
Aryan_Reilly_6966@protonmail.com,1
Alan_Sims_4097@ymail.com,2
Josh_Gibson5477@outlook.com,5
MelissaLanza_7827@live.com,5
Emily.Rodriguez_3710@icloud.com,5
irina.brat845@icloud.com,2
alis.gurian658@gmail.com,1
JordanHill_4858@icloud.com,4
timbot842@protonmail.com,3
salvador.osborne@gmail.com,1
PatriciaCampbell5914@icloud.com,1
Iona.Picou@gmail.com,4
Maksymilian_Hay3977@mail.com,6
CerysFraser_8042@mail.com,1
florenta.amanar1045@gmail.com,8
Caroline.West5588@rediffmail.com,4
Cormac_Short3902@gmail.com,4
Scarlett.King_5960@mail.com,15
NathanHeath4195@gmail.com,1
Delores_Brown_6524@mail.com,4
BillyBailey_7499@hotmail.com,2
Ewan_Fuller3451@icloud.com,1
roman.dolgan2586@gmail.com,1
Jessica_Weishaar_7849@icloud.com,1
LexiPotter@qq.com,3
LaurenThompson2485@icloud.com,10
ina.dolgan0125@gmail.com,2
JemmaGriffiths@ymail.com,1
LoganHardy_7881@ymail.com,3
justin.topal@gmail.com,4
Mason.Hill6262@mail.com,3
Juan_Maclean2160@hotmail.com,1
Rogoth_Aitken137@outlook.com,2
MuhammadRose8670@yahoo.com,4
mykola.buryak@gmail.com,3
DemiWatkins9666@qq.com,2
IrisWallace_6396@live.com,3
Codi.Holland_6681@live.com,5
Kimberly_Dennis_2392@yahoo.com,2
Darcy_Graham_2563@icloud.com,2
Kerr.Munro@icloud.com,1
RichardManning@icloud.com,7
Ava_Berry2627@qq.com,4
Luka_Marshall2472@icloud.com,3
Marie.Walker_3925@icloud.com,1
Jake.Wendland_5582@gmail.com,7
Leslie.Browne4666@live.com,3
Beth.Aitken9963@ymail.com,2
Mirren_Carpenter5154@live.com,2
aruizlangan@gmail.com,55
kamil.mrazek@gmail.com,1
Betty_Aguilar6483@mail.com,2
Leigh_Ross@protonmail.com,1
Corey_Reilly_7312@live.com,4
Jonathan.Stanley7039@icloud.com,3
Gregory.Farr_3365@yahoo.com,2
Ella_Reynolds_4385@live.com,3
Ruaridh.Lane@ymail.com,2
Marie.Jackson639@icloud.com,7
Connor_Temple767@qq.com,6
Georgina.Booth4396@live.com,2
Gemma_Hernandez_9375@yahoo.com,1
Andrew.Ellis1619@hotmail.com,3
Laura.Gray_3059@ymail.com,1
Jak.Morrison1247@live.com,5
nelia.cebanu4543@gmail.com,5
GabriellaBurns_7556@outlook.com,2
Kyle_Farr3960@yahoo.com,2
mirza.spinu955@gmail.com,1
Leo.Gibbs_9867@outlook.com,1
FindlayHoward_9007@live.com,2
Jose.Munro@icloud.com,15
nevins1996leaf@rediifmail.com,1
Kaylin_Bell@icloud.com,2
MariaDavies1850@live.com,3
narcyz.trzeciak@gmail.com,1
TaylorWelch_7198@live.com,12
Gloria_Macleod8594@icloud.com,1
lynn.arnold@gmail.com,1
Dung.McKenzie@live.com,1
Flynn_Doyle_9011@live.com,6
Calan_Miller@live.com,2
MartaBoyle842@ymail.com,7
AbdullahWest_2662@outlook.com,1
Patrick_Porter_5974@ymail.com,2
Roddy_Valkeri3077@rediffmail.com,5
tim543rai@mail.com,1
cristinel.argetoianu@gmsil.com,2
Zak_Hamilton9138@yahoo.com,1
FinleyMcLean@protonmail.com,3
Carter_Wright@protonmail.com,13
Tony_Mitchell@protonmail.com,3
melissa.horton@gmail.com,43
Madison.Rios@live.com,4
Cameron.Johnstone_1909@live.com,7
MillieKemp2980@protonmail.com,1
Lloyd.Macdonald4505@yahoo.com,6
Arthur.Pearce_1666@mail.ru,7
Katie_Williams_4542@ymail.com,1
Adele.Miller_8323@ymail.com,8
Millie.Fraser5468@outlook.com,4
vladislava.ivanova3142@gmail.com,1
Debra_Hall_1988@hotmail.com,2
Reuben_Douglas@live.com,2
YoshikoDavidson@mail.com,4
Fallon.Bartlett@yahoo.com,3
darian.chicu364@live.com,29
philip.haydon@icloud.com,2
Sarah_Devries_4040@qq.com,2
Elsa.Brewer_886@outlook.com,6
Kyle.Norman2448@icloud.com,1
Gabriel_Ferguson2329@icloud.com,1
panas.shchur@gmail.com,2
tereza.hlavacova@gmail.com,1
gina.mateevici0562@gmail.com,13
Katie_Thompson_114@ymail.com,3
MarcMoore@ymail.com,1
