email,number
Corey_Buck_4746@yahoo.com,2
Holly_Boyle4952@mail.ru,18
Christopher.Wojcik2428@outlook.com,3
Kobe.Lowe@ymail.com,4
John.Wilson_4127@live.com,2
Dawid_Wilkins@icloud.com,5
john.patel@gmail.com,4
dragomir.caragiale@gmail.com,1
severiana.guzun1988@gmail.com,4
David_Ali4035@yahoo.com,5
JamesJohnstone_7257@yahoo.com,1
Robyn.Flores@icloud.com,6
ReeceCrowe_4661@gmail.com,1
Charlie.Moore@rediffmail.com,2
Corey.Pugh174@mail.com,4
katsyaryna.saus@gmail.com,10
galina.vicol512@icloud.com,2
Karys_Kerr700@live.com,3
melania.chlebovca@gmail.com,3
Summer_Newton_7489@qq.com,9
Malcolm_Davis4290@icloud.com,1
Robert.Atkins@ymail.com,4
Jerry_Gray@gmail.com,1
Sienna.Lucey3267@hotmail.com,1
Subhan.Young3237@qq.com,7
Nieve.Fleming@mail.com,4
Charlotte_Russell_6979@live.com,2
WilliamBush2319@hotmail.com,3
Rachel.Ferguson_3390@qq.com,5
Andrew.Saladin_1241@outlook.com,3
Rhea.Quinn_9677@live.com,1
Hannah_Ferguson8975@live.com,4
Charley.Ferguson_6173@mail.ru,4
Edward.Kennedy1946@hotmail.com,1
Charlie_Ali_699@live.com,5
GeorgeMacleod4391@live.com,1
Deana.Donaldson_3467@rediffmail.com,3
Xavier_MacDonald4723@gmail.com,1
Kerry.Alexander7676@icloud.com,2
Sienna.Hay@mail.ru,2
Maddison_Tucker_4812@mail.com,1
Rodney_Watson_4656@rediffmail.com,3
valeriu.dumitru@gmail.com,5
Corey_Fontenot1009@yahoo.com,3
FredLaw8445@protonmail.com,1
Gerard_Boyle_4161@icloud.com,2
Iain.Wong4033@ymail.com,4
LydiaMann_1391@live.com,3
sonia.apostolqaz@gmail.com,1
Sibyl.Macleod_1126@mail.com,1
MelissaYates_4914@mail.ru,2
Nicholas.Moore_59@live.com,2
Tess_Russell8268@protonmail.com,4
Bernice.Hisey_1441@mail.com,3
RuaraidhMilne@mail.ru,1
feodosij.osypenko@gmail.com,6
Brandon.Robertson8511@rediffmail.com,2
Mohammed_McIntosh_6376@yahoo.com,3
OscarCollins_2492@outlook.com,8
aksana.opysski@gmail.com,11
Charles_Meidinger_6503@live.com,7
Owen.Morrison176@hotmail.com,3
MaxJones@mail.com,10
Scott.Dorn2033@hotmail.com,2
Sean_Craig_7291@mail.com,1
Carmen_Frye3831@yahoo.com,7
kainefagan@icloud.com,3
Gregory.Taylor@live.com,2
Esther_Cunningham_9813@outlook.com,3
dan123do@mail.com,8
LochlanCarpenter@icloud.com,9
HelenYoung931@yahoo.com,4
Christina.Taylor_8050@ymail.com,6
Jennifer.Lee@yahoo.com,1
Kaitlyn_Smither_421@icloud.com,1
Billy_McIntosh_3604@live.com,3
Neil_Burns@gmail.com,9
Adam_Taylor_4544@live.com,17
Alex_Parker1408@outlook.com,4
elvina.gheorghita@mail.com,2
Jessie.Griffin7655@yahoo.com,8
nora.stewart@gmail.com,10
vladimir.pironev@gmail.com,1
JessicaMiller2192@protonmail.com,3
Vincent.Aitken9021@live.com,1
Zak_Stewart_5627@ymail.com,1
Roger.McLean_8663@ymail.com,9
rommel@qq.com,1
Alicia.Wallace@ymail.com,2
florentin.boroi5423@gmail.com,1
Riley_Fay5310@mail.ru,2
Alexandra.Fowler@icloud.com,4
tl456@live.com,2
Kian_Brookes_844@live.com,8
MichaelSlater3794@ymail.com,1
Garry_Davis1739@yahoo.com,7
iulien.dimitru@gmail.com,3
Joseph_Murphy@live.com,1
fil.selina118@live.com,1
Rhianna.Powell@mail.com,4
emory1990@yahoo.com,9
Dexter_Wood@icloud.com,1
David.Faulkner_9223@icloud.com,1
Alexandra_Watt@outlook.com,3
MollieJones125@outlook.com,3
MollieMadrigal8727@hotmail.com,8
Nathan.Tomlinson_202@protonmail.com,2
nadia.spagnuolo1988@gmail.com,35
Elise.Johnston4483@live.com,8
Nicholas_King7482@gmail.com,1
Archie_Delucia5675@gmail.com,1
JohnScott_5209@live.com,3
Gertrude.Williamson@qq.com,1
sagargoyal3@gmail.com,36
Shawn.McDonald@protonmail.com,4
Linda_Paterson_2478@protonmail.com,4
Joyce.Jump1708@icloud.com,1
Scott.Shah4216@qq.com,3
valentyn.sych@gmail.com,26
caroline.rodgers@gmail.com,1
Jessica_Abbott1172@rediffmail.com,9
Terri.Fraser@mail.com,16
ilkun.larionovich@gmail.com,5
Laura_Houle2814@rediffmail.com,1
Christine.Riley665@outlook.com,3
mayar@ymail.com,2
Jack.Downing_8690@rediffmail.com,3
Natasha_King_9253@hotmail.com,5
Elvin_Anderson6096@yahoo.com,4
natalie.brown@gmail.com,46
Stephen.Mackenzie2175@yahoo.com,1
BarbaraClayton469@gmail.com,4
MillieDudley8132@outlook.com,1
angel.vanko@gmail.com,1
Lauren_Mertz4259@ymail.com,25
Kelsey_Cowart9851@yahoo.com,4
GregPatel@rediffmail.com,9
James_Kelley6342@rediffmail.com,5
Samantha_Hay386@outlook.com,3
Cyrus.Mahmood7554@yahoo.com,4
grigore.fieraru@gmail.com,1
Nicholas.Williamson_9321@rediffmail.com,1
Daisy.Armstrong_9896@live.com,9
SineadFredrick@qq.com,1
Courtney_Baldwin_6806@outlook.com,2
Isabella_Cary8215@mail.ru,8
JessicaStevens_474@rediffmail.com,3
JackHowe2979@rediffmail.com,3
MackenzieFranco1006@hotmail.com,8
Peter.Holt8201@hotmail.com,5
Anna_Mullen831@qq.com,1
Kirstin_Fryer2451@protonmail.com,5
BarryCarter5348@yahoo.com,5
Wekmar.White_6229@mail.com,1
kvido.zdrahal@gmail.com,7
William_Clark2419@mail.ru,1
Iris.McIntosh@mail.com,2
borsav190@live.com,1
Alicia.Allison6190@yahoo.com,5
tami.rodriguez@gmail.com,42
Gavin.Fraser2669@outlook.com,7
SkyeThompson_430@hotmail.com,5
platonova.ilyinishna@gmail.com,2
Sandra.Phillips2602@ymail.com,3
Penelope_Cartwright405@protonmail.com,1
cristina.tanase@gmail.com,2
patricie.jarosova@gmail.com,3
Joseph_Ramos3908@mail.com,2
zinovia.gur159@gmail.com,5
Demi-leeCheatham@yahoo.com,5
liliya.sytnyk@gmail.com,5
Kayleigh.Walker5921@rediffmail.com,4
lawrence.ungureanu@gmail.com,5
GabrielCameron4460@protonmail.com,8
Stacey_Tyler@hotmail.com,8
Stephen_Nixon_53@mail.ru,1
Lynda_Day9136@ymail.com,10
gabi.anciu@gmail.com,1
Brett.Nicoletti@outlook.com,6
Yusuf_Gordon@ymail.com,20
Georgina_Martinez_9058@rediffmail.com,3
Kurt.Taylor1953@live.com,3
RhysTownsend_9418@mail.com,5
Ellie_Berk_1515@live.com,3
Muhammed_Hall_7267@live.com,2
Tori.Faulkner8123@ymail.com,3
George_Milne_4129@mail.com,1
Edith.Iqbal@ymail.com,4
Tom_Watt_9951@outlook.com,1
Syed.Paterson4761@qq.com,6
Niamh_Millard_3530@rediffmail.com,3
Eoin.Crow_2000@rediffmail.com,6
ThomasBarrow@hotmail.com,2
NadeerHopkins_9907@outlook.com,4
Arthur_Lees@gmail.com,3
sandra156ghita@hotmail.com,1
Phoebe.Cockburn_9048@protonmail.com,1
andrei.popovici@gmail.com,1
Louise_Burke_6329@ymail.com,2
gavrilenkov.vsevolodovich@gmail.com,2
