email,number
Pamala.Maclean@rediffmail.com,4
Sandra.Connolly_9153@rediffmail.com,9
Robert_Martin@gmail.com,11
LahornMilne_1314@live.com,1
sunay.plamadeala@mail.ru,8
zinovia.munteanu1243@gmail.com,4
Beatrice.Canales_8918@ymail.com,4
VirginiaFortier6454@icloud.com,23
Denise.Jones2091@gmail.com,3
KobeHeath5688@icloud.com,1
Autumn_Simpson2546@mail.ru,1
Sandy_Arnold_6222@qq.com,5
Morgan.Miller7300@hotmail.com,2
Louise_Kay9998@hotmail.com,1
Charlie_Hamilton_462@hotmail.com,7
IsabelMartin9057@rediffmail.com,3
GuyGoddard@rediffmail.com,4
p.gomez.almeida@gmail.com,2
Zachary_Johnson_4887@live.com,4
natalia.mihnea@gmail.com,3
violet.smith@gmail.com,7
TerriWood_7880@mail.com,3
GilbertKennedy_2041@hotmail.com,4
Izaak_Patel_2767@icloud.com,1
milan.chrobak@gmail.com,1
MollieParsons@gmail.com,2
Ethan_Hay_8791@hotmail.com,1
Melissa.Docherty2257@mail.ru,1
BaileyMorrison_3995@yahoo.com,3
Hugo_Lu3007@rediffmail.com,2
iaroslav555munt@protonmail.com,2
denis555chicu@live.com,2
BroganMahmood1420@icloud.com,4
shcherbakov.mikhailovich@gmail.com,2
Katie-leighDivers1980@outlook.com,9
Flora.Fleming286@protonmail.com,3
Lucille.Findlay_1471@rediffmail.com,3
MaddisonWalker_6377@yahoo.com,2
beryx.artenie@gmail.com,55
BryanFord_9384@ymail.com,6
Michal_Frazier5964@live.com,2
ruslan.kuzmenko@gmail.com,1
Brian_Frazer5598@mail.ru,6
Tia_Watson@protonmail.com,8
kellie.sharp@gmail.com,4
Tara.Morrison@ymail.com,9
piotr.lecka@gmail.com,7
Fletcher_Russell_8064@live.com,1
Libby_Aitken_2997@hotmail.com,9
Billy.Hambly_3467@rediffmail.com,3
Eva.Lambert@rediffmail.com,2
DeclanMcLean943@live.com,1
ArchieBray133@ymail.com,1
Tommy.Oswald_6302@yahoo.com,4
Alma_Graham_1197@live.com,4
Johnathan.Gudino_3396@outlook.com,4
James_Moore7916@live.com,2
Garry.Robertson_1138@live.com,3
Rhianna.Tyner4365@live.com,1
sabina.pechova@gmail.com,41
CharlieWatt8180@icloud.com,4
Evelyn.Gallagher_3487@ymail.com,5
Agustin.Stephenson3814@gmail.com,2
arty.bloedon9012@ymail.com,3
nizamutdinov.andrei@gmail.com,2
Janet.Sithik_8586@ymail.com,3
Muhammed_Watt@rediffmail.com,1
Harry.Vincent_1743@yahoo.com,2
David_Duncan_3771@ymail.com,1
agrawalamey12@gmail.com,2
Sam_Bales_7506@yahoo.com,26
Eva.Figueroa_4610@hotmail.com,3
Gail_Black_7040@gmail.com,1
Aleena.Crawford_4021@qq.com,2
CailinZakarn_3549@live.com,7
Abbi_Moore_6253@mail.com,23
May_Cadena@icloud.com,6
Herbert_Parke2679@yahoo.com,2
TaylorCasey9320@outlook.com,3
Billy_Lafleur5234@live.com,8
Helen_Brown_7402@yahoo.com,3
Bryce_McKay_3320@mail.com,18
CynthiaConley_2013@ymail.com,2
MariaBlackburn@qq.com,6
zlata.oprea7132@gmail.com,1
Mason.Hughes@ymail.com,18
Georgia_Davidson_475@hotmail.com,1
cobb.brookhart1970@rediffmail.com,3
Joseph_Reeves5472@gmail.com,2
mikalaj.kipel@gmail.com,4
Cecilia_Day_3888@mail.ru,19
William.Archer@gmail.com,2
Isabella_Malone@protonmail.com,1
Madison_Miller29@ymail.com,4
absentia.norah@gmail.com,3
Ellie.Iqbal8525@yahoo.com,1
Kimberly.Hamilton_4418@ymail.com,1
Daniel.Crawford_688@live.com,1
CarysGarner3389@hotmail.com,9
Lula.Gardner_2063@gmail.com,2
Peter_Wilson_4810@rediffmail.com,2
LillyScott@live.com,9
colton.roy@gmail.com,60
Betty.Conway@outlook.com,2
FinleyAllan8265@rediffmail.com,2
EmilieEvans7218@mail.com,15
Bethan_Ferguson1362@icloud.com,1
georgia.pelletier@gmail.com,2
Rosie.Ali_3136@protonmail.com,1
Cayla_Gregory5639@mail.com,5
Kayleigh.Marshall1076@mail.com,1
Joe.OBrien2830@ymail.com,3
elizabeth.lisnic0125@gmail.com,1
ioana.rusu8123@gmail.com,1
Vernon.Glover2233@live.com,26
Georgina.Simpson_2515@yahoo.com,4
Aaron.Gray@ymail.com,3
Kate_King1079@ymail.com,1
yevstigneyev.ruslanovich@gmail.com,36
Jay_Campbell_1627@outlook.com,5
darian.prodan547@gmail.com,2
Sammie_Boyle7944@protonmail.com,6
Alyx_Tyler1140@live.com,1
Chloe_Newton_937@outlook.com,1
kazymyr.zaporozhets@gmail.com,1
marguerite.drake@gmail.com,24
Jose.Jester639@yahoo.com,1
dubov.rostislavovich@gmail.com,51
Kaitlyn.Williams@rediffmail.com,1
Roy.Deguzman_2940@icloud.com,1
Gracie_Miller_3973@ymail.com,7
Melissa.Daniels@hotmail.com,22
aglaia.rayel@mail.com,3
Sofia.Fraser@protonmail.com,2
SamanthaLuc_8584@ymail.com,2
Ben.Andrews8720@live.com,2
Elsie.Vaughan@gmail.com,1
Samuel_Gray_7413@yahoo.com,1
Pamala_Stewart_6308@protonmail.com,6
Phillip_Humphreys9464@outlook.com,7
Gracie.Smith8963@hotmail.com,1
Earl_Mitchell_5615@hotmail.com,2
Michael.Booker_1693@outlook.com,10
JoanMuir@live.com,3
Sharon.Murray350@live.com,2
Aaron.Garcia5478@mail.ru,1
zara.cojocaru@qq.com,5
KeiranForster_2302@mail.com,4
EmilyHurd_313@icloud.com,3
Harrison_Wyatt_334@icloud.com,6
AlexisReilly_4824@rediffmail.com,1
Daisy_Jamieson5485@gmail.com,4
Joan_Gregory3356@live.com,30
HollyJohnston6573@outlook.com,6
balbina.adamek@gmail.com,1
Heather.Hooper@icloud.com,1
CallumAustin5928@rediffmail.com,8
CraigDocherty1226@ymail.com,6
spessot.jamison@yahoo.com,5
Muhammad_Byrne_9916@hotmail.com,8
AliceSims9595@hotmail.com,4
ruby.martin@gmail.com,4
Anthony.Francis771@qq.com,5
Zara.Saunders@live.com,28
oleksandr.bojchenko@gmail.com,5
dursee.sterne@qq.com,3
nelya.danylyuk@gmail.com,3
LucaHarrison304@live.com,3
Lyle.Howard3505@yahoo.com,4
svyataslau.aleksiutovic@gmail.com,3
Amelia_Millar@live.com,5
RobertSchofield_9251@yahoo.com,1
Alexandra_Stevenson4192@ymail.com,3
Pearl_Macleod_4190@ymail.com,2
Heather_Elliott_9655@outlook.com,1
Harvey.Brady@rediffmail.com,2
KerrisRamos1584@ymail.com,1
Denise_Desimone_7154@protonmail.com,5
Judy.Bates@hotmail.com,8
MaryWheeler2532@rediffmail.com,5
GloriaMartin@ymail.com,1
Owen.Wallace@hotmail.com,4
bonnie.riley@gmail.com,6
Bailey_Banas_1679@live.com,5
LylaCarey_2117@live.com,1
Archie_Watts_7015@live.com,12
Liam_Howard_2309@mail.com,4
arjun.smith@gmail.com,47
Ryan.Williams_8655@ymail.com,12
StephanieHay@ymail.com,11
Jodee_Mason@live.com,1
Chelsea.Ross4048@live.com,7
Larry.Nothar9941@gmail.com,2
FreyaMacDonald_5861@ymail.com,2
wirginia.nietupska@gmail.com,1
Kenneth.Allan@ymail.com,1
charles.mullins@gmail.com,2
RohanSimpson_4315@mail.com,3
Rebecca_Clark6169@mail.ru,4
ondrej.dvoracek@gmail.com,2
