email,number
Karen.Yost@protonmail.com,1
Alex.Jones3363@live.com,2
EdwardFarmer@gmail.com,7
Gabriela_McGregor3705@icloud.com,2
PamelaKirby_2723@hotmail.com,7
elis220gheorg@hotmail.com,1
Katie-leigh_Flanagan3326@outlook.com,2
Karys.Fleming6761@protonmail.com,1
Lloyd_Hunter9891@ymail.com,7
Kimberley.Grant_6668@gmail.com,9
CharlieDay_895@protonmail.com,6
ZilockeFitzgerald8077@ymail.com,5
George.Dudley_9445@gmail.com,2
James.Moore_338@live.com,2
Skye_Jamieson_8067@rediffmail.com,1
Harvey.Kemp9499@live.com,14
Aleeza.Fusco6200@icloud.com,2
TobyBull8117@rediffmail.com,2
Harriet.Krieg8904@qq.com,1
stafan.kavalenak@gmail.com,5
Aaliyah_Roundtree_6944@gmail.com,2
Christopher.Simmons6896@mail.com,5
Iain.Kay_5697@outlook.com,2
Lester.Kerr_9189@protonmail.com,5
Natasha.Davidson@yahoo.com,6
HarrisonSutherland2645@ymail.com,5
MatthewParks5069@ymail.com,1
Bernadette.Hay_2086@gmail.com,5
BenDonaldson5488@rediffmail.com,2
zolin.igorevich@gmail.com,9
Emma_Wright@yahoo.com,4
Declan.Leach_8332@rediffmail.com,1
petar.fidatov@gmail.com,7
David_Draper@qq.com,2
pomelov.valeryevich@gmail.com,2
Phillip.McIntosh4431@live.com,1
duff.thi56@gmail.com,4
Marley_Crow3596@outlook.com,5
ChanelleCraig1255@yahoo.com,3
ac999@protonmail.com,3
Evalyn.Bell_531@mail.com,2
Sasha_Graham_6459@ymail.com,18
Ellie.Wilson_7427@protonmail.com,3
AmyBailey_6372@outlook.com,5
Pauline_Robertson_4289@live.com,2
NoreneField7170@ymail.com,3
Matthew_Brown_5981@live.com,1
Shawn.Mackenzie@hotmail.com,3
Nina_Hunter887@yahoo.com,1
PoppyBorum_192@gmail.com,1
Betty_Hunter_8013@outlook.com,1
Nancy.McKenzie_9149@yahoo.com,4
pomelnikov.stepanovich@gmail.com,3
tommie.cha12@ymail.com,6
elard.b201@live.com,2
yuliya.kononenko@gmail.com,4
valentyn.perepelytsya@gmail.com,1
CourtneyCraig716@protonmail.com,4
Jeanette.Francis9049@outlook.com,6
Bessie.Johnston_884@qq.com,8
n10lupu@qq.com,1
Bryan.Hoke@ymail.com,1
JodieJackson@ymail.com,6
Rosie_Sheldon@ymail.com,2
Quinn_Diaz_9552@live.com,9
emily.campbell@gmail.com,44
benjamin.brown@gmail.com,3
Dominik_McKay_6180@hotmail.com,3
guslyakov.borisovich@gmail.com,1
ChristinaBell6992@qq.com,2
Roberto.Ashurst@qq.com,4
Murrin.Wallis9056@protonmail.com,1
Charlotte.Oliver8315@icloud.com,2
Mia.Dixon_9956@ymail.com,1
SamWallace@outlook.com,8
Kay.Patterson_1556@gmail.com,2
Darren.Paterson_5263@yahoo.com,4
Aston.Randall_6335@icloud.com,1
CharlotteMiller9499@protonmail.com,1
darian.josan4243@gmail.com,2
Louise_Russell2202@ymail.com,1
emma.wong@gmail.com,52
damon.yates@gmail.com,3
Harriet.Macleod_4145@outlook.com,2
Bobby.Knight_190@mail.ru,1
madalina.ceban4721@gmail.com,3
mihai.tchmil@gmail.com,2
ShawnDavison9566@outlook.com,4
Lewis.Case_2188@hotmail.com,1
OskarMoore3833@live.com,2
Christopher_Patterson_1247@ymail.com,2
riley.roy@gmail.com,45
nadezhda.matei@gmail.com,2
Carmen_Faulkner@live.com,5
vadim.uzun@gmail.com,1
Debbie.Kelley_2442@live.com,28
lp854@mail.com,4
Liam.Poscidion@qq.com,21
illya.ovcharenko@gmail.com,2
Andrew_Preston_9139@icloud.com,4
Luca_Emmons@qq.com,3
SusanClayton_9761@live.com,2
flavia.breban@gmail.com,1
Samuel_Ferguson_9292@icloud.com,3
Aleisha.Gore_1658@outlook.com,2
ChristopherBelanger2841@live.com,7
Jack.Reilly_9584@qq.com,3
natalya.ovcharenko@gmail.com,3
Gabriel.Sharpe5663@live.com,2
Hannah.Wong_5733@yahoo.com,4
Amelia.Boyle_6911@live.com,4
ShaunAnderson_5267@qq.com,3
marcela.zemanova@gmail.com,2
latoya.doyle@gmail.com,5
Patricia.King@icloud.com,9
larysa.demchenko@gmail.com,3
PaulinaCarr_2211@protonmail.com,5
Molly.Stamps2931@ymail.com,1
noah.jones@gmail.com,3
grec115rod@outlook.com,10
Octavio_Losh6697@rediffmail.com,4
Jimmy_Coles@ymail.com,1
Micah_Carpio2164@protonmail.com,1
svsatyamvivek5@gmail.com,4
AmberWong3164@icloud.com,3
ramona.muresan735@gmail.com,2
Robert.Henderson1906@rediffmail.com,25
Chris_McDonald_7289@outlook.com,2
Curtis_Wyatt3985@icloud.com,2
KianFox@qq.com,2
CamillaChagoya@rediffmail.com,1
MaryReid@hotmail.com,1
Elias.Jordan7032@qq.com,6
BridgetteLyons@mail.com,2
Jaunita_McKenzie@rediffmail.com,4
Connor.Ferguson@gmail.com,2
Daryl_Bradford_4723@live.com,11
Lynn_Graham_2223@icloud.com,1
Leyton.Haubrich1652@yahoo.com,3
SamuelDavey_1121@hotmail.com,26
Amber.Bruce5367@gmail.com,2
gabriela.ungur@gmail.com,1
Megan.Carey@mail.com,1
Jennifer.Bruce9005@mail.com,2
John_Horrell_8684@ymail.com,1
Rosina.Brown_1574@rediffmail.com,2
Leo_Butler1460@rediffmail.com,2
bernard.slavik@gmail.com,3
Daniel_Hunter_399@qq.com,7
AmyFraser_941@outlook.com,7
Connor.Moore@outlook.com,2
segolene.turcanu0122@gmail.com,6
tchmar342@live.com,2
christopher.pelletier@gmail.com,4
allan.agadati@protonmail.com,2
Alfie.Ross9228@mail.ru,9
Abby_Rodriguez2528@rediffmail.com,1
Julie.Gibbons@gmail.com,1
Anthony.Core@ymail.com,2
florentin.dita4178@gmail.com,4
ruby.jones@gmail.com,1
lina.chicu@gmail.com,18
feyagm@gmail.com,7
vladislav.bejenari387@icloud.com,4
Theo.Lowe_7034@protonmail.com,2
matyas.vykopal@gmail.com,20
Scarlett_Beam9508@mail.ru,6
ibr567gol@hotmail.com,7
ElnoraCraig_5710@hotmail.com,1
Steve.ODonnell5461@protonmail.com,4
CharliePoole_5591@gmail.com,9
iryna.morozova@gmail.com,4
LurdFraser_4536@live.com,3
alexandru.macedonski@gmail.com,3
Natasha.Sutherland_2669@yahoo.com,10
IanRoberts_4016@hotmail.com,1
colin.hansen@gmail.com,44
Cristopher_Byars@qq.com,6
Jimmy_Bergstrom@live.com,5
Leslie_McIntyre_3090@hotmail.com,3
Carrie.McKay7446@live.com,1
erhan.cazacu0832@gmail.com,8
Dale_Smith@outlook.com,4
Pamela_Hamilton_6081@mail.com,5
melinda.wagner@gmail.com,1
InnesCarden8957@gmail.com,4
Jack.Ahmed_2614@rediffmail.com,6
jozafat.pierog@gmail.com,2
Nicole_Dietz7249@protonmail.com,4
KieronSawyer_6584@yahoo.com,4
mval40219@gmail.com,4
Jai_Findlay_6684@icloud.com,11
kayden.anderson@gmail.com,2
bogdana.filipescu@gmail.com,23
Owen_George4172@protonmail.com,6
Carys_Hill_1936@mail.ru,6
Ian.Lamoureux1579@live.com,1
Mohammed.Bell_3945@mail.ru,3
kirill.bauharynovic@gmail.com,2
Hannah.Sutherland_4811@mail.ru,1
