email,number
Jeff_Rosen@qq.com,1
Jessica.Mann_3507@ymail.com,1
McKenzie.Brady3181@gmail.com,1
WilliamMunro3235@mail.ru,3
Adrian_McIntyre1471@outlook.com,2
declan.gauthier@gmail.com,3
Charlene_MacDonald_1446@qq.com,5
rodin.lisnic@gmail.com,6
RudiMiller203@ymail.com,1
george.stoica@gmail.com,3
MilesNorton6457@mail.com,26
egor.burlacu1104@gmail.com,1
antonin.holecek@gmail.com,26
John.Askew7653@mail.com,10
Rose.Burke2372@gmail.com,1
Eli_Muir8283@hotmail.com,3
Dana.Cunningham_3929@live.com,3
LillyJamieson_9782@yahoo.com,3
margarita.bradley@gmail.com,5
Spencer_Coyle_8570@live.com,3
Miley_Higgins@rediffmail.com,1
Abby.Shaw_2613@mail.com,3
ZoeGiles8152@live.com,3
Taylor_Edwards@ymail.com,2
Andrew.Smith_6174@yahoo.com,5
DustinAkhtar_7027@protonmail.com,1
Paula_Parry@qq.com,6
Kristin_McGregor_3261@outlook.com,3
James_Summers@live.com,17
Hamza_Spalding_5552@live.com,8
Ellan_Moore9874@yahoo.com,1
Georgina_Ritchie_1276@rediffmail.com,1
Bethany.Martin7496@yahoo.com,2
lplaton590@gmail.com,2
yakiv.dubyna@gmail.com,6
Gary_Morales_1326@icloud.com,10
Hector.Calzada_1693@yahoo.com,4
Sally.Mason8348@mail.com,1
Henry_Chan3187@yahoo.com,6
Liam_Ortiz5111@gmail.com,9
Charis.Charles_1140@mail.ru,5
MaisieMccray_3586@mail.com,5
JacobNothar_951@gmail.com,1
LulaMoore_5061@rediffmail.com,1
Lily-rose.Norton_7853@outlook.com,1
BobbiBittle9026@live.com,1
ecaterina.lisnic1145@gmail.com,6
Filip.Stevenson@yahoo.com,2
Johnny_Brenner906@outlook.com,1
pat.fields@gmail.com,40
Thomas.Bell_7272@outlook.com,1
Amelie_Wallace3247@live.com,8
Sylvie_Munro1005@rediffmail.com,1
parker.simard@gmail.com,2
MorganTorres_6035@mail.ru,4
Toby_Hughes156@live.com,6
voronov.vyacheslavovich@gmail.com,1
DylanWebster@live.com,1
Mary.Maclean_7376@live.com,1
Maria_Wilkins_724@live.com,2
DianMcDonald_1293@ymail.com,6
Bette_Piercy2168@ymail.com,6
AvaAllan5730@protonmail.com,7
Wendy_White2775@gmail.com,3
miroslava.koubova@gmail.com,23
desislav.alexov@gmail.com,1
Beulah.Crawford_611@ymail.com,3
ruxandra.mihaili@gmail.com,8
CillianCampbell_7096@rediffmail.com,1
catarino.albescu@gmail.com,2
lola.bors3142@gmail.com,4
James.Burke9917@mail.com,5
Heather.Chang_4896@icloud.com,8
Natividad_Wilson@qq.com,3
Phoebe.Naylor@ymail.com,5
RubenMunro8758@gmail.com,1
Dennis_Batchelor_5708@hotmail.com,6
Marissa.Douglas7976@rediffmail.com,2
Ailsa_Kerr7220@ymail.com,4
Michael_Davis_1618@live.com,9
Evie_Dickson@live.com,3
addison.gauthier@gmail.com,1
RuthWilson7390@ymail.com,1
Cayden_Grant3471@outlook.com,1
Lyla.Phillips3306@outlook.com,1
Ramsay.Davis@rediffmail.com,1
Darcie_Powell7756@gmail.com,6
Dominic.Henderson1422@outlook.com,2
popa.mocanu8546@gmail.com,4
racz.eva@gmail.com,4
Brooke.Elliott9574@live.com,3
Ethan.Martin1943@icloud.com,4
g.andronic687@icloud.com,1
Grace_Thompson4561@protonmail.com,13
Rayan_Crawford791@ymail.com,2
LiamTyner@rediffmail.com,1
Martha_Metzger@protonmail.com,2
Oliwier.Kent6526@live.com,2
Anita.Godfrey7182@ymail.com,1
Mason.Stiner_6932@mail.ru,5
NathanHolt@icloud.com,1
major.milan@gmail.com,1
cristina.tatarescu565@gmail.com,6
Erica.Boyce9226@mail.com,6
gennadi.vieru@gmail.com,1
Ayla_Mitchell4387@rediffmail.com,4
Kyle.Power_61@rediffmail.com,6
Anita.McKay6664@qq.com,7
Ryan_McKenzie@live.com,4
Lucy_Olivas_5109@yahoo.com,1
Sebastian.Nydale@qq.com,1
Logan.Hughes@icloud.com,3
mervgera1290@live.com,9
Kieran_Saylor_2306@ymail.com,13
Ryfar_Duncan8106@rediffmail.com,1
CoreyWall_2159@ymail.com,3
Mohammad_James8169@rediffmail.com,4
sclami898@hotmail.com,3
Dewey.Pugh_6292@qq.com,5
Mardin_Ritchie5968@rediffmail.com,2
CesarWatson957@live.com,27
George.Findlay6117@mail.com,2
Annie.McDonald3735@icloud.com,1
ScottGibson6882@gmail.com,1
jamila.brinza123@gmail.com,1
Dorothy_Ingram4892@protonmail.com,2
faith.smith@gmail.com,3
RachelBrown_5150@outlook.com,2
Hallie.Hay_1184@live.com,4
SibylBoyle1836@ymail.com,1
Douglas.Thomson_2308@icloud.com,13
mezei.mercedesz@gmail.com,3
david.jahoda@gmail.com,4
john.belanger@gmail.com,9
JackieThiel9080@rediffmail.com,1
ZainDodd_2215@mail.com,3
Lois.Moore4877@live.com,4
ReginaSheppard5685@protonmail.com,3
Elise.Burrow9798@live.com,7
alihan.balan420@rediffmail.com,1
JosephJones514@live.com,4
dina.radu@gmail.com,5
VernellBoyce_6622@outlook.com,3
cromih232@rediffmail.com,5
Philip_Cameron@live.com,6
szoke.rudolf@gmail.com,34
Jodie.Mcaleer@hotmail.com,2
Sean_Farr5611@protonmail.com,2
Clinton.Stephenson@live.com,5
aurle.doni597@outlook.com,1
cooper.ouellet@gmail.com,6
taras.kozlov@gmail.com,1
CoraDyer@ymail.com,1
swen.hislop14@outlook.com,1
EshanParry@mail.ru,3
Scott.Thomas3237@protonmail.com,4
constance.cook@gmail.com,40
Sadie.Miller6263@outlook.com,2
oleksandr.kondratenko@gmail.com,2
Antonio_Brannum@mail.com,8
Michelle.Rhodes@yahoo.com,4
Louise_Johnson903@ymail.com,1
adriana.grul@gmail.com,3
KyleGordon4686@live.com,3
leos.horvath@gmail.com,1
PeterShah3682@rediffmail.com,3
MaisieMiller8259@live.com,4
yoselin.popa3443@gmail.com,8
cata.ivano12@mail.ru,1
Leigha.Watson_4511@gmail.com,4
polina.tsymbal@gmail.com,1
Elliot_Moore_3093@mail.ru,2
ivana.gavrilova@gmail.com,3
klaudia.tyma@gmail.com,1
Seth_Macleod8269@mail.ru,4
Stenwulf_McGregor4309@rediffmail.com,1
Michael_Vaughan_4449@icloud.com,13
Maisie.Moore@yahoo.com,4
Mylie.Simpson@live.com,3
Alexis_Burns1989@yahoo.com,2
Willie.Canaday_765@hotmail.com,1
Jacob.Schmitz_1577@ymail.com,4
Leighton_Brown_341@icloud.com,5
Kacie.Ross@outlook.com,1
mariya.kulyk@gmail.com,7
Jackson.Zimmerman@gmail.com,1
KaiBates6065@icloud.com,5
Lydia_Nixon@ymail.com,1
Alex_Dennis616@outlook.com,3
Jennifer_Maclean_1525@ymail.com,5
EllaBelanger8314@live.com,25
ilincasclifosovsky@outlook.com,5
drag591frunz@gmail.com,6
Alexandra.Cox6772@yahoo.com,1
Torin.Johnston_9317@icloud.com,8
Alexandra.MacDonald_2687@mail.com,16
RoanHowells4553@mail.com,1
olivia.poenaru1247@gmail.com,2
Joel.Barlow_7745@ymail.com,2
Alasdair_Nelson2234@icloud.com,1
