email,number
Phoebe_Foster7695@yahoo.com,4
paula.tarlev01456@gmail.com,7
Herman_Wolfe@rediffmail.com,1
Mark.Beckman5967@icloud.com,14
Talia.Davis6643@qq.com,9
Dylan_Ball3901@live.com,1
Mia.Bradshaw3318@qq.com,1
PhoebeBaughman_7163@ymail.com,1
Isabelle_Warren_3715@icloud.com,3
Kaitlin_Flynn@gmail.com,6
Silas.Moore_5736@qq.com,3
MaeveCameron@outlook.com,3
Hayden_Williamson_1286@qq.com,2
catalina.ursu@gmail.com,21
bezerdean.tataru1254@gmail.com,2
shcherbina.semyonovich@gmail.com,3
JosephRodriguez2809@gmail.com,6
Kris_Hunter_8521@mail.com,1
Joseph.Williams894@live.com,2
ignacio.spencer@gmail.com,37
Shannon.Macleod_9548@mail.com,1
eric.vac@mail.ru,2
JerryClements5371@rediffmail.com,3
egor.sandu3020@gmail.com,1
rc147@yahoo.com,2
alex.pinz29@mail.com,4
Nieve.Wright5683@yahoo.com,1
JohnnyWilliams9763@mail.com,3
Lewis_Hudson4284@protonmail.com,2
Oscar_Fuller@live.com,1
KrisHarrison3318@live.com,1
LuisTaylor_27@ymail.com,24
Murron.Sinclair_3011@rediffmail.com,12
kozma.adam@gmail.com,4
Morgan.McGregor_1751@live.com,1
yurij.mazur@gmail.com,2
WilliamWesterfield_8183@hotmail.com,3
Kerri_Reid_4319@icloud.com,3
laura.polaska@gmail.com,4
marinela.andronic634@protonmail.com,1
Mac.Pearce_7383@gmail.com,3
Sharon.Shaw_2990@gmail.com,1
adriana.dobre2025@gmail.com,1
orban.katalin@gmail.com,1
Ryan_Williams2829@live.com,3
Kieran.Grant_5153@icloud.com,2
law555cio@yahoo.com,1
Robert_Lamb5446@ymail.com,2
Grace.McKenzie6905@yahoo.com,1
Skye.Brewer_4172@outlook.com,2
Conlan_Johnson@mail.ru,6
Sebastian_Skinner_7794@ymail.com,6
Nathan.Harding7273@ymail.com,8
Diane.Bakos_9342@hotmail.com,6
Tilly_Paterson_1870@icloud.com,1
David_Tobin_7362@live.com,4
Tia.Fry_2307@rediffmail.com,1
GloriaJones@gmail.com,4
sava.borta@gmail.com,10
Richard.Freeman_1149@hotmail.com,4
Adrian_Yost1229@protonmail.com,4
cynthia.jordan@gmail.com,3
Isaac.Bowen_8928@gmail.com,5
Reiss.Brockway_3213@live.com,5
vicolsa589@mail.com,1
Sofia_May1147@hotmail.com,1
Summer_Jordan@live.com,4
Lily-rose.Crawford_5576@hotmail.com,1
brooklyn.gagne@gmail.com,8
ShawnFuller_7426@rediffmail.com,1
Skye_Davis4036@qq.com,2
maya.vasilache7189@gmail.com,4
Lisa.Bond_3592@protonmail.com,2
garrett.kelley@gmail.com,46
Emily.Cunningham4813@hotmail.com,4
Frederick.Barrett_1221@outlook.com,28
Miya.Craig@qq.com,1
HaydenRoss@ymail.com,2
KatherineRussell2413@icloud.com,4
CarlBruce_5495@rediffmail.com,2
lera.bors@hotmail.com,3
Jessica.Wayne_6317@protonmail.com,2
adelina.grosu1050@gmail.com,4
Paul_Wright7145@ymail.com,1
Isabella_Baxter863@gmail.com,5
KirstyTarkington4325@live.com,1
FrazerNorton4516@qq.com,3
Phyllis_Pagan744@rediffmail.com,4
Chanel_Clark_1552@mail.com,8
Curtis.Stewart@qq.com,1
Millie_Shumate_4541@ymail.com,7
DaleHill8271@hotmail.com,2
Niamh.Poplin_4776@ymail.com,1
sofiya.mazurenko@gmail.com,6
PeterDonaldson_4120@qq.com,3
ciprian.musat@gmail.com,15
gina.holmes@gmail.com,8
Susan.Ferguson@rediffmail.com,1
Carletta_Anderson608@yahoo.com,2
silvica.borta1452@gmail.com,5
p.russo874@protonmail.com,1
JamesSmart_408@gmail.com,8
Peter_Cunningham@gmail.com,4
iulio.florentina4321@gmail.com,3
Ayaan_Lewis854@qq.com,1
rodrigo.chiriac9874@gmail.com,2
Ronald_Wright81@hotmail.com,3
GarryMone6367@outlook.com,2
OllieHowarth3987@live.com,4
Jaime_Ruth_6160@rediffmail.com,3
ilie.munteanu8546@gmail.com,5
CharlieOrange584@ymail.com,2
todor.vitanov@gmail.com,16
Louis.Locklear_3263@outlook.com,5
Aimee.Parsons@protonmail.com,2
doru.cristea@gmail.com,2
Shawn.Mistry_5156@ymail.com,6
Georgina.Wood8198@gmail.com,5
Maria_Ryan_1606@icloud.com,5
tamara.melnic7845@gmail.com,2
AbbieFuller@live.com,8
Ameera_Galindo9473@yahoo.com,1
viktoria.kollarova@gmail.com,1
Sam.Sawyers_2912@hotmail.com,3
Isobel_Brown9056@outlook.com,4
olaf.grubich@gmail.com,2
Maisie_Joseph8631@ymail.com,4
Chris.Fowler_4317@protonmail.com,3
WilliamMoss3341@ymail.com,1
eric.luca3050@gmail.com,6
Kasey.Smart@live.com,3
Regan.Harris@live.com,5
Joe_Ross8546@outlook.com,2
Lyle_Hodgson_1868@icloud.com,2
Shelia.Berry_3295@outlook.com,7
HaydenBurns7923@hotmail.com,1
FlynnLloyd_4914@ymail.com,2
Toby_Aitken6319@live.com,4
FrancesHill_2272@ymail.com,1
Rose_Grant1188@ymail.com,1
atlantic.emmet45@gmail.com,1
Teegan_OConnor2233@qq.com,12
daniel.vicol7584@gmail.com,1
crina.barbu7823@gmail.com,1
Declan_Scott@yahoo.com,4
Evan.Lynch_5057@ymail.com,1
Abdullah_Hunter@rediffmail.com,2
jaxson.ouellet@gmail.com,54
Sam_Fry_3375@rediffmail.com,6
Robbie.James@hotmail.com,14
Naomi.McIntyre8746@icloud.com,1
LoganFreeman_3237@ymail.com,3
Scott.Boyle_2401@ymail.com,3
Isaac_McLean_9207@qq.com,4
constansa.georgesco1428@gmail.com,1
Aimee.Mayer_6547@live.com,4
mihail.tchmil55@live.com,5
Islay_Dale_3544@qq.com,1
Isabel.Almaraz3243@outlook.com,3
lyudmyla.horobets@gmail.com,3
leah.gonzalez@gamil.com,4
Connor_Stevenson8362@gmail.com,1
Robert.Mitzel4189@yahoo.com,6
MarkBryan_3356@outlook.com,3
Abbie_Burgess6840@protonmail.com,5
William_Sullivan@ymail.com,2
Andrew_Waller@qq.com,5
Toby_Frye_5977@yahoo.com,2
David_Moore_9912@ymail.com,3
Amber.Peacock7269@gmail.com,3
AbigailBailey8558@live.com,1
Anne_Rodger_8918@icloud.com,4
banik.briant15@ymail.com,1
roberta.lambert@gmail.com,40
Caiden_Randolph4294@live.com,3
ansh.tayal.03@gmail.com,2
Ryan.Burton@mail.com,5
marton.reka@gmail.com,2
LouieMcMillan9901@ymail.com,4
FionaReilly_8075@hotmail.com,4
MackenzieFerguson@live.com,3
eddyfosman@gmail.com,2
Carrie_Bowers_354@hotmail.com,4
AshleyWright@yahoo.com,8
flavius.stanasila@gmail.com,1
marcelpro110@hotmail.com,2
Cian_Nolan_6672@ymail.com,4
Matthew.Barnett_3975@yahoo.com,7
Christopher_McKenzie@live.com,3
Connor.Wilson_7715@gmail.com,3
Bryn.Cummings8135@hotmail.com,1
crina.kassapu2143@gmail.com,1
Evie_Reid3905@yahoo.com,3
Joe.Maples@yahoo.com,3
Bradley_Dennis8460@mail.com,7
Jared_Bradley_233@mail.com,4
nelia.stati9821@gmail.com,6
WeronikaBishop2485@icloud.com,5
oliver.castillo@gmail.com,33
booby.bly@icloud.com,1
