email,number
Kayleigh.Hanson_4400@gmail.com,1
Lilly_Gallagher_1198@yahoo.com,6
yevheniya.lysak@gmail.com,6
avery.gagne@gmail.com,2
Naomi.Newman@icloud.com,1
Frances_Nixon@protonmail.com,5
Anna_Godfrey3188@icloud.com,3
Leona_Reilly_5800@outlook.com,4
SharonWalker230@hotmail.com,1
Gladys.Black3706@mail.ru,4
Dominik.Moran_9238@gmail.com,2
Lana_Karlson6173@hotmail.com,2
JasonDennis_2321@yahoo.com,1
bud.cain19@hotmail.com,1
Aaliyah.Walker_4581@live.com,5
Elliot.Profitt_751@icloud.com,2
Gabriel.Fernandez3551@live.com,5
WilliamMay@ymail.com,14
BerniceGordon_8473@gmail.com,1
Muhammad_Richards_1@mail.com,10
Robert_MacDonald2295@icloud.com,6
Jeanne_Ross_4152@yahoo.com,1
Guillermo_Hatfield@hotmail.com,2
Archie.Crawford_5516@hotmail.com,1
Steven.Robinson_9110@ymail.com,5
TedDierking_1868@ymail.com,4
Rhys.Mackay_5486@outlook.com,1
Cecelia_Kennell2792@mail.com,9
brody.white@gmail.com,4
hilar.hrybanac@gmail.com,3
Natalia.Martin9992@hotmail.com,1
MelissaMiller8294@gmail.com,2
LelandMaclean9778@yahoo.com,6
rekha@absentiavr.com,36
Abby_Graham@hotmail.com,3
Kerr_Howarth_2084@icloud.com,2
ella.anderson@gmail.com,10
DianaPatel_3883@outlook.com,5
Grace.Williams_902@gmail.com,4
varujan.constantinescu@gmail.com,45
Jade.Garza_6263@rediffmail.com,2
Iris_McMillan3063@live.com,1
JohnReynolds6327@live.com,2
milena.stratan2141@gmail.com,4
klaudia.repkova@gmail.com,2
Cerys.Stewart_7460@qq.com,1
Matthew.Robinson@icloud.com,2
Mark_Bruce_2050@icloud.com,2
Gabriel_Ritchie130@icloud.com,5
CarlDemery_6101@qq.com,12
George_Taylor_8432@protonmail.com,4
James.Kerr_1480@yahoo.com,1
Jesica.Marshall@hotmail.com,2
irina.caraas1123654@gmail.com,7
ivan.vasiliu7812@gmail.com,2
Frederick.Graham@icloud.com,5
audrey.cote@gmail.com,39
Sharon.Moran5597@ymail.com,6
Morgan.Hargreaves7216@icloud.com,1
Ashley_McGregor2653@live.com,4
Julie_Dodge3668@outlook.com,4
Scott.Guest_2445@rediffmail.com,1
leo.cer208@ymail.com,2
agata.novakova@gmail.com,1
Anas_Clark_7544@protonmail.com,6
Peter.Chavez_7537@qq.com,2
SaraBurns_4755@gmail.com,4
AlistairHowe@live.com,7
anisoara.buga746@gmail.com,1
LleytonWells7055@live.com,6
celestyn.jurek@gmail.com,5
Felicity_Devries@rediffmail.com,6
dorina.istrati@gmail.com,3
sabina.nemeckova@gmail.com,2
Kai.Shah_4956@outlook.com,2
tsukanov.aleskeevich@gmail.com,3
Ruby_Dew_7938@icloud.com,4
Heather_Munro7682@mail.com,5
Emily.Harrison@live.com,25
ZainDeleon4941@live.com,1
Karys_Bruce_2528@outlook.com,5
dorin.vlaicu@gmail.com,2
Jennifer_Ballard5719@mail.com,4
lindsay.wood@gmail.com,2
raphael1990@icloud.com,5
Jonathan_Neihoff_809@rediffmail.com,1
stefania.ciobanu@gmail.com,1
rodrigo.rusnac895@gmail.com,7
Aayan_Goldsmith_5784@ymail.com,1
Anas_Holloway_3484@protonmail.com,2
robert.biely@gmail.com,4
Kieran.Parry1838@outlook.com,13
Joanna.Graham_7877@gmail.com,1
Octavio_Muir405@ymail.com,2
caleb.platon@gmail.com,3
Harvey_Holland_5458@mail.com,1
Kristin_Puente8160@mail.com,5
James_Parkinson@ymail.com,2
patrick.welch@gmail.com,2
Jemma.Stone@qq.com,1
Alex.Dew_4005@outlook.com,13
Elizabeth_Valentin9674@yahoo.com,4
Evan.Millar3846@gmail.com,1
Luca.Henderson_4845@yahoo.com,4
Kai_Hamilton435@gmail.com,1
Gary_Allan4837@gmail.com,2
Gabriel_Suhr_8514@live.com,1
Kieran.Fleming2820@protonmail.com,4
Izaak_Kelly@live.com,4
Modum_Koerner_5367@gmail.com,3
Reece_Holloway733@mail.com,2
TobyDudley_9546@mail.com,4
LauraArnold_9362@ymail.com,2
Geoffrey.Shaw7577@gmail.com,5
nardus.juravschi541@icloud.com,1
Austin.Wright3607@hotmail.com,1
Poran_Morrison8169@icloud.com,10
Dean_Willis_2730@qq.com,2
Arwen.Hanson9873@ymail.com,4
India.Christie8797@ymail.com,2
Marley_Connor9002@live.com,6
Thomas_Richardson_8995@yahoo.com,2
margarettamocfg45@protonmail.com,1
elena.plamadeala2221@gmail.com,1
Constance.Buckley8210@yahoo.com,3
sava.sokolov@gmail.com,1
voileta.goian7845@gmail.com,3
Jacob_Ball9129@outlook.com,8
victor.cernei8476@gmail.com,4
Karl_Cassidy_9969@icloud.com,5
LawrenceHoisington_8387@hotmail.com,1
RachelGood@protonmail.com,5
olkhovsky.larionovich@gmail.com,1
Alexander_Goff_1614@outlook.com,4
EleanorMilne1108@yahoo.com,4
Sofia.Calloway_3350@ymail.com,26
Joseph.Yoon599@yahoo.com,2
Sherry.Andrews7129@protonmail.com,6
ema.bothezat8526@gmail.com,2
NofordMoore@outlook.com,3
Earl.Reeves9030@ymail.com,2
RaymondRodriguez@ymail.com,4
Paige.Crawford7322@icloud.com,2
LoganReid243@qq.com,4
Bella.Medina_2673@ymail.com,3
Ava_Brewer_156@ymail.com,1
Wiktoria.Murphy2866@rediffmail.com,4
Callum_Gray_1473@outlook.com,1
CaoimheReilly2516@hotmail.com,2
Billie.Dubuque_6782@protonmail.com,7
stefan.uzun@gmail.com,4
oleg.vacarciuc9714@gmail.com,3
Ava_Davidson_7435@gmail.com,2
nicoleta.gurian@gmail.com,3
HarrisonLovell9344@icloud.com,4
Charlie.Newton@ymail.com,8
LexieFrench_1129@ymail.com,3
LydiaAdams_1691@rediffmail.com,1
Lily_Hay@yahoo.com,2
Emaan_Baxter@live.com,3
Joseph_Stewart@gmail.com,9
Barbara.McIntosh@ymail.com,6
mack.williams@gmail.com,40
dari80popa@protonmail.com,2
Neve.Pizarro_2052@protonmail.com,1
erica.sclifosovsky1212@gmail.com,2
NeowyldHenderson_7311@live.com,10
geza.cosmescu@gmail.com,4
Sophia.Clayton_4675@outlook.com,23
Declan_Pearson_3606@protonmail.com,1
Benjamin_McIntyre_9232@ymail.com,2
Luca_Henry_4942@ymail.com,5
daniela.stanasila@gmail.com,8
NataliaHerbert@hotmail.com,1
tigran.istrati@gmail.com,4
Henry_West@hotmail.com,1
Murray.Sheppard1005@live.com,4
LindsaySpencer7092@icloud.com,2
alva.lacelle1989@live.com,5
dragomir.cretu5953@gmail.com,3
Erin.McIntyre@protonmail.com,2
Joel_Whipkey@hotmail.com,1
leo.desh76@protonmail.com,10
Markdoon_Saunders3433@yahoo.com,4
Lauren.Miller@icloud.com,2
Corey.Macleod823@yahoo.com,8
Zahra.Morgan_6813@protonmail.com,1
Marissa_Conrad6922@ymail.com,1
CarolAnderson_7542@live.com,6
David_Short_6791@yahoo.com,4
Danielle.Meier_9662@icloud.com,4
Alex.Everitt@gmail.com,1
jamila.brinza9745@gmail.com,7
Lawrence.Young6142@ymail.com,24
Leigh_Potter8525@hotmail.com,3
Seth_Milne@live.com,2
Zara.Lee3357@hotmail.com,2
flavius.tanase@gmail.com,1
Brayden_Peterson@protonmail.com,2
Brodie_Morrison1417@live.com,18
