email,number
Anya.Bustamante_535@icloud.com,1
Romona.Davidson_1696@outlook.com,1
silvia.hila@gmail.com,6
bruce.fernandez@gmail.com,7
David_Mitchell_4689@icloud.com,6
melanie.george@gmail.com,2
ellie.martin@gmail.com,31
Deana_Pittman_5839@mail.com,1
David_Ramos3174@hotmail.com,1
igor.josan7908@gmail.com,6
ivailo.sotirov@gmail.com,3
orosz.alexandra@gmail.com,2
Christie.Ashby1986@gmail.com,7
Jayden_Benefiel_8430@ymail.com,4
Timothy.Dickson2300@rediffmail.com,1
PatrickClements_2549@hotmail.com,1
gennadi.josan7418@gmail.com,1
Mohamed_Duncan@gmail.com,6
astratan997@rediffmail.com,2
DanielWilliams_3398@mail.ru,1
Willow.Collins1853@outlook.com,6
James.White_8254@protonmail.com,4
jacob.gauthier@gmail.com,1
michal.martinek@gmail.com,1
Daniel_Clements9094@ymail.com,5
bob.sandoval@gmail.com,8
Ava_Graham6356@qq.com,3
Harriet_Cox@protonmail.com,6
viorel.darii@rediffmail.com,5
lucyna.podgorska@gmail.com,3
angus.mohammed23@gmail.com,3
LydiaFlowers@live.com,1
Ailie.Docherty_1975@icloud.com,3
HonorMcIntosh_1947@yahoo.com,3
Corey_McLean@ymail.com,7
Thomas_Weishaar_2394@hotmail.com,24
imanuela.ojacarcu@gmail.com,2
maria.atanasova@gmail.com,1
Robert.Hunter7557@yahoo.com,9
Edgardo_Parsons_4761@qq.com,7
HopeHarvey_3540@live.com,1
Jodie_Hammond_6885@live.com,1
OwenAnderson9644@ymail.com,6
anca.apostol@gmail.com,7
Alexander.Wood_1816@icloud.com,1
ElijahMcIntyre_1885@live.com,14
maxim.melnic1245@gmail.com,4
Brian.Graham_4101@rediffmail.com,3
Lily.French1972@gmail.com,3
Jake_Perry1390@rediffmail.com,2
JorjaField_4907@hotmail.com,1
Amy_Parsons_6861@outlook.com,3
Mary.Brown7466@yahoo.com,3
AmberKennedy_4977@hotmail.com,3
Brooklyn_Johnstone@outlook.com,3
JemmaMurphy_2154@protonmail.com,3
stan.gagnon1989@gmail.com,22
GabrielLeon6818@icloud.com,12
henry.santos@gmail.com,38
ineceb857@outlook.com,1
Carol.McMillan9772@mail.com,3
David.Amos8898@protonmail.com,2
eric.rotaru628@gmail.com,8
casandra.chicu352@live.com,3
shurupina.alekseevna@gmail.com,5
Eloise_Boston_1167@live.com,1
Myley_Warner@mail.ru,3
Jacob_Robertson_4550@live.com,5
Mabel_Hamilton_9841@icloud.com,1
luiza.swiech@gmail.com,1
sofia.grosu347@gmail.com,10
Gavin_Murray_9523@live.com,10
JudyMaclean@icloud.com,1
Jimmie.McDonald4459@live.com,1
Kobe.Higgins1862@ymail.com,7
Ana.Campbell3136@outlook.com,6
Miya.Benson_6437@live.com,6
Natasha_Bruce_7994@protonmail.com,1
Marjorie.Mackenzie9280@hotmail.com,2
Daniel_Fraser_8013@gmail.com,1
Oliwier.Craig@outlook.com,3
Matthew_Dickson7505@gmail.com,8
Emaan.Muir2833@mail.ru,3
FinlaySalter8562@yahoo.com,3
Noah_Haubrich3710@mail.com,5
Ajay_Oliver3914@protonmail.com,8
JoelKing_379@protonmail.com,3
Annabel_Wallace_6415@live.com,6
Rebecca_Stevenson_4866@protonmail.com,1
HarrietBowman4193@outlook.com,3
Kevin.Gough_2018@ymail.com,3
TaylorLittle@live.com,2
kulakova.dmitrievna@gmail.com,5
Kimberly_Kennedy7456@live.com,3
Kayden.Chapman400@live.com,6
damir.cusnir6245@gmail.com,2
roman.miron4528@gmail.com,3
vicrod111@gmail.com,1
bedrich.rezek@gmail.com,3
Joshua_Watson_5938@live.com,1
TanyaMoore@live.com,2
Bradley_McIntosh7532@yahoo.com,4
Cara.Haynes8083@ymail.com,1
GeorginaMurray8051@yahoo.com,2
Hamish_Thompson1009@qq.com,2
Brenda_Becerra_5128@mail.ru,3
sylvielesas@gmail.com,4
Matthew_Bevan@outlook.com,1
madan.gherman1058@gmail.com,5
Mohammed.Campbell_6124@ymail.com,4
ion.torje@gmail.com,6
Charlotte.Scott_2131@yahoo.com,4
Chloe_Brown_7779@rediffmail.com,4
mack.zim27@live.com,1
lidiya.kutsenko@gmail.com,1
TiboltMackenzie_850@ymail.com,11
ivchenko.aleskeevich@gmail.com,5
thomas.wong@gmail.com,2
LeonAitken8521@gmail.com,5
SamuelBuono_1031@qq.com,5
BillyWarren_9110@hotmail.com,2
shulgin.rostislavovich@gmail.com,3
Anas.Campbell6902@hotmail.com,1
Zachary_Huling@gmail.com,5
Phillip_Rahman_9046@protonmail.com,1
James_Sinclair_3967@live.com,34
KadeRomo@qq.com,1
alexandra.topal@gmail.com,4
mattie.campbell@gmail.com,5
Rudy_Ackerman292@live.com,4
Michael.Bruce@yahoo.com,3
Evie.Denson1075@ymail.com,1
Tania_Moore_1616@gmail.com,9
BillieMcLean_3934@mail.com,7
essie.griffin@gmail.com,62
ShawnBrown6802@live.com,2
Kieran_Neihoff_5077@yahoo.com,3
Bella_Kelly6525@hotmail.com,3
Innes.Austin@outlook.com,3
krystian.szopinski@gmail.com,3
ErinCastillo@rediffmail.com,1
Jimmie.Gregory1721@protonmail.com,1
techpandaaa1@gmail.com,2
Blair_Moss@protonmail.com,5
abel.albu@gmail.com,4
justin.campbell@gmail.com,2
brans.jaime5612@live.com,2
Keiran.Morrison_3442@ymail.com,3
darian.postica8549@gmail.com,4
Oliver_Chan7375@qq.com,1
Taylor.Fraser_1021@rediffmail.com,1
Lephidiles.Bryan_3870@live.com,4
BrynHall_7019@rediffmail.com,1
Summer.Galindo_7666@yahoo.com,4
Lance.Mayer@mail.ru,4
kishan.b@wingstechsolutions.com,6
relia.costache7831@gmail.com,1
artsyom.lastousk@gmail.com,5
lilian.frunza@rediffmail.com,5
BrooklynChristie_2603@hotmail.com,26
Nicole.Bishop_7497@gmail.com,4
lrailean@outlook.com,2
FaithBernhardt4013@ymail.com,1
Dan_Parkes_4656@icloud.com,1
Naomi_Gregory5689@hotmail.com,1
nadin.tcaci7814@gmail.com,3
John.Douglas9356@rediffmail.com,3
Mairi_Hamilton_5970@protonmail.com,1
JessicaDavey9032@live.com,4
antoni.watroba@gmail.com,4
Stephen_Humphries6313@ymail.com,4
KeiraBaldwin4397@ymail.com,5
thessala.gheorghita2109@gmail.com,2
iancu.moscovici@gmail.com,9
Billy.Cole@live.com,2
yukhtrits.filippovich@gmail.com,3
Marissa_Romano_5360@yahoo.com,2
blanka.smetanova@gmail.com,2
Myles_Hughes6935@ymail.com,2
Lucie.Sinclair@outlook.com,8
Muhammad_Dale7398@protonmail.com,5
Isabel.Wallis5608@gmail.com,1
rozalia.stoica@gmail.com,1
Mary.Gilbert4893@gmail.com,9
Dana.Elliott_7740@ymail.com,2
Maci.Iqbal9343@ymail.com,5
kay.stephens@gmail.com,4
Carmen.Pugh_7431@icloud.com,1
Francesca_Duncan_3109@live.com,3
Tithan.Price4503@gmail.com,1
Chanelle_Marshall_4288@mail.com,2
Regan_Lindstrom1363@rediffmail.com,6
SherryFraser_542@ymail.com,7
Lauren.Wilson4695@live.com,9
Spencer_Miller44@hotmail.com,5
Rory_McIntosh@protonmail.com,7
Gabriela.Scroggins_3580@gmail.com,3
zbysek.cermak@gmail.com,3
Anya_Ross2877@hotmail.com,1
Gabriel.Bibi_9477@live.com,8
