email,number
tikhomirova.igorievna@gmail.com,64
Gail_Craig@live.com,1
EliseLeach9914@ymail.com,6
Alyx.Macleod_3283@gmail.com,1
Cristopher_Allen@outlook.com,7
Elizabeth_Wallick2302@rediffmail.com,3
Lilly.Douglas2460@mail.ru,7
Elva.Clark_3163@yahoo.com,2
Maisie.Murphy@gmail.com,3
EvaHester@protonmail.com,3
LadonnaMcKenzie_824@hotmail.com,12
Helen_Wright_4436@protonmail.com,8
Amelia.Scott5523@protonmail.com,1
MarcHill_9544@yahoo.com,6
sebastian.luca@gmail.com,9
Ethel_Duncan_1598@outlook.com,4
MillieAnderson2807@mail.com,2
Lawrence.Johnstone1089@hotmail.com,3
Kelsie_Hamilton@mail.ru,3
KieraDonnelly3246@protonmail.com,8
Roy_Maclean4436@icloud.com,2
Patrick_Waters_6313@protonmail.com,3
Harley.Lawrence5600@rediffmail.com,3
Milly_Hayward767@live.com,3
AyaanHanson_6408@hotmail.com,1
HazelBarrett_1925@hotmail.com,1
Willie.Gallagher_7116@mail.com,2
Elise.Craig_1688@hotmail.com,1
nic887ceb@protonmail.com,5
Lavonna_Perkins9214@gmail.com,9
SafaMillar_7724@ymail.com,1
Liam.Hernandez_9979@ymail.com,3
Karin_Mcmahon_5425@ymail.com,3
wilbert.evans@gmail.com,2
Sienna.Ferguson9308@ymail.com,4
ruslana.cretu@gmail.com,2
Aidan.MacDonald_5501@qq.com,4
Iris.Willis3960@outlook.com,6
LawrenceDawson@protonmail.com,1
ZoeDickson4388@hotmail.com,6
Conor.Mills@yahoo.com,2
xenia.juravschi9586@gmail.com,3
Phoebe_Leyba@live.com,6
Marc_Shaw8978@ymail.com,2
amirstrat555@gmail.com,3
Jayden_Powell@icloud.com,2
Jerry_Muir@gmail.com,1
Maria.Young@mail.com,3
Louis.Figueroa@outlook.com,2
EleanorRichards_643@icloud.com,2
Stella_Jackson_6940@live.com,1
djisabeast11@gmail.com,8
bignickharper@gmail.com,4
Roger.Hughes7252@protonmail.com,1
marcela.soukupova@gmail.com,34
Kieran.Wallace1451@hotmail.com,3
Jay.ONeill_2378@ymail.com,3
greg.andronic8741@gmail.com,1
corina.vlaicu8219@gmail.com,4
ionut.bunea2001@gmail.com,1
Georgina.Downes@hotmail.com,18
CharlesIngram9036@icloud.com,1
Dominic.Docherty7156@outlook.com,3
Jake_Johnstone@ymail.com,1
Harris.Robertson@protonmail.com,10
Austin_McKenzie@protonmail.com,1
JerryLosh4384@hotmail.com,2
boian.ardelean@gmail.com,1
alexander.ursachi@gmail.com,2
mykhajlo.zakharchenko@gmail.com,3
KimberlySmith_1192@ymail.com,1
tigran.gherman2587@gmail.com,1
Bruce_Wright_26@outlook.com,3
Lorenzo.Campbell6988@gmail.com,5
scarlett.gagne@gmail.com,1
Stephen.Yates_600@live.com,3
LillyCampbell@icloud.com,1
Sasha.Carroll_9858@live.com,2
KathyLambert_6200@yahoo.com,3
Edna.Franklin_5439@icloud.com,9
Marie_Cross3675@ymail.com,3
Bartosz.Milne_9698@live.com,3
Scott.James4683@protonmail.com,3
anna.cieraskovic@gmail.com,7
Tiana_Hughes3253@gmail.com,3
Janet_Pratt_3518@mail.com,1
Myrtle.OSullivan2727@yahoo.com,4
Tyler.Marshall_7823@live.com,2
ConnorChester_4871@outlook.com,3
Emanuel_McMillan_3793@live.com,3
Nicholas.Wilson7864@live.com,8
Joseph_Mitchell_4074@mail.ru,4
Harley.Parry@yahoo.com,2
sava.dyachuk@gmail.com,5
Cian_Hughes8512@gmail.com,3
Marco.Clark@protonmail.com,4
Mary_Saunders@icloud.com,2
Alice.Jamieson9207@mail.com,1
Allan_Macleod1982@live.com,16
Harriet_Young9829@hotmail.com,5
Antonio_Crawford378@rediffmail.com,1
ArchieStewart6997@qq.com,1
LaraMarshall_7136@qq.com,6
yar231cus@gmail.com,2
Jonathan.Hunter@rediffmail.com,6
hayes.reev4578@qq.com,5
zhanna.omelchenko@gmail.com,3
Ethan.White4898@yahoo.com,3
Ruari_Dawson_3067@yahoo.com,1
NoreenPowell_8197@protonmail.com,6
TylerJoiner3816@live.com,7
Barbara.Williams9565@icloud.com,2
Jake_Metcalfe533@hotmail.com,5
Lawrence.Hatch9085@mail.com,2
oprvla226@gmail.com,1
Gabriel_Graham_3704@outlook.com,1
Alisha.Delucia_97@yahoo.com,1
Tom.Forbes326@gmail.com,10
Jesse.Gordon2825@rediffmail.com,3
Franciszek_Anderson2036@gmail.com,2
Fraser_Hughes_2026@gmail.com,2
Emily_Hussain9921@live.com,1
Jean.Edwards@rediffmail.com,6
JacobDuncan4966@outlook.com,3
James.Slater_5177@qq.com,8
Lee_Clark_4962@hotmail.com,1
JamesPrice@outlook.com,1
TraceyTaylor@ymail.com,1
Carol_Nicholas_5515@mail.ru,8
Charlie.Tarkington@ymail.com,2
huntington.stocks17@rediffmail.com,4
Kiran.Wood_2672@yahoo.com,5
Grace_Marshall_685@live.com,2
Debra_Anderson9539@outlook.com,3
vladislav.chi850@outlook.com,1
Robert_Wood3436@rediffmail.com,2
Cody.Docherty9030@mail.com,6
DavidJenkins7877@hotmail.com,6
murry.clus66@outlook.com,5
Doris_Thomas@protonmail.com,5
Mia.Stambaugh@live.com,3
Ava_Fish1575@ymail.com,1
Jasmine.Brown1812@ymail.com,5
marja.yanushkievich@gmail.com,1
Sophie_Black8650@yahoo.com,2
oksana.rail620@qq.com,4
Nelda.Barker_78@live.com,28
Liam_Robertson8006@protonmail.com,1
JaydenVansickle9330@mail.com,8
Annie.Parkes_4294@mail.com,1
Liam_Shadowbane3178@outlook.com,1
PaigeMitchell_8292@ymail.com,1
Fraser.Montgomery689@rediffmail.com,1
LeonDavey_8391@mail.ru,1
backshall.dirk12@live.com,3
Catherine_Kay_8462@gmail.com,2
Eula.Davidson_5970@live.com,3
Alexander_Marshall@live.com,4
Jamie.Young@rediffmail.com,3
David.Mackay4774@icloud.com,4
HarleyDavidson7271@protonmail.com,1
Rhys.Hawkins_3134@yahoo.com,4
SharonDixon659@icloud.com,6
Nathan.Middleton1740@outlook.com,5
Ellie_Hughes5087@rediffmail.com,3
sukisuki752@gmail.com,3
Faith.Hutcheson@ymail.com,2
Mujarin.Atchison_8869@mail.ru,4
zemart161@live.com,6
Dylan_Campbell@icloud.com,2
Jensen.Dumas690@ymail.com,6
yerkhov.yermolayevich@gmail.com,1
Lauren.Cook@icloud.com,11
AlfieFaulkner_4020@icloud.com,3
Yasmin_Roberts@yahoo.com,9
elena.sturza3126@gmail.com,5
brana.cernei@gmail.com,2
Melissa.Turner_1815@protonmail.com,3
Judith_Taylor_1571@outlook.com,3
Jackson_Dennett5566@outlook.com,3
Sylvie.Martinez9813@qq.com,1
CynthiaHungerford@live.com,2
Charles_Ehlers_3175@icloud.com,5
Lawrence_Eddy_5246@outlook.com,3
Jonathan_Cameron_4860@outlook.com,6
Joel_Newman_7331@mail.com,1
Jordan.Randall@hotmail.com,4
beth.bass@gmail.com,57
Scott.Orcutt_5699@icloud.com,1
Finley.Scott7603@hotmail.com,3
sergiudu88@ymail.com,1
porfirie.negru@gmail.com,5
Tommy_Muhammad_8339@protonmail.com,3
rom25must@icloud.com,1
shults.igorievna@gmail.com,30
GraceKennedy6092@live.com,1
Niall_Jamieson@qq.com,1
GuadalupeBlack@live.com,18
Laura.Hudson_9432@mail.ru,2
Aaron.Akhtar5934@outlook.com,1
