email,number
JuliaPugh@mail.ru,2
Kiran.Hurst@ymail.com,2
adil.mala25@ymail.com,1
Craig_Rider@rediffmail.com,2
Patrick.Auten3033@mail.ru,4
jan.savzin@gmail.com,4
Amie_Dickson@mail.ru,3
oleksandra.novikova@gmail.com,1
Kayleigh_Gray_8964@icloud.com,2
Kyle.McMillan_9716@mail.ru,3
istrod557@ymail.com,1
polmal980@outlook.com,1
roman.dyachenko@gmail.com,4
DylanShaw_7536@live.com,4
bors.russo950@gmail.com,1
narcyz.sziler@gmail.com,5
Wiktoria_Fraser@qq.com,1
svetlana.vodickova@gmail.com,2
Stacy.Maclean@mail.ru,3
Ben.Parker_7816@protonmail.com,7
DanielCunningham750@mail.ru,5
PhoebeMcMillan_5199@mail.ru,8
Georgia.Connolly_343@outlook.com,6
Abby.Fleming@mail.com,1
PrestonBurke712@outlook.com,1
miriam.watson@gmail.com,16
SamanthaWilson@ymail.com,3
boyana.romanova@gmail.com,6
nicu.platon435@gmail.com,2
Phoebe.Weiss5576@ymail.com,4
Jose_Miller@gmail.com,1
David.Connor@ymail.com,6
clifton.gilbert@gmail.com,3
Maria_Anderson_237@ymail.com,3
Emaan_Douglas@protonmail.com,6
ps06756@gmail.com,1
elvina.ungureanu@mail.ru,3
CharlotteMartinez_904@live.com,1
Cooper_Grant_2883@mail.ru,4
samuel.kroupal@gmail.com,3
AnnDonaldson_8108@live.com,1
AndrewMorgan@mail.ru,4
Benito.Poling@live.com,10
liubi.zemur458@protonmail.com,22
ConnorFoster@protonmail.com,3
Amy_Talbot1482@rediffmail.com,1
AmeliaMitchell7664@protonmail.com,4
Kayley.Stevens3473@protonmail.com,4
Abbey_Moran5458@hotmail.com,3
Demi.Boulay_9029@outlook.com,2
yesenia.ursachi@gmail.com,7
SkyeFerguson_9038@mail.ru,2
david.macedonski@gmail.com,2
voronina.afanasievna@gmail.com,3
Gabriel.Jenkins_2004@live.com,3
Brandon_Martin3331@live.com,9
Safa_Williamson_6566@outlook.com,7
Max_Crawford9353@protonmail.com,1
Boyd.Ferguson_9398@live.com,3
Owen_Joiner4620@ymail.com,2
Andrew.Nicoletti_9995@mail.ru,9
tiffany.vargas@gmail.com,2
Ailidh.Land9016@ymail.com,8
onesimus.rusnac3698@gmail.com,5
drahoslav.gogean@gmail.com,5
andrij.prokopenko@gmail.com,1
Clare_Hammond8236@qq.com,2
Helen_Stephenson9063@yahoo.com,2
Kodi.Sharpe_6051@protonmail.com,1
Conor.John1578@live.com,4
inna252b@ymail.com,3
WilliamBurns6062@gmail.com,4
dkassapu220@live.com,6
valadar.jaumienau@gmail.com,1
Ellie-louise_Alexander_8299@live.com,7
Michael.Bartlett_5089@rediffmail.com,2
Amy.Foster_4714@mail.com,3
sara.gal@gmail.com,5
Luke.Ritchie@icloud.com,2
Lawrence_Andrews3785@protonmail.com,2
CassidyWalker_2067@qq.com,2
Flavia_Davidson9291@live.com,8
GabriellaBoone_6019@hotmail.com,2
Samantha_Martin8975@mail.com,3
Jemma.Kennedy@outlook.com,4
Grant_Davis4475@mail.com,1
SamuelHurd9329@mail.com,13
vasile.cazac@gmail.com,4
donica.rotaru054@gmail.com,6
Gwen_Burns4571@mail.com,2
thess90rusu@icloud.com,12
Phillip.Campbell_9609@hotmail.com,1
kerry.mckinney@gmail.com,26
Karly_Kerr_6520@outlook.com,13
DeclanRoss_8365@live.com,1
ImogenScroggins_5290@rediffmail.com,2
Lynn.Moon3205@outlook.com,1
Ayaan_Mckenzie_9412@ymail.com,5
EllieRyan@mail.ru,4
Star.Murphy_9565@ymail.com,2
traian.eliade8765@gmail.com,10
Lorie_Reid_4469@protonmail.com,3
Poppy.Mackenzie2942@live.com,10
Michael_Mouton7607@protonmail.com,3
FallonField_1990@rediffmail.com,6
olesya.kuzmenko@gmail.com,4
Jane.Arnold@icloud.com,4
Robert.Moore_8767@live.com,7
anna.freeman@gmail.com,26
SebastianKennedy_5521@yahoo.com,1
Josie.Dickson_1846@mail.com,3
Harriet.Richardson3937@ymail.com,1
ZainabHernandez2783@ymail.com,1
dragoslav.poienaru@gmail.com,11
Freya_Forster145@outlook.com,1
Tilly_Davies_5670@hotmail.com,4
Lucy.Graham@hotmail.com,2
Joanne_Romero8273@protonmail.com,5
LiamWilkinson_5602@protonmail.com,1
LydiaAllen5249@hotmail.com,1
India_Bryan@protonmail.com,7
leonid.demchuk@gmail.com,2
Maria_Hunter_3425@gmail.com,11
Louie.Moore2816@outlook.com,7
rotsil588@rediffmail.com,3
zin888tca@mail.com,2
galygin.makarovich@gmail.com,2
Lia.Guajardo@yahoo.com,3
Molly.Sinclair5726@ymail.com,1
AbbyPage@live.com,25
Adam_Meek5159@ymail.com,3
nikodem.turczyn@gmail.com,2
chrismejiacandell@gmail.com,1
vova.pascal@gmail.com,1
Jennifer.Martin_8061@yahoo.com,4
ulyana.onyshchuk@gmail.com,11
gheorg.tarlev@gmail.com,1
Linda.Dickerson8243@protonmail.com,26
Marco_Norton376@rediffmail.com,4
KayleighMeredith_9640@live.com,2
Daniel_Bustamante2389@yahoo.com,3
rick.gibson@gmail.com,27
Ruby.Glover@ymail.com,1
Salvador.Evans_9067@gmail.com,7
Eve.Roberts@rediffmail.com,1
Beau_Nowlin_409@yahoo.com,3
HalliePatterson850@gmail.com,2
Shannon.Graham2447@mail.ru,2
BeauBrown7125@mail.ru,2
Robert.Bradshaw1815@live.com,3
Flynn_Burress3148@icloud.com,1
flaviu.stefanescu@gmail.com,7
victor.bostan2343@gmail.com,1
Rachel.Berry_7070@icloud.com,1
Alice.Dickson_9499@hotmail.com,1
Lawrence_Easterling@rediffmail.com,2
angie.mckinney@gmail.com,2
Georgina.Davis6838@protonmail.com,5
Annabelle.Moore579@live.com,1
Jaime_Sutton5852@outlook.com,4
Maryam.Hammonds_4839@mail.ru,1
luminisa.amanar@gmail.com,3
Alberta_McIntyre_6366@yahoo.com,1
KaneGoddard_4047@qq.com,10
dan.russu746@gmail.com,10
Lily.Clements6576@icloud.com,3
branislav.zima@gmail.com,1
ShannonSmiley_3914@mail.ru,1
ConnieMetcalfe4407@ymail.com,3
Nancy.Martin8695@protonmail.com,12
Andi.Friedrich9357@protonmail.com,4
nesto.baciu@gmail.com,3
Gerard.Chan_9137@outlook.com,1
Peter_Wallace7124@mail.com,2
kari.neal@gmail.com,1
celestina.giurgiu@gmail.com,6
ashlin.addison1989@ymail.com,1
Samantha_Donaldson669@qq.com,3
ivan.muzyka@gmail.com,1
jyotis191@gmail.com,15
AmeliaVernon3321@protonmail.com,3
Morgan.Findlay_9697@icloud.com,4
Nelda.Wilkins_5419@ymail.com,3
May.Porter2655@yahoo.com,4
cornel.guzun@gmail.com,5
lois.miles@gmail.com,58
sabari.aduri@gmail.com,3
Jeffry.Harvey6066@yahoo.com,3
Vanessa_Robertson4401@rediffmail.com,8
Jake_Pope@mail.com,1
sergiu.rayel@gmail.com,2
JakubSutherland4304@live.com,18
stanislawa.sierakowska@gmail.com,20
NicolaDyer_7462@live.com,6
Nicole_Watt4866@live.com,3
PaigeHarris@mail.com,4
Amelia_Milne_9886@protonmail.com,1
Colby.Ardoin@protonmail.com,2
Elliot.Fleming_5469@hotmail.com,2
Bailey.Lawrence_1565@outlook.com,4
