email,number
Emma_Sutliff_8057@mail.com,1
mykhajlo.rusnak@gmail.com,28
woodrow.bryant@gmail.com,4
Hannah.Mitchell_5595@live.com,1
Alexander.Logue@yahoo.com,3
Ewan.Connor_4200@rediffmail.com,1
Oliver.McLean@live.com,2
ConnorHayes_1895@icloud.com,2
Robyn.Rosado_3834@live.com,4
mel227gro@protonmail.com,1
Destiny_Martinez7524@yahoo.com,3
bartolomeo007@yahoo.com,4
VelvaTurner@rediffmail.com,1
MaksymilianNorris9189@gmail.com,3
HarrySaunders7252@qq.com,4
Lakiesha.Bowen_6602@outlook.com,1
ErnestWilliamson6315@gmail.com,1
Daniel_Ohara@rediffmail.com,1
MarileeCunningham190@mail.ru,2
BethanyHowe@hotmail.com,1
anghel.tanev@gmail.com,6
Kenneth_Mclemore_612@live.com,4
nichole.hils34@yahoo.com,6
Millie_Morrison@yahoo.com,1
pyatosina.konstantinovna@gmail.com,2
abdona.abner34@gmail.com,1
Lily_Ball8880@qq.com,8
AlfieStephens_9305@qq.com,2
Vaccon.Christie_7071@ymail.com,3
alla.ivanova0099@gmail.com,3
Ana.Aguilar_3899@yahoo.com,4
Ruth_Moore6179@yahoo.com,1
Hassan_Burrows_1266@hotmail.com,3
Scarlett_Burch9795@ymail.com,1
DarcyWilliamson1894@live.com,3
silvica.turcanu6565@gmail.com,5
mirza.turcanu@gmail.com,3
Laura.Powell1740@qq.com,1
Carson.Mitchell_9080@hotmail.com,4
erhgol333@yahoo.com,1
emilia.mitu@gmail.com,3
Islay.Mota3796@yahoo.com,2
grigore.turcan@gmail.com,2
Kris.Kerr8992@qq.com,1
warren.carroll@gmail.com,42
Jayden_Hargreaves@rediffmail.com,4
Sean_Mackenzie658@ymail.com,1
Francesca_Day5219@protonmail.com,1
Autumn.Simpson5045@icloud.com,1
Gregor_Robertson@qq.com,5
Mason_Gibbs@protonmail.com,1
Anna.Mitchell7691@rediffmail.com,3
CarlettaMeeks_6251@icloud.com,2
Bradley_Stevenson2385@outlook.com,1
Caden.Wyatt_2391@ymail.com,2
EliseChristie_8525@live.com,2
iur123mate@gmail.com,2
Carol_Farish_9670@live.com,2
emily.williams@gmail.com,4
XavierMarshall_1661@protonmail.com,6
Larry_Ritchie_4384@hotmail.com,4
Robin.Stonebraker_8084@live.com,3
Anna.Odom_8365@live.com,2
byrle.bomba66@gmail.com,4
vladan.macek@gmail.com,1
Katie.Douglas@gmail.com,5
Ellen_Mackenzie@icloud.com,3
Oliwia.Gordon_1476@mail.com,3
JohnMitchell_6826@hotmail.com,2
evan.taylor@gmail.com,21
alihan.russo1872@gmail.com,4
rudolf.dvoracek@gmail.com,2
Aidan.Thompson@rediffmail.com,4
Diana_Lambert9520@yahoo.com,1
Billie.Stevenson@mail.com,5
Maria.French_5954@yahoo.com,1
Lilly_Shelly_2609@live.com,8
ImogenBell@rediffmail.com,1
Cara_Byrd_1374@rediffmail.com,3
YoungHopkins@ymail.com,3
EmmieBoddy568@hotmail.com,3
GloriaTaylor2091@mail.com,4
marcel.damian7895@gmail.com,3
zincol777@gmail.com,1
Steven.Payne6418@ymail.com,1
Craig_Storey5808@icloud.com,1
Leigh.Stevenson3493@mail.com,1
John_Davis1339@mail.com,5
sclvik222@mail.ru,2
Richard_Tidwell_3195@hotmail.com,2
Ana.Sparks_1534@yahoo.com,5
jaropelk.kopa@gmail.com,1
Tegan.Jarvis_2449@live.com,12
Alfie.Lyons_2124@live.com,5
Alfie.Gonsalez_3186@rediffmail.com,7
ChelseaOSullivan_546@live.com,2
Justin_Kirschner@mail.com,1
EvieJamieson_4353@ymail.com,4
Harry.Parsons3922@gmail.com,3
AnnabelleSimpson_8518@mail.ru,1
Hermine_Owens@live.com,4
April_Weishaar1581@ymail.com,4
gunther.flansburg46@protonmail.com,4
Jack_Smith7884@mail.com,30
derrick.brock@gmail.com,2
Dalia_Mackenzie_8412@ymail.com,8
Karen.Christie451@gmail.com,1
arnab.mukherjee@9dot9.in,370
Max.Craig_3357@live.com,1
Dorothy_Shumate_6488@rediffmail.com,4
rodrigo.rotaru7425@gmail.com,2
emilia.teodorescu1245@gmail.com,2
ElliottJohn1194@outlook.com,1
JackLucas_783@live.com,8
konrad.chrobak@gmail.com,2
Carolyn_Cameron8507@mail.com,4
MollieFleming_731@yahoo.com,9
Zainab.Malone7011@outlook.com,5
Zara.Howard@outlook.com,6
Kane_Hurst@mail.com,4
colsav101@yahoo.com,7
stanko.ivanov@gmail.com,5
Amber.Hill_2597@hotmail.com,13
Amelie_Chon_2401@ymail.com,75
Tristan.Jordan@rediffmail.com,2
Finlay_Wellman_2239@rediffmail.com,1
ronald.fee@icloud.com,8
Julia.Power8045@yahoo.com,2
cos.ceb@icloud.com,3
bocharova.zakharovna@gmail.com,10
jean.stefoniou@gmail.com,5
vasilios.vicol645@gmail.com,14
syeira.gutu@gmail.com,2
Shane.Yeoman_4442@rediffmail.com,2
Linda.Wallace_5484@rediffmail.com,7
Renee.Klug9948@hotmail.com,1
EloiseMiah1876@mail.com,1
Fiona_Burns6984@hotmail.com,2
Josh_Graham_8974@yahoo.com,4
Joseph.Belcher6676@gmail.com,2
vladislav.grosu9974@gmail.com,3
Kelsie_Maclean_7466@hotmail.com,7
Harry.Harp_7751@hotmail.com,2
Josefina_Turner_125@hotmail.com,3
Melissa_Franklin7542@gmail.com,1
mayola.donici5040@gmail.com,3
Sandra_Kimmell5386@yahoo.com,1
afonina.ilyinishna@gmail.com,1
jamei.flouillard17@live.com,1
Tia.Brown1699@hotmail.com,9
Leyton_Walker_6719@live.com,1
Grant.Hill_1904@ymail.com,2
madison.taylor@gmail.com,3
piper.lee@gmail.com,1
Richard_Johnson6374@rediffmail.com,18
Ricky.Green_7006@mail.com,14
Oliver.Lin_8638@yahoo.com,3
Teresa.Macleod_3344@ymail.com,7
Steve_Holloway3650@hotmail.com,1
RyanHowarth_2429@hotmail.com,6
John.Steele3169@ymail.com,1
OrlaghBrady2465@outlook.com,1
Elliott_Burke@rediffmail.com,1
Alfie_King969@qq.com,3
nanami.negru01245@gmail.com,5
Jay_Howe_1133@icloud.com,1
Alexandra.Holt3218@rediffmail.com,1
prodan.bors@gmail.com,2
raffarty.mulherkar20@gmail.com,1
Bonnie.Dobson_7754@rediffmail.com,1
Abby.Simpson8403@protonmail.com,3
Laurie_Cooke_692@live.com,1
Ruben_Gordon_9149@icloud.com,3
Codey.Watt_3438@live.com,2
AleksanderFoster@yahoo.com,2
eva.bellova@gmail.com,42
JohnKelly_2427@ymail.com,6
Kelsie.Bradshaw_6338@rediffmail.com,8
Deborah.Hawes_1575@ymail.com,5
Logan_Banks_596@mail.ru,2
Danielle.Demasi4871@ymail.com,5
Hugh.Campbell_3258@live.com,1
HayleyMckinney_6944@live.com,7
GeorgePage@live.com,7
anrep.stanislavovich@gmail.com,2
Corey_Palmer@live.com,5
Maddison.John_8408@live.com,6
uladzimira.saus@gmail.com,2
Abbi.Campbell@ymail.com,24
TillyFry_389@protonmail.com,3
Melissa_Gray5367@hotmail.com,2
Zara_Guy_4264@protonmail.com,2
Rudy.Snyder_5042@live.com,2
Viola_Shepherd_592@mail.ru,5
Emmanuel_Smith8519@live.com,1
Anna_Stevenson@yahoo.com,5
Theodore.Martin_7978@yahoo.com,1
Rowan_Giglio_8521@ymail.com,4
alexis.anderson@gmail.com,5
Myles_Samuel@ymail.com,2
