email,number
helena.ptackova@gmail.com,2
Boyd.Harris9995@outlook.com,5
Mary_Oliver1497@protonmail.com,3
mariola.turowska@gmail.com,39
Robert_Duncan_8845@rediffmail.com,3
JasminParry@hotmail.com,1
PhoebeThorpe@ymail.com,1
Maisy_Waters_7868@outlook.com,2
RayanPeralta_5031@ymail.com,3
Callum.Mackay_7473@live.com,6
Betty_Reid7374@ymail.com,1
Tilly_Lafleur1837@rediffmail.com,5
Ayaan_Diehl1438@mail.ru,6
Mirin_Sharp8427@icloud.com,3
marta.martynyuk@gmail.com,3
joanna.krzemien@gmail.com,1
valentijn.mukhar20@icloud.com,3
Maddison.Townsend_3597@outlook.com,3
Ayden_Jackson_5357@yahoo.com,2
dinu.andreescu@gmail.com,1
Joe.Millar_1590@qq.com,1
Ayden_Findlay_2472@yahoo.com,2
poulos.moise1999@qq.com,2
Millie_Townsend1324@live.com,2
SylviaPrice_5513@qq.com,2
William_Gullett@icloud.com,1
RichardWarren_1963@rediffmail.com,1
ala.siarhiejeva@gmail.com,4
beniamin.tismaneanu@gmail.com,2
dzesika.bajorek@gmail.com,2
Penelope_Hidalgo_2677@mail.ru,1
Dakota.McKay_438@ymail.com,17
Frank_Reid8839@protonmail.com,3
Declan.Fraser224@protonmail.com,2
Eva.Brown8955@live.com,6
HarleyConway@live.com,2
Edward_Seaver5440@ymail.com,5
EileenGibson@icloud.com,1
VictorWhite_4498@qq.com,6
simona.damian7874@gmail.com,2
axenia.cojocari2153@gmail.com,1
DeclanKennedy_4718@live.com,2
Katherine_Smith@ymail.com,1
Aidan_Noble@ymail.com,4
Demi_Kelly9722@rediffmail.com,5
Logan_Hunter6479@gmail.com,2
Christian_Johnson8425@qq.com,6
Ben_Cooper4126@icloud.com,3
Morgan_Webb@live.com,3
rosa66ceban@hotmail.com,2
ElizabethBrown_6066@ymail.com,2
Harry.Forbes4648@hotmail.com,2
Franciszek_Coles_6344@ymail.com,6
MillyBarry8955@hotmail.com,4
Eva.Watson@hotmail.com,3
Brandon.Tauber6819@rediffmail.com,1
HarrisonBaldwin_5198@ymail.com,2
MayaGrant_6736@protonmail.com,5
Brianna_Dobson_5661@protonmail.com,7
terry.smith@gmail.com,2
damir.spinu364@gmail.com,4
alfons.bialk@gmail.com,1
balog.orsolya@gmail.com,4
Alonso_Fox6533@outlook.com,2
ana.tcaci5094@gmail.com,2
anka.vankova@gmail.com,1
Ruby.Whitehead_4008@ymail.com,2
StephanieColeman_9507@protonmail.com,2
Amelie.Campbell3512@ymail.com,1
zhidkova.yemelyanovna@gmail.com,23
Kelsey.Owens5371@gmail.com,1
stroganov.maximovich@gmail.com,14
Barbara.Hamilton_2391@mail.com,23
varujan.leonte@gmail.com,1
peyton.belanger@gmail.com,24
Mohammed_Smith_2941@outlook.com,5
tiberiu.ghezzo@gmail.com,2
Evie.Farmer_3151@outlook.com,3
clarence.conner@gmail.com,3
Evelia_Carr9836@icloud.com,3
ShonaYoung4952@protonmail.com,1
Alexis_Sinclair_4907@outlook.com,4
Denise.Glancy_352@qq.com,2
axenia.ursachi8542@gmail.com,2
dmytro.martynenko@gmail.com,1
Frank_Forbes@qq.com,3
Noah_Howell6570@qq.com,9
David_Pender_3023@gmail.com,2
karim.burlacuv1245@gmail.com,2
Joanne.Holt_3166@ymail.com,1
Fearne.Gregory@live.com,3
Bailey.Vanhoy8214@icloud.com,6
nardus.popovici@gmail.com,2
Natasha_Humphries@icloud.com,3
Kimberly_Gordon@ymail.com,5
florica.dimitru2134@gmail.com,2
Chelsea_ONeill@icloud.com,1
Owen_Smith_2928@qq.com,6
Mia_Donaldson_6277@live.com,5
Barbara_Newton6018@live.com,9
Corey_George_5783@icloud.com,2
nadezhda.kishisheva@gmail.com,29
zianon.litvak@gmail.com,5
gabi.mihnea@gmail.com,4
David_McMillan@live.com,1
Hasan.Taylor_8416@rediffmail.com,7
Nathan_Pugh9228@hotmail.com,3
Lexie.Maples_5119@live.com,7
NatashaWilliamson_6255@icloud.com,7
shlykova.yurievna@gmail.com,2
Arlene.Roberts_6248@ymail.com,8
Abigail.Davis@hotmail.com,2
jonas.alexander@gmail.com,1
pete.adam14@protonmail.com,5
Mollie.Martin6243@live.com,1
Mia.Goodman7968@icloud.com,2
Erica_Jamieson_8463@outlook.com,2
Dakota.Moore_4967@yahoo.com,1
DelmaEvans6540@outlook.com,4
ester.sedlakova@gmail.com,6
ivka.petrova@gmail.com,2
Hallie.Brown@live.com,18
Gracie.Power4699@yahoo.com,6
florian.jan@gmail.com,3
Libby_Gilbert_4934@hotmail.com,3
KieraLara_8194@live.com,1
John_Johnston_2276@mail.com,1
sabina.tugurlan@gmail.com,4
Alisha.Hargreaves_7443@icloud.com,2
yaroslav.mocanu@gmail.com,6
Victoria.Gregory_5268@rediffmail.com,1
Kieron_Forbes8963@qq.com,4
May_Donaldson_2458@mail.ru,2
Terri.Randolph_2696@live.com,1
Bartosz.Whorton1486@protonmail.com,2
Zachary.Fletcher_2212@rediffmail.com,1
Gracie.Gray9434@yahoo.com,12
lawrence.popescu9876@gmail.com,1
Lourdes.Grant4695@ymail.com,17
isabela.dalca031@gmail.com,3
Alberto.Bates8908@hotmail.com,1
Randy_Brooks4075@mail.com,2
Louise_Harvey@live.com,6
Jake_Martin_8870@outlook.com,6
ed19bivol@hotmail.com,3
CharlesSimpson_2435@yahoo.com,11
Sean.Lyons6354@hotmail.com,3
bunin.leonidovich@gmail.com,5
DanielMiller_7859@icloud.com,32
Charlie_Gordon_8343@mail.ru,3
RonaldCampbell5231@ymail.com,3
evita.moraru@protonmail.com,1
bryant.diaz@gmail.com,44
Andrew_Davidson1014@rediffmail.com,1
ImogenSmith4388@mail.com,2
NicoleFerguson9956@outlook.com,2
Mohammad_Dawson160@live.com,4
SophieHanson2624@outlook.com,2
Angela.Watson_9834@live.com,6
Eleanor_Fowler_3190@protonmail.com,1
patricia.borta1542@gmail.com,1
dora.carr@gmail.com,38
Rhoda.Storer_7742@icloud.com,4
William.Hamilton8970@mail.com,3
oksiva323@yahoo.com,1
nic990ple@mail.com,1
Eric.Grimm_945@yahoo.com,1
anatolij.babenko@gmail.com,1
MaryQuezada@qq.com,1
Jade.McMillan@protonmail.com,1
Sandra_Webb_4316@qq.com,1
Katherine.Munro404@hotmail.com,6
Alexander.ONeill@protonmail.com,1
darius.banciu5412@gmail.com,4
Hayden.Nowlin_1803@rediffmail.com,5
Eduardo_Maldonado@icloud.com,1
Bruno_Mackenzie@ymail.com,3
Donald.Read_5241@yahoo.com,4
Aleena_Lacey_2445@gmail.com,3
Eric_Orozco_1567@icloud.com,3
Steve.Smart8010@mail.com,1
James_Kerr@hotmail.com,5
Jesse.Murray@live.com,2
Harry.Hill8495@gmail.com,2
Ronnie_Knowles_5719@live.com,1
CarrieAlexander@gmail.com,1
nevaeh.gagne@gmail.com,1
Mary.Aitken@ymail.com,4
LauchlanNixon6516@live.com,1
Robyn_Weller5847@hotmail.com,8
Jude_Johnston1647@hotmail.com,1
eualia.razusova@gmail.com,2
arkadzey.zablocki@gmail.com,35
mukhina.yanovna@gmail.com,6
Dana.Houghton_4250@qq.com,2
Arwen_Macleod5679@yahoo.com,7
Taylor_Christie_5893@live.com,17
alex256tar@live.com,5
Hayden_Chan5843@mail.com,1
Alma.Martin4318@outlook.com,3
