email,number
nadzieja.kopacz@gmail.com,65
GeorgeMilne5676@ymail.com,5
Danielle_Howe2418@ymail.com,4
Roderick_McKay@ymail.com,2
Kayleigh.Burcham5621@mail.ru,9
Jacqueline_Parsons_7110@yahoo.com,5
nicolae.caz102@ymail.com,3
nelu.florea@yahoo.com,6
radu.musteata@ymail.com,1
miroslawa.bonkowska@gmail.com,1
Abigail_Torres@outlook.com,6
Shelly_McDonald5311@mail.com,1
Robert_Jamieson@ymail.com,3
RobynDuncan4441@qq.com,6
Daniel_Faulkner@yahoo.com,11
CianFrancis@icloud.com,2
zuzka.zahoreca@gmail.com,1
InaayaMacDonald_4753@live.com,7
dudley.kat6@rediffmail.com,1
gheorghe.boroi@gmail.com,4
Samuel.Nixon1111@rediffmail.com,1
Charles_Mackay7967@gmail.com,5
SamFriedman@live.com,2
danus.costiniu@gmail.com,2
pasztor.endre@gmail.com,42
ZoeReilly_1437@protonmail.com,3
j.bejenari@rediffmail.com,6
Anna.Johnstone3642@hotmail.com,2
Lilly.Anderson_9097@icloud.com,1
AshleyFoster_3985@qq.com,2
MadeleineMartin_3245@protonmail.com,2
olesya.kucherenko@gmail.com,4
Kate_Patterson_1697@gmail.com,1
conroy.car1992@outlook.com,3
artur.damian1811@gmail.com,10
Sonya.Dean_4206@live.com,1
livia.stefanescu@gmail.com,1
Harriet.Deleon8388@icloud.com,1
dominic.ray@gmail.com,66
Larry_Wallace@protonmail.com,5
apostol.valerieva@gmail.com,4
NiamhLucas@mail.com,19
Gabriel.Hughes@protonmail.com,2
Robert_Lee9224@protonmail.com,2
Suzanne.Sanderson_3829@protonmail.com,3
Codi_Russell_2087@rediffmail.com,3
Brandon.Thomson_517@yahoo.com,1
Daniel_Rose4238@ymail.com,5
Taylor.Reilly891@live.com,2
Chelsea_Cooper@qq.com,5
gulyas.roland@gmail.com,1
Kade_Gutierrez8215@mail.ru,3
Lydia.Webb7469@protonmail.com,4
AbigailBailey2200@icloud.com,2
taylor.banks@gmail.com,1
Hillary.Peters@live.com,2
lil334scl@outlook.com,3
MichaelGallagher@gmail.com,3
Sylvia_Long1742@outlook.com,2
RickWood_6785@yahoo.com,1
Mary.Porter_1056@live.com,2
Casey.George_2108@qq.com,5
JaydenRagland_1737@mail.ru,3
LillyBlackwell_9784@qq.com,1
Edward.Ritchie_9177@qq.com,1
farlie.balabanian18@hotmail.com,3
Kayleigh_Williamson@qq.com,1
Kieron.Wingfield@mail.com,33
LeeMann5960@yahoo.com,1
Lexie_McKay3783@qq.com,3
Stanley_Forbes_9339@protonmail.com,1
natalia.bors8465@gmail.com,1
luba.janosikova@gmail.com,4
mundra456@mail.com,2
Shaunte.Waites_2202@live.com,3
silas.vieru1025@gmail.com,1
Kara.Lomonaco_7358@rediffmail.com,2
henry.lee@gmail.com,1
Glenn.Anderson5095@icloud.com,1
Sandra_Shine_9476@ymail.com,2
AnnaGrant_5746@outlook.com,11
code.akshat.thukral@gmail.com,23
Harvey.OConnor8292@ymail.com,2
Nicolas_Aitken@icloud.com,2
Ethel.Trogdon_9614@outlook.com,4
j.oprea12@qq.com,2
mila.croitor565@gmail.com,2
Edwin_Mims_6040@qq.com,4
Sebastian_Williams_2985@live.com,7
Grace.Donaldson_7766@rediffmail.com,2
Spencer.Cho_4489@live.com,4
yakimova.igorievna@gmail.com,1
AnnKnight6073@protonmail.com,2
SandyMuir_4534@icloud.com,1
Andrew.Porter7935@gmail.com,4
Sha_Martin_3241@icloud.com,2
Jordan_Bradley4990@mail.ru,1
Bryan.Banh@hotmail.com,5
Millie_Jackson_7245@hotmail.com,6
maslov.gennadiyevich@gmail.com,37
Alina.Stewart3574@live.com,7
dorian.frunza0125@gmail.com,12
JenniferRyan_9058@hotmail.com,4
marcel.juravschi44@gmail.com,3
roman.cara5241@gmail.com,1
stojan.opalinski@gmail.com,2
Rosie.Tyler@hotmail.com,2
Nathan.Taylor@mail.com,6
tyson.martin@gmail.com,2
kudrina.svyatoslavovna@gmail.com,3
jeremy.maldonado@gmail.com,2
soos.dzsenifer@gmail.com,1
Sophie.Lawrence@live.com,1
Natan.Young@icloud.com,3
Lance.Morrison254@outlook.com,8
Zara_Connolly1202@mail.ru,3
hor.laurence16@ymail.com,1
Charles.Watson6601@protonmail.com,6
Aaliyah.White7058@outlook.com,4
Steve_Shaw@hotmail.com,1
jens67@outlook.com,1
Maya.Christie@icloud.com,1
nelu.doga7543@gmail.com,2
CianGutierrez1836@outlook.com,1
Jodie_Paterson3073@rediffmail.com,2
Darren_Findlay_8988@live.com,2
zinovia.morari556@gmail.com,1
SpencerJohnstone8255@mail.com,1
Bonnie_Coakley2158@qq.com,5
Celina.Connor5550@qq.com,3
Levi.Baity149@ymail.com,5
BartoszMcduffie_56@mail.com,5
cor232tom@live.com,1
Gerard.Nelson_3782@outlook.com,1
Maggie.Pearce7846@live.com,2
YvieWright_9087@hotmail.com,7
Danielle_Cook@qq.com,2
Beth_Davison@yahoo.com,1
Lachlan_Kerr9431@yahoo.com,1
Morris.Stanton5083@qq.com,9
GeorgeTurner5893@yahoo.com,8
kate.brown@gmail.com,50
Paige.Farnum8945@icloud.com,1
krutoy.stanislavovich@gmail.com,4
Layton.Wells_4659@rediffmail.com,3
BradWallis2388@live.com,2
Kaelyn_Humphreys_8040@yahoo.com,4
John.Khan_1998@outlook.com,1
Alberto_Craig@ymail.com,2
Billy.Munro_1924@outlook.com,2
jana.mocanu3152@gmail.com,5
Calan_Johnson_1280@yahoo.com,7
Lleyton_Douglas_663@mail.ru,3
Dale.Patel7806@qq.com,2
Carlie_Allison_4428@protonmail.com,10
Alex.Page@mail.com,7
Jack_Hargreaves_5947@yahoo.com,1
Payton.Vilan_1339@mail.ru,1
Rocky.Sheppard_6471@qq.com,1
Evelyn_Cameron_4032@live.com,3
David.Boyle_8562@icloud.com,1
MhairiBoyle_7575@qq.com,2
Henry.Leach_3001@mail.com,1
Zane.Ashburn_9982@live.com,2
Isabel.Moore294@hotmail.com,5
mathis.cointoin59@ymail.com,7
SeanJones_3013@live.com,2
Randar.Dickson@ymail.com,3
Edward_Jennings3801@outlook.com,34
merve.stratan7632@gmail.com,2
LloydHawkins2421@ymail.com,9
Elias.Bradshaw9673@mail.com,3
Debra_Johnson2239@ymail.com,6
marcela.morari1058@gmail.com,3
Hugo_Campbell7371@outlook.com,2
MicahMoss@ymail.com,1
Russell_McIntosh9029@live.com,29
KeeganTodd@rediffmail.com,1
maryina.artemievna@gmail.com,6
fabian.barbara@gmail.com,2
Nancy.Hay8280@live.com,1
Patrick_Paterson7415@rediffmail.com,26
Alicja_Simmons_2668@gmail.com,1
nicusor.milcu@gmail.com,1
Holly.Krieg4638@live.com,2
Penny_Robinson9759@live.com,6
Tori_Guthrie_3824@mail.com,19
Ian_Williamson_8867@mail.com,3
Reece.Evans7993@yahoo.com,1
Ewan_Wallace_2029@gmail.com,2
scrupuloussam@gmail.com,1
Rowan.McMillan_2095@yahoo.com,4
dudina.savelievna@gmail.com,1
TeganDonaldson4226@rediffmail.com,6
craig.anderson@gmail.com,4
Kyle.Schofield3637@live.com,31
darina.smrekova@gmail.com,6
Kathryn_Spencer_1601@protonmail.com,2
Andrew_Wilkinson_4498@live.com,2
wieslaw.orzech@gmail.com,49
