email,number
Ronnie_Collins7082@ymail.com,5
Corey_Gordon_85@hotmail.com,2
Amber.Miles_4854@live.com,17
ion.raileanu@mail.com,4
aris.postolachi487@ymail.com,3
darja.marackina@gmail.com,5
Rosa_Garcia_2666@rediffmail.com,1
sunay.lungu0235@gmail.com,3
Thomas.Craig@live.com,3
AmieGibson643@yahoo.com,3
barny.chouinard34@qq.com,2
India_Morrison_2204@yahoo.com,12
Matthew.Cunningham@icloud.com,7
Edward.Martin_4032@ymail.com,3
RuaraidhJones9748@ymail.com,8
elin.plesca@gmail.com,7
HenryGalindo6702@outlook.com,2
Isabelle.Ali@qq.com,1
stas.cretu@gmail.com,3
Luca_Knight_1234@outlook.com,25
daniel.vasilache@live.com,3
Paul.Black@mail.com,2
Ailey_Findlay2015@hotmail.com,3
lachkov.yaroslavovich@gmail.com,28
barbara.szczepkowska@gmail.com,5
Anna_Christie4819@mail.com,1
bognar.petra@gmail.com,2
KayleighMoore_6694@ymail.com,1
RichardWood_9599@yahoo.com,4
Isobel.Garner_266@outlook.com,7
AlfiePalmer9203@mail.ru,6
ksta155@qq.com,4
benjamin.lavoie@gmail.com,27
Sol_Donaldson1034@mail.com,3
nina.istrati2146@gmail.com,12
bozhidara.ruseva@gmail.com,3
soos.eniko@gmail.com,1
Ellie_Hock_7783@rediffmail.com,4
eduard.darii@icloud.com,2
FallonGrant_8936@mail.ru,1
Sean_Lavery@gmail.com,6
Victoria.Miller9421@mail.com,1
Timothy_Bruce5264@outlook.com,1
garri.radu1254@gmail.com,11
Hasan_Stephenson3941@yahoo.com,2
Olivia_Anderson_4948@ymail.com,2
Duane_Berry_1724@rediffmail.com,1
LaurenMarshall5541@live.com,1
Brenda.Milne@mail.com,2
Bradley.Norton4314@mail.com,2
Alice_Tidwell_1984@live.com,3
golubtsova.zakharovna@gmail.com,1
Shannon_Almaraz2946@gmail.com,4
Connor.Hughes_4730@rediffmail.com,1
sofia.savova@gmail.com,2
Penny_Gilbert4808@qq.com,4
Calum_Williams4868@icloud.com,2
George.Thompson8267@rediffmail.com,4
Regan.Stack8421@yahoo.com,6
Zara.Boyle9915@icloud.com,6
Patricia.Black_6534@rediffmail.com,14
Marco.Duncan_4791@live.com,4
Pendus_Joseph_219@ymail.com,1
Madeleine_Greenwood@icloud.com,1
gerome.wray43@rediffmail.com,1
LillySchaal3232@ymail.com,8
JamesLopez1247@ymail.com,3
Evie_Khan_8222@gmail.com,3
shchekochikhin.nikitovich@gmail.com,1
Bennie.Wall@yahoo.com,1
Alex.Terry@qq.com,1
Caiden_Stephens_3048@qq.com,7
Rose_Gibbons_3083@outlook.com,6
Eleanor_Haynes6760@protonmail.com,2
tigran.rayel857@hotmail.com,2
Kathryn.Scott6465@rediffmail.com,6
CharlesWalker9427@hotmail.com,2
Scythe.Wilson7502@outlook.com,5
nina.soroka@gmail.com,7
BerniceDuncan_7993@hotmail.com,1
Sally_Nixon_179@live.com,4
rostislav.prodan2210@gmail.com,2
Morgan_Grant_1567@outlook.com,1
Florence.Martin@outlook.com,2
Molly_Aitken_2150@gmail.com,3
JosephHolloway_6726@ymail.com,4
spenser009@outlook.com,1
Destiny.Davey@hotmail.com,6
orlan.escobido29@ymail.com,2
ryurikov.victorovich@gmail.com,2
Millar_Harvey7045@rediffmail.com,3
mayte123coj@rediffmail.com,1
YusufMcCarthy2903@hotmail.com,3
Nicole_Ryan_8416@icloud.com,2
James_Holt_9977@icloud.com,2
PauletteMoore_7760@qq.com,22
SolMaclean_4507@rediffmail.com,22
Caoimhe_Soria3356@icloud.com,2
Ana_Smith5529@outlook.com,2
CharlieHodgson@icloud.com,3
JasonPhillips@yahoo.com,2
NathanEnnis_7984@outlook.com,2
grigore.kassapu@gmail.com,6
genkin.andreevich@gmail.com,3
Lily_Robertson_915@mail.com,9
Gene_Jackson5689@ymail.com,3
Harry_Gray8162@icloud.com,2
iraid.matee541@rediffmail.com,2
Julia_Leach4401@protonmail.com,8
otilia.bors1245@gmail.com,5
MaxScott@icloud.com,3
alzbeta.sterbova@gmail.com,3
Bonnie_Osborne4980@protonmail.com,25
Jude_Williams_505@protonmail.com,1
GabrielMcMillan_6471@qq.com,4
vale.aga@qq.com,2
Michael_Chouinard_7696@qq.com,3
Marshall.Whitehouse_4483@mail.ru,3
Elden_Dawson4784@icloud.com,3
alexandr.chiriac2267@gmail.com,4
Lochlan_Boyle7890@live.com,2
gristu421@yahoo.com,2
Phillip.Christie@mail.com,5
DemiGarner_4495@gmail.com,1
Yasmin_Akhtar@protonmail.com,2
Eleanor_Reeves74@live.com,4
Joel.Bates9180@live.com,3
efim.aga225@protonmail.com,1
Christen.Carpenter@ymail.com,1
George_Barber_6058@qq.com,4
MichaelMcKenzie9925@mail.ru,1
Mollie_Byrne_9859@ymail.com,3
serge.hank29@gmail.com,2
Zoe_Rosales4211@live.com,3
Louise_Moore3426@yahoo.com,2
Niamh_Daly_878@protonmail.com,5
Melissa.Wallace_838@hotmail.com,6
katarzyna.chromianska@gmail.com,43
JeffreyRamos@outlook.com,1
Thomas.Fraser4664@live.com,1
Kenneth_Anderson_2927@qq.com,1
Ollie.Chan_8885@icloud.com,4
EstherHartley7257@outlook.com,4
Dominic_Cunningham_3737@yahoo.com,3
ione89rus@icloud.com,1
MilesBurton@live.com,2
Cecelia.Huseman_9489@qq.com,5
Don.White342@qq.com,2
Joan_Iqbal4740@outlook.com,5
bronislava.kaliska@gmail.com,7
vass.renata@gmail.com,1
JefferyMoore_1547@ymail.com,9
EllieParsons@yahoo.com,2
Gabriella.Peacock@mail.com,3
MiloGibbons@ymail.com,5
Lennon.Sinclair_6885@hotmail.com,3
AbbieWard@mail.com,3
Qysan_Dickson_4876@live.com,1
lenka.sklenarova@gmail.com,5
vilem.osetril@gmail.com,1
Aracely.Robinson_2889@outlook.com,2
felix.benes@gmail.com,22
juriur201@ymail.com,5
nadina.diacov@gmail.com,14
MasonCraig3056@outlook.com,9
Khadija.Taylor_5896@protonmail.com,3
Larry_Arnold2513@hotmail.com,4
Lilly.Mitchell_4125@yahoo.com,3
ClareCraig8623@mail.com,5
Delores_Kirby8674@outlook.com,6
Jessica.Dietz@mail.ru,1
RichardSandoval_2854@protonmail.com,1
rozalia.bielecka@gmail.com,2
James_King_7960@rediffmail.com,1
Tyler.Kim_4223@yahoo.com,4
lidiya.slobodyanyuk@gmail.com,3
MarcoWilkinson7420@live.com,1
Riley.Sinclair215@live.com,4
Jeanie.Lambert@gmail.com,3
mila.cazac555@gmail.com,2
Mohammad.Shah5373@live.com,38
Faith_Nixon_9772@mail.ru,2
Kodi_Brooks5920@live.com,1
Abigail.Donaldson@live.com,2
shustelyov.makarovich@gmail.com,3
Jeremy.Chew_2307@protonmail.com,2
ChrisDemasi_6303@ymail.com,2
SummerBrown2838@outlook.com,10
nikita.filat1452@gmail.com,3
mario.florea2016@gmail.com,6
AmberKirk1953@rediffmail.com,6
LeisaDavies@qq.com,5
Isabelle.Perry7940@gmail.com,1
marius.negutesco@gmail.com,2
pace.leffer@outlook.com,3
Ramon_MacDonald3916@live.com,4
jonas.bertalan@gmail.com,71
AedanWelliver_7146@ymail.com,1
bohdan.yakovenko@gmail.com,3
Archie_Smith@mail.com,2
