email,number
Kirsty_Boyle_1125@outlook.com,4
Roy.Sinclair4922@ymail.com,1
Chester.Hunter7363@ymail.com,3
Kirsty.Lane_8256@gmail.com,1
Libby_White_4762@yahoo.com,1
Nathan.Chadwick_2626@ymail.com,2
ravi@gmail.com,9
Layton_Burns5577@live.com,3
constance.munoz@gmail.com,10
Eloise_Fenske8447@live.com,2
Kaitlin_Watson_7815@ymail.com,2
Ellis_McLean4883@mail.com,2
Charles.Ross_9897@yahoo.com,2
Mary_Kent9179@mail.ru,2
Eoin.Johnson_6069@mail.ru,2
Albert.Iqbal_8063@ymail.com,1
Sam.Houghton3400@hotmail.com,3
randal.mcdaniel@gmail.com,22
Mirrin.Lyons8035@hotmail.com,4
elevier615@hotmail.com,3
vdamian159@qq.com,1
BrendaVasquez6717@gmail.com,3
Lucas.Rowe_8664@mail.com,2
Martyna_Cartwright5860@icloud.com,2
AlexanderNorth@live.com,2
caz144octa@outlook.com,4
NiamhHill_2712@live.com,2
Vider.Galey6173@live.com,3
Corey_Musser_6770@yahoo.com,1
orysya.osypenko@gmail.com,2
Ellen.Puente7633@yahoo.com,3
polichev.yakovich@gmail.com,2
VirginiaChamberlain4055@outlook.com,2
Joanna_Moore@yahoo.com,3
AimeeWarren8412@rediffmail.com,7
martyna.przygocka@gmail.com,24
jeanette.moore@gmail.com,22
David_Cole1425@outlook.com,1
Rachel_Muir4885@live.com,2
Lennox_Hooper9611@live.com,3
Hannah_Maclean_1694@rediffmail.com,1
Madeleine_Becker9188@yahoo.com,4
christy.maxim16@qq.com,27
stefan.hrebenyuk@gmail.com,1
Michael_Jones2231@rediffmail.com,4
Blanche_Sutton379@qq.com,4
iulien.hasdeu@gmail.com,6
Christina.Shaw@ymail.com,3
Amber.Patel_2978@mail.ru,1
Lewis.Mitchell_402@live.com,2
Jessica.Vaughan@mail.com,10
Aisha.Carr_2664@mail.com,6
marinella.vier1245@gmail.com,4
Cody_Bird8719@mail.ru,2
Marco_Eddy8229@qq.com,4
Callum_Payne_3906@yahoo.com,12
sheryl.howell@gmail.com,50
Spencer.Black_6517@icloud.com,5
Isabel_Mitchell6963@live.com,6
Mia.Moore4934@live.com,1
Stephen.McLean@ymail.com,3
Lynda.Stevenson_8096@yahoo.com,1
floyd.roberson@gmail.com,37
Ashley.Barrett887@live.com,4
Betsey_Greene4571@live.com,4
EmaanMorrison_9166@mail.ru,1
JosephWong_4874@qq.com,3
William_Smart5162@qq.com,3
ArchieByrnes7054@live.com,1
EllenMartinez6212@hotmail.com,3
Francis.Williamson@qq.com,2
OliverSmith_6821@qq.com,2
Elma.Burns_4781@protonmail.com,2
Wayne.White_7987@mail.com,5
Alexis_Lawless9143@protonmail.com,1
Honey.Bishop_2671@ymail.com,1
Yasmin.Marsden@mail.com,1
plat88miha@qq.com,4
PhoebeHay@gmail.com,1
bertha.holloway@gmail.com,4
lovedale47@gmail.com,9
Logan_Barkley9402@protonmail.com,3
anders.joly12@ymail.com,10
Alta.Williams@rediffmail.com,1
EvaMcLean@outlook.com,3
SueYoung7779@live.com,1
David.McLean@outlook.com,1
guzver003@ymail.com,4
joey.reese@gmail.com,59
LoganThompson_5417@rediffmail.com,5
William_Boyle_8534@protonmail.com,5
TeeganMorrison@outlook.com,2
RuariHopkins_3643@gmail.com,2
kvido.kubat@gmail.com,24
romina.caraman5897@gmail.com,3
Edwin_Hall@ymail.com,8
Glenda.Thomson9422@mail.com,2
John.Cooper@protonmail.com,2
AlfieGardiner8213@icloud.com,5
Jean.Wood7630@protonmail.com,8
Janet.Montiel_3795@mail.ru,3
zinovia.ciobanu865@gmail.com,6
BartoszBrown_4247@live.com,3
Eleanor_Heath_1922@gmail.com,1
Robert.Johnstone9055@live.com,9
Eve_Macleod1156@qq.com,1
Angela_Whittaker_8838@hotmail.com,1
Pearl.McLean_6762@live.com,3
Aaliyah.Lin@qq.com,2
Barbara_Kidd8045@protonmail.com,1
vadi.turcan123@qq.com,2
Ayaan.King4551@mail.com,3
armando.bass@gmail.com,2
cami.barbu@gmail.com,73
Joel.Dickson8154@yahoo.com,1
Kenneth.Bradshaw@icloud.com,4
timur.cojo56@gmail.com,2
Kevin_Stephenson_1838@live.com,6
MabelHorton@rediffmail.com,1
inga.baciu9471@gmail.com,3
GabrielHoover1371@icloud.com,1
ana.stoica@gmail.com,43
lyubymira.zhelyaskova@gmail.com,2
KennethGoodwin_7256@live.com,2
Sophia.Ferguson_172@hotmail.com,5
cosmina.iacobescu@gmail.com,4
JamesFrench_3265@live.com,3
GeorgiaMarshall@live.com,2
ImogenReynolds@mail.com,3
Seren.Hunter8202@icloud.com,5
Tomas.Murray@mail.com,3
artur.osmochescu@gmail.com,2
femke.grecu525@gmail.com,1
Amina_Cameron@rediffmail.com,5
SimonDonaldson_2822@icloud.com,3
NancyWalker6266@hotmail.com,1
RichardThompson8051@gmail.com,3
GaryWhorton_7068@mail.com,7
Malcolm.Bowen1811@qq.com,1
kalil.pipoerni1989@qq.com,1
iaro22rom@rediffmail.com,4
CharlotteWarner_7461@icloud.com,5
Zara_Morris_7511@ymail.com,4
Joseph_Knowles6890@ymail.com,10
Sherri_Allan_5869@mail.com,7
William_Gibson_7080@ymail.com,3
AvahDubuque_7922@yahoo.com,6
Pablo_Hunter_228@rediffmail.com,1
Struan_Graham405@yahoo.com,1
AlexandraDyer_3065@hotmail.com,3
arkadiusz.grygiel@gmail.com,37
Sharon.Brookes@protonmail.com,1
James.Findlay@ymail.com,4
vass.matyas@gmail.com,2
Harriet.Jennings@qq.com,2
George_Wells_4079@ymail.com,4
Kaylin_Landry_9187@yahoo.com,2
ArchieWong728@rediffmail.com,6
amalia.theodorescu@gmail.com,4
dorian.vasilache@gmail.com,3
CharlieBaldwin_6088@live.com,1
TravisLuc7696@icloud.com,1
LawrenceMyers@live.com,2
Xavier.Marshall6451@yahoo.com,2
Conner.Gallien2925@ymail.com,1
Demi_Brown_9251@live.com,6
iskra.vrancheva@gmail.com,6
Bonnie.Buck_9513@hotmail.com,1
KiranOdom@ymail.com,4
Jodie_Kent_5466@outlook.com,2
ConnieGiles2071@mail.com,2
Chloe_Ford@mail.com,2
elina.borta@outlook.com,1
Robert_Wong@ymail.com,2
WilliamBrady@ymail.com,2
EleanorRoberts_142@protonmail.com,1
Patsy.Wood_491@protonmail.com,4
Jodie_Anderson9086@ymail.com,1
KeeganHall999@hotmail.com,6
mario.stoenescu@gmail.com,1
Jerry.Wilson@rediffmail.com,1
marton.aron@gmail.com,3
Hayley.Saylor_699@live.com,5
Anne.Brescia5826@hotmail.com,2
Poppy_Pedersen_5797@hotmail.com,1
khrebto.yanovna@gmail.com,7
somogyi.ferenc@gmail.com,2
Mark_Matthews_1752@mail.com,3
Ellie.Tepper5059@mail.com,28
DanielleStringer_1406@icloud.com,2
Thomas.Bell_4460@rediffmail.com,2
Jackie.Gran_7324@qq.com,2
tattar.timurovna@gmail.com,6
Katherine.Jamieson9421@ymail.com,9
Levi.Johnstone_395@ymail.com,2
Nicholas_Parish_3914@ymail.com,4
Georgia.Grant2988@qq.com,1
Frederick.Iqbal@qq.com,7
Joe_Bibi8735@icloud.com,1
DorisCarroll9641@live.com,9
