email,number
Marley_Zuniga@icloud.com,3
timea.bothezat@gmail.com,2
Jeff_Davidson4034@hotmail.com,3
claparisig@gmail.com,3
ChristinaLee@qq.com,5
NathanDouglas_5521@yahoo.com,1
malnel191@mail.ru,4
Charles.Warner8107@live.com,3
ElizabethPowell_2948@gmail.com,3
Eleanor_Johnston_9448@ymail.com,3
jauhien.jucho@gmail.com,7
Jason.Carroll_7957@mail.ru,1
Ronald_Miller_89@live.com,7
Juan.Cox4482@protonmail.com,1
jordan.jones@gmail.com,2
Lauren_Romero3635@rediffmail.com,3
oleksandra.voloshyna@gmail.com,1
RileyGuerra7550@live.com,8
liv444sir@protonmail.com,3
Daisy_Reilly_4246@hotmail.com,1
Lauren_Knight7434@protonmail.com,2
ArchieReid4382@live.com,2
Iris.Hill7664@icloud.com,3
Victoria_Barton_2446@outlook.com,6
India_Dixon8197@protonmail.com,2
PhoebeFraser@mail.com,4
David.Munro_4019@rediffmail.com,3
Mason_Cameron1666@ymail.com,7
Willie.Smith4127@rediffmail.com,4
evzen.kozak@gmail.com,3
Nadia.Shaw_5149@yahoo.com,3
JanetJohnston1681@outlook.com,6
ShannaCruz_5104@mail.com,5
Kirstin_Doyle9145@ymail.com,3
Sebastian_Dickinson9157@protonmail.com,1
Lisa_Howard@outlook.com,4
Cyrus.Cummings8460@mail.com,1
catalin.lisnic@gmail.com,1
Karys_Dennett_4976@mail.com,1
AlisonChristie2751@live.com,6
ros244mun@live.com,1
AryanMackay_4532@icloud.com,2
Luke.King3836@protonmail.com,1
Ava_Milne_8935@mail.com,9
KristineMcLean@rediffmail.com,2
laurie.carlson@gmail.com,22
tamara.sych@gmail.com,1
ion.gusa@gmail.com,2
Matthew.Martin_2103@yahoo.com,4
RubenWhite@protonmail.com,4
Barbara_Bond_1972@protonmail.com,3
Lorraine.Watts_7313@protonmail.com,1
Stephen.Wyatt6385@live.com,31
Belle.Ohara_5163@mail.com,4
henryka.zuraw@gmail.com,4
BradPando1373@mail.ru,7
kyle.morin@gmail.com,4
Skye.Shaw_3484@mail.com,6
Christopher_Graham_6236@icloud.com,2
Janet_Clark5875@yahoo.com,5
Aimee-leigh.Mone@protonmail.com,1
Thomas.Watson9865@live.com,9
Emmie_Cannady@qq.com,4
riso.mokry@gmail.com,21
Ava.Burke231@gmail.com,6
Tegan_Hyde3742@gmail.com,3
yolkov.ivanovich@gmail.com,3
natty.dev8912@hotmail.com,4
Jack_Brown8868@icloud.com,2
Debra.Walters_1184@ymail.com,1
przemysl.chmielinski@gmail.com,35
Eoghan.Goddard965@rediffmail.com,2
Evan_Johnson6895@hotmail.com,3
shaiksajid.in@gmail.com,5
roxana.ivanov4536@gmail.com,2
DianeCollins@icloud.com,3
James.Cunningham@ymail.com,4
Leighton_Moss4274@live.com,2
William_Mitchell9250@live.com,3
Adam_Marshall_4034@protonmail.com,1
Lleyton_Humphries_9360@outlook.com,1
LelaThomas_8985@gmail.com,1
Kenneth.Read@rediffmail.com,2
stevenchaijapoh@googlemail.com,9
Nikodem.Smith_3271@live.com,5
LindaWaters@rediffmail.com,2
carolinadesouzaribeiro@hotmail.com,3
Kieran.Waters@rediffmail.com,1
DorotheaGraves_5659@qq.com,1
Ryan.Muir@icloud.com,3
Katelyn.Thomson_9174@mail.ru,3
Scott_Sinclair2872@protonmail.com,5
Kelsie.Smith5246@mail.ru,1
Annalise.Hargreaves6884@live.com,3
AleenaMiller708@mail.com,1
Scott_Durham_3137@hotmail.com,2
Ciara.Case@hotmail.com,7
Gracie_Roberts3051@mail.ru,9
EleanorONeill@qq.com,4
SimonReid_5503@gmail.com,1
Roderick_Vasquez_6776@ymail.com,4
aurora.troester@gmail.com,1
Sean.Burns4260@outlook.com,1
Lexie.Gray3715@gmail.com,1
SpencerShorter@gmail.com,1
marta.morari54@hotmail.com,1
MartinCraig3167@protonmail.com,2
MargieDuncan8233@qq.com,7
olivia.thompson@gmail.com,11
Flora.Harris8804@live.com,6
lyudmyla.stasyuk@gmail.comk,51
slavena.markova@gmail.com,3
Harry.Wood9715@yahoo.com,1
ZakJimenez7543@gmail.com,3
NicolasBarrett@mail.com,1
eddie.lindsey@gmail.com,1
riana.chiriac124@gmail.com,1
natalia.topal@mail.ru,4
amelia.holloway@gmail.com,50
Elvina_Graham8537@gmail.com,1
jacob.sherwin1996@ymail.com,1
James_Pedersen_9766@yahoo.com,2
andreea.cristea1423@gmail.com,4
Jodie.Bates@outlook.com,7
agafia.cojocari4126@gmail.com,2
Cerys.Sargent1013@protonmail.com,2
Hannah_Peters_7383@hotmail.com,4
Evelyn.Jackson_2765@live.com,3
Jesse.Chan@mail.com,28
nicusor.stoenescu@gmail.com,1
Antoinette.Anderson763@qq.com,5
Alasdair_Roberts@ymail.com,2
CarlieBoyle_9747@outlook.com,2
Caitlin.Flores_4203@yahoo.com,5
IrisCantin_9562@qq.com,1
Benjamin.Arnold690@hotmail.com,4
bonnibel.mardari@qq.com,7
Amie.Fleming1104@gmail.com,5
savenkov.vasilievich@gmail.com,1
zlobina.petrovna@gmail.com,2
ShirleyTalbert@live.com,3
Christian.Payne_7741@rediffmail.com,2
Elizabeth_Hunt_7188@outlook.com,8
nathaniel.bergeron@gmail.com,2
nesto88shch@qq.com,2
Honey.Wallace_7192@mail.com,2
Poran.Evans_2994@ymail.com,1
viorica.cusnir1452@gmail.com,4
EleanorBrown_6695@gmail.com,2
Daryl.Boyle_4166@mail.com,1
dominik.kocur@gmail.com,6
Skye_Rowe_6245@gmail.com,8
uladzimir.konan@gmail.com,3
inessa.birca@hotmail.com,4
Abigail.Shackleford_9110@rediffmail.com,1
Reggie_McIntosh_7424@live.com,2
ArchieHoward_4532@hotmail.com,2
JesusWatt_6414@protonmail.com,8
OlgaRitchie9430@live.com,20
degtyareva.stepanovna@gmail.com,1
KennethRussell106@live.com,8
Millie_Sutherland5035@live.com,3
rom.melnic@yahoo.com,6
ostap.radchenko@gmail.com,7
OliwierColeman_987@protonmail.com,2
Nicholas_Garrett_6029@ymail.com,8
pat.meyer@gmail.com,3
kuzmina.denisovna@gmail.com,2
van.holland@gmail.com,5
AnthonyWyatt1847@icloud.com,6
Hector.Patel@yahoo.com,3
EliasBruce7984@qq.com,3
Robert_Simpson_4622@gmail.com,1
Esther_Harris5011@mail.com,9
KyleHill9711@hotmail.com,5
Harvey_Osborne4179@ymail.com,12
Louisa_Pickering@live.com,1
DanielleBruce_3943@ymail.com,20
lucie.bauerova@gmail.com,9
Brogan_Simpson_8532@hotmail.com,1
MartinStevenson_3949@icloud.com,3
Shirley_Meyers2368@ymail.com,4
efim.mardari5566@gmail.com,2
Andrew.Rivera6240@icloud.com,1
RayColes_4965@live.com,1
Evan.Marshall_16@qq.com,1
Kimberley_Mackenzie_9446@rediffmail.com,1
JoseOusley7406@ymail.com,1
tereshchenko.ivanovna@gmail.com,21
Richard_Ellis_1557@ymail.com,7
haralamb.hagi@gmail.com,4
Kirstin.Mills8180@protonmail.com,1
Georgina_Shaw_9857@qq.com,4
lilyana.ilieva@gmail.com,59
James.Chan9770@qq.com,3
Megan_Russell829@protonmail.com,6
CheryleWilliamson_8619@live.com,3
sava.negru0145@gmail.com,5
William_MacDonald_3419@mail.ru,1
Charlie_Hamilton4802@protonmail.com,4
