email,number
Cayden.Densmore_1001@yahoo.com,8
Kaleb.Miles_1033@icloud.com,5
eniko.cara@mail.com,6
larisa.pascal8213@gmail.com,3
Callum.Williamson3956@icloud.com,1
FinlayKennedy6137@protonmail.com,2
Lilly_Maclean@protonmail.com,5
JacobWalters@yahoo.com,1
iulian.gurian@gmail.com,2
costel.popescu6213@gmail.com,11
rodin.raileanu@gmail.com,2
RufusMartinez5027@gmail.com,1
Leslie_Stevens8735@rediffmail.com,3
Cain.Long@ymail.com,2
ess888@live.com,2
aleksandra.nowinska@gmail.com,3
Nathan.Wallace@mail.com,2
renault.mufti1990@gmail.com,3
Perry.Ghent_7592@mail.com,6
nic.rayel632@icloud.com,3
Brooklyn.Stewart@mail.com,1
Tyler.Cartwright_1861@icloud.com,1
Rodney.Niblett_8847@live.com,16
milrotari147@icloud.com,3
Skye.Tarin_401@mail.com,2
Madeline.Tilner_1416@mail.com,1
Taylor_Gomez32@yahoo.com,2
Michael.Bowlin_2378@live.com,1
PaulMackenzie_2438@yahoo.com,3
Stanley.Mccormick7781@live.com,1
George_McLean_9635@ymail.com,9
victoria.morin@gmail.com,43
Jonathan_McIntyre_7307@protonmail.com,3
Rudy.Henderson@outlook.com,6
Rhys_George7479@rediffmail.com,4
Tolle_Armstrong1520@mail.com,4
Puthor_Thorpe@mail.com,2
Demi_Clark@rediffmail.com,1
Rochelle_Casas_1511@gmail.com,4
aliona.cebanu2001@gmail.com,11
Jack_Reilly7051@yahoo.com,2
Shelia_Brown_2131@protonmail.com,1
Paulina.Hughes_312@ymail.com,2
Helen_Sutton@gmail.com,5
dave.hart@gmail.com,23
Alice.Anderson9290@live.com,6
AnaWatson2879@protonmail.com,2
Millie.Coder9933@live.com,1
Kelsie_Giles_5926@icloud.com,7
Betty_McDonald6427@yahoo.com,1
mihai.agadati@gmail.com,19
AleeshaStone9012@mail.com,1
Carl_Conley3807@live.com,22
Seth_Johnston_52@icloud.com,1
sayankova.yanovna@gmail.com,1
GraceDeaver4109@live.com,5
Tegan.Wall7387@live.com,1
bakos.marko@gmail.com,2
Kian.Stewart_378@qq.com,4
Karis.Odeir_983@mail.ru,1
Mark.Brett@live.com,11
addison.lee@gmail.com,2
Tammi.Bentley@icloud.com,3
Vanessa_Mejia_8654@live.com,2
Edgardo_White_5793@live.com,17
cornelia.malai7813@gmail.com,5
Lucy_Pearce4174@ymail.com,4
Eva.Humphreys@outlook.com,1
kelvin.hudson@gmail.com,11
Morgan_Carroll8043@yahoo.com,1
Rosa.Kerr@outlook.com,3
oleg.donici4123@gmail.com,2
Lula.Begum_2226@rediffmail.com,4
Charli.Bradshaw_7029@live.com,2
Isabella.Wheeler_3981@ymail.com,4
Jamie_Pugh_7571@yahoo.com,4
Vanessa.Ferro_6567@live.com,1
chezhekov.tikhonovich@gmail.com,5
Craig_Martin_2737@icloud.com,1
gabi.teodorescu@gmail.com,1
pasnes532@yahoo.com,1
Maja_Pickering@hotmail.com,2
alexv258cojo@protonmail.com,3
Pamela.Beam_7965@rediffmail.com,11
Sylvia.Simpson971@yahoo.com,7
viktor.kovalchuk@gmail.com,4
Annie.Christie_5735@qq.com,4
Findlay.Allan6727@protonmail.com,6
Harvey_Brown3756@qq.com,2
Dean.Benefiel_9939@rediffmail.com,5
Forrest.Steele_2583@icloud.com,3
JoseShaw_6507@live.com,6
Matthew_Davis@live.com,2
Sandy_Ryan@live.com,16
Finn_Wilkins_9922@outlook.com,7
Louie_Moore_9888@rediffmail.com,6
LauraColeman_1042@qq.com,1
Arianna.Murray612@icloud.com,1
Kiera.Marshall_8091@outlook.com,8
Judy.Shaw8206@live.com,1
Connor.Dunn_1195@outlook.com,1
maurice.nash@gmail.com,32
LarrySinclair_6736@qq.com,1
Bailey.Eaton@icloud.com,2
DoloresLucas_6531@ymail.com,4
Katelyn.Watt4201@qq.com,3
Spencer.Black@live.com,1
Myrtle_Hanson@live.com,3
april.miller@gmail.com,2
leslie.wilkins@gmail.com,23
Randy_Millar@protonmail.com,1
Joan_Metcalfe@mail.com,3
kocsis.tamara@gmail.com,1
priya22posto@qq.com,3
Aydin.Alexander_3411@live.com,1
vio88lis@rediffmail.com,1
Jennifer.Newton3214@gmail.com,4
rayisa.omelchuk@gmail.com,6
Isabella.Dyer7335@live.com,4
Steve_McGregor_492@live.com,4
Noah.Moore@yahoo.com,9
Lorraine.MacDonald729@rediffmail.com,1
Louis_Spina2760@live.com,11
Tess.Duncan_7748@mail.com,2
FinlayDivers9371@icloud.com,1
gagarina.dmitrievna@gmail.com,4
Jayden.Hunter_493@mail.com,19
Rhysling_Gonsalez@live.com,1
Brian.Oliver9736@live.com,2
AnnieCrawford7206@outlook.com,5
Zachary.Shaw@ymail.com,21
CharlesHolden_651@ymail.com,2
MaryamPierre@live.com,4
LindaFerguson_4651@rediffmail.com,2
NikodemHarp_4179@outlook.com,5
Stuart.Burns_7921@ymail.com,1
Demi_Robinson_3590@mail.ru,2
Earl_Brown2562@outlook.com,3
IsabelKirby_4507@protonmail.com,2
Tommy_Araujo_6493@ymail.com,2
Hayden_Gammon_8316@ymail.com,4
Michael.Russo5434@rediffmail.com,15
constansa.cristea@gmail.com,3
Mari.Cooper@mail.com,4
RebeccaPorter_9558@mail.com,7
Helen_Brown_7214@rediffmail.com,3
Billy_Wallace428@live.com,2
bejian009@hotmail.com,1
Theodore_Donaldson_7500@mail.com,5
kyrylo.voloshyn@gmail.com,2
ReneeRose_4294@ymail.com,1
Harvey.Niemann8908@outlook.com,4
miroslav.yankov@gmail.com,1
JustinPollock_9856@gmail.com,2
simon.zsofia@gmail.com,1
Kerr_Muir3412@mail.com,5
123@273kelvin.ca,4
Sienna_Harding_9228@protonmail.com,1
Eryn.Fleming8482@mail.ru,1
Hollie.Bishop9177@icloud.com,9
lul554viver@qq.com,5
AbiMitchell3201@live.com,1
alex50posto@yahoo.com,3
mia.lam@gmail.com,5
tudor.kassapu2011@gmail.com,15
Ashley.Dearman4654@live.com,2
laurence.howell@gmail.com,6
RobertGordon_9167@rediffmail.com,2
jarmila.bottova@gmail.com,1
Emmanuel_Roberts1030@mail.com,2
Weronika_Robertson_2578@outlook.com,7
Kacper_Thomas5302@hotmail.com,4
Mollie_McLean_1629@mail.com,1
MichaelPeacock7793@ymail.com,2
nikulina.nikitovna@gmail.com,4
Ruby_Montague3421@yahoo.com,2
Stephanie_Cartwright_4892@icloud.com,2
Hollie.Clarke_5676@qq.com,4
AnthonySoria8840@icloud.com,3
jaxson.chan@gmail.com,5
PatriciaChamberlain2400@protonmail.com,3
AaronVansickle_7805@hotmail.com,1
stela.caramitru@gmail.com,5
Peter.Maclean_5127@protonmail.com,7
YolandaThomson@ymail.com,5
Jayden_Walters_8616@yahoo.com,2
Georgia.Day@outlook.com,5
CassieSinclair1675@ymail.com,2
Oscar.Millar8089@live.com,4
Joseph_Flock@live.com,1
alzhbeta.zorava@gmail.com,1
Muhammad_Wolfe_6961@yahoo.com,5
Lennon_Hamilton_8915@live.com,3
Kyra.Lee_5448@outlook.com,4
Steve_Hernandez_9187@ymail.com,4
Weronika.Thomas@live.com,2
Aimee_Newman_4424@protonmail.com,1
Rachel_Danner@icloud.com,34
Victoria.Aguilar@live.com,5
Linda_Cruz_9266@ymail.com,2
