email,number
Laurie.Fleming_1838@mail.com,1
Delma.Marshall1655@ymail.com,16
James_Gough1432@live.com,3
valevach.igorievna@gmail.com,1
TillyRussell@ymail.com,9
Shirley.Allan@outlook.com,4
Maria_Forbes@live.com,4
StenwulfBruce_695@mail.ru,1
pop741pop@mail.com,1
andriana.vicol6589@gmail.com,1
Shannon.Young_754@gmail.com,3
Alyx.Gray@qq.com,1
Abbi.Toland7694@rediffmail.com,1
Nicholas_Russell_7054@outlook.com,4
Tommy_Forbes7261@hotmail.com,4
Reagan_Chon_3937@mail.com,2
Oliwia.Sutton2910@qq.com,2
Basil_Stahl_1854@protonmail.com,10
connie.cannon@gmail.com,27
Hamza_Smith5667@rediffmail.com,1
jakub.kubik@gmail.com,5
TomBrookes_320@protonmail.com,2
Mary_Taylor_2269@yahoo.com,5
Freya_McIntosh7681@live.com,10
LucaGilbert@yahoo.com,6
Jodi.Kessler@protonmail.com,6
Deborah.Fleming8694@rediffmail.com,1
constanta.pangratiu@gmail.com,4
Peggy_Gibson_4478@protonmail.com,1
asher.martin@gmail.com,50
Jodie.Walker_8507@qq.com,10
Joyce_Bruce_193@protonmail.com,5
Isabella_Reilly_1760@yahoo.com,1
Philip_Ritchie_9496@yahoo.com,2
egor.florea@gmail.com,5
Kay_Parkes_3183@yahoo.com,2
Evie.Chagoya3239@outlook.com,2
Isaac_Forbes@live.com,5
sagadeyeva.romanovna@gmail.com,2
Anthony.Walton4532@qq.com,5
Peter_Radford6777@mail.ru,2
Jonathan_Karlson@yahoo.com,2
Kyle_Gregory4044@hotmail.com,2
Keira_Sinclair_1492@protonmail.com,3
daniel.hausild@gmail.com,1
BenKennedy_3121@rediffmail.com,3
Man_Ray_1836@live.com,8
MollieMoss_720@rediffmail.com,2
Ruairidh.French_4067@outlook.com,1
Findlay.Murray@live.com,1
FreyaJackson2209@protonmail.com,5
Leo_Valentino4239@mail.ru,2
NormanTraylor3323@gmail.com,1
CaelanMarshall3529@ymail.com,2
Bailey_Allan_5935@yahoo.com,4
Zachary_Kerr739@qq.com,1
Julie_Fraser_8573@rediffmail.com,10
inigo.canuel@gmail.com,1
Jerrod_Federico_5939@ymail.com,5
Leo_Schoonmaker1091@mail.com,3
bosari887@ymail.com,2
CaitlinTanner7550@icloud.com,3
JamesGrant_3603@ymail.com,2
Lela.Orcutt@mail.com,2
Isabella_Scott_4045@protonmail.com,1
Sandy.Farrell6186@icloud.com,3
adam.mcdonald@gmail.com,20
HollieWitte_442@rediffmail.com,3
Hayden.Simpson_7342@ymail.com,2
Ciaran_Grant798@outlook.com,1
Jeffrey_MacDonald_7216@ymail.com,3
Demi-leigh.Taylor@mail.com,1
Caiden_Williamson9730@mail.com,1
Eva_Westover@yahoo.com,1
emilia.tomescu@gmail.com,9
Brooke_Hayward_2014@qq.com,1
GlendaMccreery@live.com,2
Finlay_Burton9496@ymail.com,8
Gabriel.Coleman6357@live.com,1
ogdon.spruell@qq.com,2
Lucie_Grant3308@outlook.com,3
Gail.Scott3013@qq.com,1
Joe.Hamilton5536@mail.com,5
RolandMurphy68@live.com,4
Charles.Muir@hotmail.com,1
victor.grasu@gmail.com,63
iskra.vankova@gmail.com,8
Robert_Sasic@icloud.com,1
Donald.Payne_1117@mail.com,3
janusz.piela@gmail.com,4
vik341pet@yahoo.com,1
Ben_Forster13@mail.com,13
emiliana.hutopila@gmail.com,36
Abby_Land_6261@protonmail.com,2
Karis.Anderson_7829@mail.ru,1
milena.gherman@gmail.com,2
atanasia.roman3001@gmail.com,5
CarolMatson@rediffmail.com,1
BarrySlater4037@qq.com,1
John.Anderson362@ymail.com,2
steban665@live.com,1
shurygina.yevgenievna@gmail.com,13
Sharon_Pugh9819@yahoo.com,4
nicolae698lis@mail.ru,4
Frazer.Lemoine4831@mail.com,1
antal.patricia@gmail.com,3
karol.komar@gmail.com,2
Mason_Thoreson_5826@yahoo.com,3
Demi.Reilly6895@protonmail.com,8
Madeleine_Wood_2044@ymail.com,3
Richard_Burns6926@icloud.com,1
alexc444@mail.ru,1
Jodie.Hanson5000@ymail.com,2
iplama525@protonmail.com,3
tsaplin.rodionovich@gmail.com,8
laurentiu.lupescu5868@gmail.com,2
Steven_McKay@protonmail.com,2
Millie.McMillan136@hotmail.com,2
Samuel_Campbell_9099@rediffmail.com,2
Dominic_Weaver@protonmail.com,4
JeffreyFalbo7501@qq.com,4
Nicholas.Smith189@yahoo.com,1
tamara220ceb@protonmail.com,6
Ronald_Humphries_2112@yahoo.com,1
Ben.Howard_2895@ymail.com,1
kostyantyn.tsymbalyuk@gmail.com,5
Maya.Mitchell_4546@qq.com,1
ChristineParker1652@live.com,5
pylyp.yurchenko@gmail.com,2
AnitaStafford@live.com,3
Lacey.Bell_5615@outlook.com,3
AmiAguirre6292@mail.ru,2
MauriceBuckley5742@mail.com,4
Mollie.Luc4406@ymail.com,3
RusselMaclean_2357@hotmail.com,2
Christopher_Chandler_2003@yahoo.com,2
bronislava.andrijchuk@gmail.com,25
Alan.Johnson7289@live.com,10
Peter_Fleming7920@ymail.com,2
costin.nechita1998@gmail.com,1
aris.cazac5249@gmail.com,1
Angela_Roberts@icloud.com,2
KieranHill_3998@yahoo.com,2
imanuela.mitu@gmail.com,3
Jesus_Kennedy@hotmail.com,1
balanelln230@yahoo.com,6
SimonNash1297@live.com,2
Gladys.Cockrell_4085@ymail.com,4
GeorgiaGray4623@protonmail.com,4
BarbaraStevens2780@outlook.com,1
GavinPaterson9660@live.com,2
dan.milcu@gmail.com,3
Austin.Miller@qq.com,10
Luca_Stewart1922@ymail.com,23
IsabelDuncan9464@rediffmail.com,2
Zahra_Whitaker4205@ymail.com,5
Elizabeth_Shives_8372@gmail.com,3
alin.cristea@gmail.com,1
Scott.Salisbury2989@rediffmail.com,6
Amelia.Atkins_5822@protonmail.com,4
LeeDemartini_2533@outlook.com,8
AdamReynolds1275@mail.com,5
Elliot.Bond7198@live.com,1
Gabriela.McDonald_3140@yahoo.com,2
Arnold.Moore4715@ymail.com,4
Richard.Sarver_9340@yahoo.com,3
Aidan.Cameron5101@hotmail.com,1
JamesRock5670@protonmail.com,4
GracePuckett_1098@outlook.com,25
Aisha.Bentley_3308@mail.com,20
JaimeWilson@protonmail.com,1
violet.levesque@gmail.com,38
Lena_Taylor@qq.com,5
samira.bivol1721@gmail.com,1
corne.croito222@gmail.com,3
Martyna.Nolan_2592@ymail.com,2
Bradley_Gray1702@mail.com,2
MolliePotts4967@mail.com,5
amina.bors@gmail.com,2
Edna.Mackay@protonmail.com,3
rosluc586@live.com,4
LaylaScott8138@ymail.com,1
Gilbert_Mackenzie9362@icloud.com,1
Oliver.Rivera_5485@mail.com,6
Ashton.Hobbs4807@yahoo.com,1
Benny.McLean8652@hotmail.com,3
carson.dempsey2@gmail.com,1
Tia_Miller_3409@mail.com,2
KelsieMiddleton_9715@mail.ru,1
CecilTaylor@mail.com,1
Darcie.Reid_7748@live.com,1
EvaSummers_8384@yahoo.com,2
Zachary.Kemp@protonmail.com,2
Thomas.Thorpe7315@rediffmail.com,1
Richard_Talbert_73@hotmail.com,1
Gracie_Gibson8392@hotmail.com,2
dinu.korzha@gmail.com,4
thelma.cummings@gmail.com,23
OliverDouglas_3783@live.com,6
saveli.tchmil882@icloud.com,1
