email,number
John_Carr@ymail.com,1
JoanSimpson_4509@protonmail.com,3
Lilly_Thompson2043@icloud.com,1
Charlie.Clark@protonmail.com,1
Maya_Hawkins_9781@rediffmail.com,2
gary.lane@gmail.com,59
Marissa_Wright6863@ymail.com,1
Leon_Brookes709@mail.com,2
zack7890@hotmail.com,4
jarrad.khosravi1245@rediffmail.com,3
Finlay_Hamilton_8205@yahoo.com,25
MatthewThornburg5478@yahoo.com,1
Sandra_Roby_9356@mail.com,5
Lucia_Hodder_9417@live.com,4
spas.hadjiev@gmail.com,1
JenniferMcMillan_7927@live.com,7
Updar_Harvey_8280@mail.com,1
Harry.Chamberlain_3044@live.com,3
Ellie_Leonard_7848@live.com,1
Ellis.Kirk_5274@live.com,6
Ramsay_Patrick_233@hotmail.com,2
Roisin_Whitehead7712@live.com,25
Henry.Jarvis@ymail.com,3
Peggy.Johnstone1889@mail.com,4
tudor.blaga@gmail.com,3
beata.sobanska@gmail.com,2
RobertGreen@outlook.com,3
John_Griffiths5027@hotmail.com,2
denis.serban4786@gmail.com,1
Haiden_Williamson_2591@live.com,15
Bradley_Findlay6543@ymail.com,5
Helen_Smith_7520@live.com,5
Lucas.Graham_4398@qq.com,2
Mac.Hunter6050@live.com,2
Prothalon.Hanson2413@ymail.com,3
Janel_Brooks@yahoo.com,3
mad966bot@outlook.com,2
Susan.Rogers_2968@qq.com,1
AdrieneMilne@live.com,3
EfrainJones@ymail.com,1
denys.begley12@outlook.com,2
John_Jones@ymail.com,1
marijnunker2689@ymail.com,7
Laura_Dickson1376@icloud.com,1
damaris.vicol@gmail.com,2
bohuslav.turecek@gmail.com,3
Courtney_Johnstone5856@ymail.com,1
lilia.rusu@gmail.com,2
darya.labyncava@gmail.com,2
EwanHill_37@gmail.com,2
Alexandra.Connor3787@hotmail.com,3
Hazel_Wallis_5398@protonmail.com,3
alogrina.anatolievna@gmail.com,3
Lloyd.Ruch1664@ymail.com,1
SophieMacleod_2996@ymail.com,9
marcella.smith@gmail.com,23
Alonso_Stephenson_173@hotmail.com,5
KarenHill_8711@mail.com,2
GarrySmith_1946@mail.ru,2
Isabel.Jackson6393@mail.com,1
LucilleBrennan_1211@mail.com,3
Mohammed_Graham5284@mail.ru,2
Ruby_Martin_5458@live.com,1
Luis_Alexander_4211@icloud.com,3
KayleighBaldwin_3609@live.com,1
tomvit117@icloud.com,4
CaitlynStevenson_2566@outlook.com,1
robert.townsend@gmail.com,6
Lola.Power5882@hotmail.com,2
Kaden.White@hotmail.com,1
plaeve558@outlook.com,1
Thomas_Doney3193@ymail.com,3
Oscar.Milne1089@live.com,2
Tracy_Donaldson@yahoo.com,1
pasztor.timea@gmail.com,1
Elma.Douglas@mail.ru,1
EllaByrne_3995@outlook.com,3
Harry.Gray1016@outlook.com,1
Ella_Warner4027@hotmail.com,4
Eloise_Hardy7469@rediffmail.com,3
klement.nemecek@gmail.com,43
Helena_Goldberg@hotmail.com,1
Mason.Thai@mail.com,2
AimeeGilbert5280@outlook.com,5
kristyna.vondrackova@gmail.com,4
kamalesh.csengg@gmail.com,3
MorganNicholls_2660@live.com,1
BellaSasic9589@mail.ru,7
AimeeDrozd1994@hotmail.com,6
Margaret.McGregor2506@mail.ru,1
gergana.savova@gmail.com,29
Kiera.Byrne_7483@mail.com,3
Richard.Aguirre6769@qq.com,7
Robert.Hughes2496@live.com,16
dima.raileanu@gmail.com,2
Tamara_Vansickle9323@rediffmail.com,5
Zachary.Douglas581@rediffmail.com,4
Brodie_Clark@ymail.com,5
kovalevsky.danilovich@gmail.com,2
Guillermo_Scott13@outlook.com,1
caleb.staratan@protonmail.com,1
alin.lazar@gmail.com,5
Emmanuel.Lee5317@live.com,1
Diana.Holmes_1587@hotmail.com,3
paula.dobre1423@gmail.com,9
GuyMcLean3461@qq.com,1
KristiBooth@protonmail.com,3
Lily-rose_Mackay_3340@mail.com,7
plalor556@icloud.com,1
LeahMorrison@hotmail.com,5
g.botnari877@qq.com,1
Zara.Gilbert_6917@gmail.com,1
Gilbert_Pearson_5700@qq.com,3
Helena_Gray@mail.ru,1
LibbyDawson3100@protonmail.com,5
anabela.grecu875@gmail.com,2
Tess.Russell_6763@ymail.com,2
Michael_Atkins@qq.com,2
Isabel.Anderson_9982@live.com,1
cnaugs@gmail.com,3
Leah_Foster@rediffmail.com,10
Maya_Duncan8057@ymail.com,9
CharlesBonnette_7084@live.com,1
marica.nicolescu@gmail.com,45
Nancy_Jones9498@mail.com,2
ylenia.niculaie@gmail.com,16
julie.pankova@gmail.com,4
iwa.swiatkowska@gmail.com,1
Kenneth.Riley_4553@protonmail.com,2
alex.baciu@rediffmail.com,4
Rohan_Campbell_137@icloud.com,2
Leah.Geiger@mail.com,3
Patrick_Lamb_580@yahoo.com,5
Imogen.Clark_5682@yahoo.com,2
amina.buga@gmail.com,3
Jon_Day_8300@mail.com,1
DariusFleming5859@ymail.com,2
ioana.pavlenco5612@gmail.com,4
golgal888@yahoo.com,3
Scarlett_Gordon_114@yahoo.com,1
hanna.janeczko@gmail.com,1
ashish@gmail.com,427
MelvinDuncan_8824@hotmail.com,4
Luke_Lambert8482@yahoo.com,6
yaroslavsky.maximovich@gmail.com,5
Hubert_Harding@protonmail.com,2
Andrew_Gray@ymail.com,10
denisa.giurescu@gmail.com,2
Katelyn_Terrill_4399@ymail.com,2
Noah_Sutherland8981@ymail.com,1
ZofiaMcgaugh7067@gmail.com,2
Aleena_Hunter_8495@yahoo.com,8
Blanche.Chan@hotmail.com,10
Louise.Glover1860@gmail.com,4
bonislava.petrovaa@gmail.com,1
Alice.Ritchie@mail.com,3
Lucas_Stewart_4697@outlook.com,3
Ethan.Millar_4905@yahoo.com,7
surany.oliver@gmail.com,5
toma.tomescu1996@gmail.com,3
James.Williams@outlook.com,3
Cruz.Carey7220@mail.com,5
AmyBolt_7724@icloud.com,4
Loyd.Hope@yahoo.com,2
Freya.McIntyre_5892@live.com,2
Frederick_Shepard_8526@gmail.com,7
MildredGraham1934@ymail.com,2
TraceyTodd5304@qq.com,5
Juliette_Boyle4877@live.com,1
Alexander.Watson@gmail.com,5
HallieDocherty4369@gmail.com,3
Ruby.Hamilton_9312@live.com,1
Isabelle.Marshall5251@mail.com,6
gloria87tataru@hotmail.com,3
Finlay_Ludlum1457@ymail.com,6
JenniferMarshall7773@yahoo.com,1
Aleena.Hodgson@rediffmail.com,4
elvis.bass89@outloook.com,13
LeonConnor6865@icloud.com,2
sava.bartosova@gmail.com,1
Kyla.Johnston_8061@icloud.com,4
dincus211@icloud.com,1
Kari_Young@mail.ru,2
Francis.Steele@ymail.com,3
LeenaHodgson1099@live.com,1
Jake_Barber@live.com,6
dumitru.stolojan@gmail.com,2
Kate_Dixon4993@yahoo.com,2
Sandy.Saunders8176@gmail.com,1
Joan_Wright_3980@rediffmail.com,2
Murron_Leisure_6346@outlook.com,3
MorganEvans_24@ymail.com,9
TiaMartin@mail.com,3
Thomas.Bruce40@hotmail.com,3
Barry_Colvin@rediffmail.com,20
tarira553@mail.com,1
MarianGraham_8352@ymail.com,3
Phairdon_Woodward2356@mail.com,1
KaseyMunro_1509@live.com,2
DylanWebster@protonmail.com,2
