email,number
Max_Lambert@gmail.com,6
MichalDavis@mail.com,1
GeoffreyRice2056@hotmail.com,6
John.Cordeiro2060@outlook.com,2
KayMadrigal_9743@qq.com,4
alexandru.melnic0154@gmail.com,4
Maxine.Perkins7089@protonmail.com,1
russkikh.vasilievna@gmail.com,51
ryan.patel@gmail.com,4
Christen.Hill_9611@hotmail.com,2
Tia.McDonald_9868@hotmail.com,7
JoaquinDavis@yahoo.com,3
DarrellTyler_4485@gmail.com,1
Gary_Wood5007@ymail.com,4
Corey_House4093@live.com,3
jela.pauculova@gmail.com,1
KaiPoston_2118@outlook.com,5
amina.russu8174@gmail.com,5
takacs.albert@gmail.com,4
lera.vic@mail.ru,1
Kayden.Campbell1280@ymail.com,4
layla.taylor@gmail.com,8
MatildaAkhtar@mail.com,1
Anthony.Leonard_1653@icloud.com,2
dimaocau@mail.ru,1
Avah_Davis@icloud.com,1
Kaci_Kerr8206@mail.ru,3
Bella.Muir8571@ymail.com,2
Jess_Bassett@qq.com,1
Samuel.Murray_4742@mail.com,5
AntoniHamilton@hotmail.com,2
Laurie_Ruch@outlook.com,2
leila99croitor@qq.com,3
marlis198@protonmail.com,6
TomMcIntosh5366@protonmail.com,4
Elizabeth.King2354@ymail.com,3
kalina.kontny@gmail.com,50
Barbara.Gillan@mail.com,2
anatolie.gabor@gmail.com,2
askdakhs@gmail.com,5
Syed_Craig_2006@mail.com,2
Carmen_Talbot@protonmail.com,2
nica.vicol@gmail.com,8
olena.rudyk@gmail.com,11
marja.baraukina@gmail.com,77
Lara_Nunez_869@mail.com,1
Robyn_Stevenson9956@protonmail.com,4
JamesNewton@outlook.com,5
Elizabeth.Cunningham@ymail.com,4
Ralph_Wyatt2145@qq.com,7
Olga_Fry788@mail.ru,11
TomByrne_9195@rediffmail.com,11
Joshua.Edwards2665@icloud.com,3
MadelineClemons1482@mail.com,22
KayleyEdwards@live.com,20
Wiktoria.Butler_6604@live.com,3
Imogen.Donaldson_5102@mail.com,5
Heather_Simpson_5931@protonmail.com,5
Sarah_Gray_1138@outlook.com,10
Carol.Schilling_6265@rediffmail.com,4
EnochAllen4939@icloud.com,2
Corey.Mellor4393@icloud.com,1
McKenzie_Mejia6331@mail.com,3
Jeff_Wendt@live.com,5
Kiera_Clark_8133@live.com,1
Kody.Payne_7267@hotmail.com,2
Kyle.Birch4653@mail.com,3
ArronMoore5415@outlook.com,4
Oliver_Wall8985@ymail.com,2
Rachel_Miller_2845@icloud.com,2
danus.hurgoi@gmail.com,2
teofila.olinescu@gmail.com,4
Virgie_Goddard_4329@protonmail.com,2
Abby.Zutar@live.com,4
George_March_5880@live.com,4
Mark_Cousins515@yahoo.com,6
EvaStokes_6317@ymail.com,1
James.Crawford_8125@yahoo.com,3
Corey.McKay2056@hotmail.com,4
Leo_Macleod_5215@live.com,1
evzen.nistor@gmail.com,1
AbbyFernando327@live.com,5
Jess_Smith_4897@outlook.com,1
martin.piturca@gmail.com,7
Phillip.Sharp6398@ymail.com,3
Megan.Kirk6559@live.com,8
JeanJohnson3584@live.com,6
Cynthia.Palmer@mail.ru,1
LindaWiller_3516@gmail.com,6
Margarito.Munro@mail.com,3
MadelinePearson_8020@mail.com,1
Alene_Vasquez_2954@outlook.com,4
OskarKelley344@ymail.com,1
Ernesto.Hughes_5634@live.com,3
semen.panasyuk@gmail.com,4
Carla_Cohen_5501@ymail.com,2
Madeline_Moore6336@gmail.com,5
eva.mckinney@gmail.com,45
EmiliaKirk8863@live.com,3
JustinGraham_6425@protonmail.com,2
Orlagh.MacDonald_945@rediffmail.com,1
Gabriel_Pickering@mail.ru,5
cheston.fung77@yahoo.com,3
patti.reeves@gmail.com,1
Joshua_Gallagher_374@rediffmail.com,7
Aaron.Michael5098@yahoo.com,3
DianaBell_1674@mail.ru,2
Jo.Reid_7552@icloud.com,2
timofei.kassapu4521@gmail.com,2
Victoria.Martin_5511@protonmail.com,7
Casey.Clark_3039@rediffmail.com,5
dobrogost.lewkowicz@gmail.com,43
Mohammad_Sinclair_9166@mail.com,1
ioana.serbanescu@gmail.com,1
Nathan_Brazil_719@protonmail.com,2
smoky.dave@gmail.com,3
Brooklyn.Jones_3879@yahoo.com,3
Aidan.Williams7643@mail.com,7
Alyx_Sims8782@yahoo.com,3
Margaret_Wallace8246@live.com,2
emil.glaza@gmail.com,22
Joseph_Graham_6063@protonmail.com,4
miranda.newman@gmail.com,5
emma.boucher@gmail.com,1
Charlotte.Nunez9221@ymail.com,6
George.Kidd@ymail.com,2
Jess.Myers5056@hotmail.com,2
brana.rota@mail.com,1
James_Barker@mail.ru,3
Mia_Kennedy_7577@ymail.com,1
nan123car@ymail.com,3
Joe.Reid@outlook.com,3
luther.rivera@gmail.com,9
zoya.perepelytsya@gmail.com,2
Quid_Deleon@gmail.com,2
Lucia_Robinson1538@live.com,1
Kerry.Reid_8078@protonmail.com,4
Elena_Cunningham_678@yahoo.com,2
Zoe.Gibson6480@icloud.com,7
grayson.patel@gmail.com,32
gristu422@yahoo.com,2
Estelle_Donohue_5438@rediffmail.com,2
mya.tremblay@gmail.com,2
leighton69@mail.ru,1
flippy0015@gmail.com,2
TonyWest6317@icloud.com,14
elina.tcaci3322@gmail.com,2
Taylor.Kirby@protonmail.com,6
eric.caz555@live.com,1
AbbiePointer@live.com,5
Demi.Canaday3950@live.com,5
OmarZuniga8796@protonmail.com,3
arkadzya.yuko@gmail.com,5
MariaKing@rediffmail.com,2
Sebastian.Grant_8471@icloud.com,5
KobeMcMillan@yahoo.com,2
Rhea_Perry_6160@icloud.com,2
Jacqueline_Brady7929@mail.ru,3
Eve_Fox@mail.com,3
ruslana.lisnic7889@gmail.com,7
Mary_Allen9564@rediffmail.com,7
LouisEvans_1810@yahoo.com,1
Halle.Hughes@outlook.com,3
NinfaJohnson5809@qq.com,5
DeborahAlexander_444@gmail.com,1
Estelle_Taylor_3793@yahoo.com,3
Mary.Heath_9808@icloud.com,3
Phoenix.Weiss_4168@ymail.com,3
LilyFink1002@mail.com,3
Sean.Howard_1631@protonmail.com,3
David_Smith@gmail.com,4
ChelseaFletcher@live.com,1
m.cebanu@qq.com,4
Gary_Mccullers5958@outlook.com,2
Zach.Jules@live.com,2
lenusa.baicu@gmail.com,3
JamesMaldonado458@gmail.com,5
Arianna_Parsons_6437@ymail.com,1
Elliot.Choy6058@mail.ru,4
Bailey_Kent_3197@ymail.com,1
gregor.koren@gmail.com,41
stefaniya.didyk@gmail.com,5
Brandon.Millar_9586@hotmail.com,3
milena.damian0123@gmail.com,3
GracieWilliamson8540@mail.ru,6
leila.bors222@protonmail.com,3
ryon.witzmann1912@ymail.com,1
madalina.diacov@gmail.com,2
JosefinaDuncan_4431@yahoo.com,2
EllieWard_8235@yahoo.com,6
esli.vier681@live.com,1
Harold.Moore@yahoo.com,2
ConnieDickson@qq.com,4
Jodie.Warner_8988@mail.ru,1
NormanSimpson_7865@mail.com,2
Eden_Reid7090@protonmail.com,2
khrystyna.shynkarenko@gmail.com,2
mykyta.pavlyuk@gmail.com,6
Barbara.Anderson7190@mail.ru,3
Roisin_Clark9304@live.com,3
