email,number
Charles_Barnes@rediffmail.com,1
Anthony.Burns_5259@ymail.com,6
matthew.levesque@gmail.com,6
Rose_Ohare_8984@yahoo.com,3
MichaelBruce6751@protonmail.com,3
hanusz.kruszewski@gmail.com,2
Kian.Wojcik@live.com,2
Malcolm.Davidson3911@ymail.com,1
david.lee@gmail.com,35
Craig_Burgess@qq.com,3
AndrewWoodhouse2268@icloud.com,10
Oliver.Johnstone_6661@mail.com,6
Louis.Hayslett1209@mail.com,2
NicolaRudd@ymail.com,3
Jeffery.Scott1160@gmail.com,1
Jasmine.Linker@live.com,1
elefterova.petrovna@gmail.com,2
bronislava.taran@gmail.com,7
Margaret.Lin8325@ymail.com,4
Juan_Thomas537@qq.com,1
eva.williams@gmail.com,6
Dean_Kennedy_8585@rediffmail.com,3
PaigeWinter_984@mail.com,1
Gregory_Jackson_7438@ymail.com,6
kyrylo.yeremenko@gmail.com,7
Jess_Harvey4976@mail.com,2
viola.sulcova@gmail.com,4
CarolynDennis_6126@ymail.com,3
Dale.Hayes_8179@mail.ru,9
CodeyKirby_4177@live.com,2
Faith.Walker_6110@rediffmail.com,4
Max.Rock_3232@rediffmail.com,1
olimpia.miklos@gmail.com,1
MateuszMacleod1441@protonmail.com,4
Christopher.Murdock_5388@icloud.com,1
George.Deck4499@hotmail.com,5
archie.morreale23@qq.com,1
ihor.lazarenko@gmail.com,2
stefan.r365@gmail.com,1
Gordon_Meyer_8337@protonmail.com,2
FrancescaHammond3106@live.com,2
DeclanMcLean7528@qq.com,3
Kadyn_Sheppard1222@icloud.com,1
olga.tarlev2232@gmail.com,3
Amber.Burns2462@yahoo.com,11
JohnAtkins_8215@ymail.com,2
Christopher_Saunders@outlook.com,7
Malachy.Sinclair7009@ymail.com,30
Millar_Henderson7624@qq.com,7
Reegan.Phillips_6149@mail.ru,3
Harvey.Snyder_5349@live.com,2
yuliya.nazarenko@gmail.com,8
yunkina.ruslanovna@gmail.com,4
HarryMitchell@yahoo.com,1
kylie.felton@protonmail.com,4
neelum11@gmail.com,1
Phoebe_Turnbull@gmail.com,3
reznik.moraru155@gmail.com,3
Michal.Hamilton5908@hotmail.com,3
scott.havird@gmail.com,7
Barbara_Carpenter@live.com,7
WilliamMacDonald_908@ymail.com,3
nicholas.shc157@hotmail.com,2
jessica.tremblay@gmail.com,3
Kaylin.Perkins_9833@protonmail.com,4
SeanSawyer_4507@ymail.com,7
KimberlyNorton_5367@qq.com,4
ionus.lupescu@gmail.com,4
Erin_Gibbons5711@gmail.com,4
Charles.Begum7784@yahoo.com,4
JenniferEhlers5066@live.com,1
Sadie.Kirk_5474@qq.com,1
Kiera.Vincent8212@live.com,3
Alannah_Beall_9630@mail.com,2
zana.gherea@gmail.com,2
Emily_Howells60@mail.com,11
ed42voro@yahoo.com,2
Andrew_Daly2418@ymail.com,23
Nathan.Willis5589@icloud.com,3
Jessica.Milne_7475@ymail.com,3
gabriela.savu@gmail.com,3
Christine.Vanhorn_9071@live.com,2
Alice_Boston_3008@qq.com,4
zaim.ciobnu0159@gmail.com,2
AlexanderGreenwood@ymail.com,10
BrandonStanley_4814@yahoo.com,6
Bryn_Mitchell59@qq.com,2
aris.shchusev@gmail.com,3
Jonathon_Coates2671@live.com,1
JaneBuck7791@hotmail.com,5
Honey.Banas_5737@live.com,4
Tom_Walker1124@hotmail.com,1
Callan.Barrett_7728@mail.com,3
Isaac_Bates115@qq.com,4
Blaine.Bailey_9902@mail.com,4
Bailey.Anderson@mail.com,1
Ailie_Thomson@mail.com,5
Nina.King2332@protonmail.com,2
timofei.muntean1245@gmail.com,2
PeterMunro@live.com,2
lyubov.yurchenko@gmail.com,2
MaisieWood1351@rediffmail.com,5
kazymyr.popovych@gmail.com,2
cristina.sclifosovsky867@gmail.com,1
Barbara_Martinelli8603@qq.com,1
EllisParsons_2675@ymail.com,4
Yolanda.Brown4596@hotmail.com,2
ParkerAllen8151@rediffmail.com,6
CarolHorton_5631@yahoo.com,2
rudolph.washington@gmail.com,3
Declan.Hanson8059@yahoo.com,1
caleb.c657@icloud.com,1
Kimberly_Kirk_8669@yahoo.com,2
Tom.Birch4268@yahoo.com,11
Mary.Nelson_8157@ymail.com,3
Eoin_Noble_7376@live.com,5
Tamzin.Nixon5083@rediffmail.com,1
severiana.vacarciuc4569@gmail.com,1
Isobel_Sloan@ymail.com,7
ferdinand.nowell67@ymail.com,10
Arron_Brown394@outlook.com,5
artple776@live.com,1
timmy.chavez@gmail.com,8
bors.cazac@gmail.com,21
JodieStewart@ymail.com,3
lurasclifos114@outlook.com,2
condocondosupercondo@gmail.com,11
Gabriel_Hunter2442@live.com,20
Stacy_Wilson_8085@icloud.com,4
Morgan.Hill_5469@live.com,1
Alexander.Watson6677@mail.com,3
ShawnAnderson6862@yahoo.com,4
Shirley_Coolidge_5934@live.com,3
DanielRussell@qq.com,5
Isaac.Kerr_9746@yahoo.com,3
Nina.Weaver_5359@ymail.com,3
bewolf.jason@gmail.com,225
ibrahim.rosca0124@gmail.com,5
alexandru.juravschi@yahoo.com,3
Hassan_Knowles4321@ymail.com,5
gthfalt@gmail.com,2
Luka.Payne7305@mail.com,3
Fraser_Tomlinson_4400@outlook.com,3
Debra.Anderson_8723@mail.com,9
Jayden.Taylor_8316@live.com,8
Willie.Ritchie_5581@gmail.com,5
CobyMurray_5941@live.com,3
Carol.Braun_9114@ymail.com,25
Blaine.McKenzie_4998@hotmail.com,1
Bailey_Coleman3821@mail.ru,4
pokrovsky.yakovich@gmail.com,2
Jessica.Harper_901@yahoo.com,7
Joey_Monreal_159@mail.com,32
mthakral59@gmail.com,1
madalina.tataru@gmail.com,2
hailey.martin@gmail.com,25
Reagan_Jamieson8054@outlook.com,1
Destiny.Murray@hotmail.com,3
loa404mor@hotmail.com,1
AlfieBurns@protonmail.com,2
Alexandra.Hunt6946@gmail.com,6
Peter.Lee_7937@protonmail.com,1
kateryna.honcharenko@gmail.com,1
Georgina_Summers3416@protonmail.com,1
lola.gheorghita336@gmail.com,3
Jack.Thompson_2573@rediffmail.com,2
RyanByrum_2414@live.com,3
Karys_Gibbons6803@qq.com,31
Carolyn_Pugh_9524@protonmail.com,18
Eric_Kerr952@live.com,1
slavamira.kipel@gmail.com,3
eva.horvathova@gmail.com,5
malinin.olegovich@gmail.com,2
Heather_Rees9355@rediffmail.com,1
Maria.Joseph_3584@mail.com,8
AleeshaPaterson6866@hotmail.com,3
Gary.Bray_9702@hotmail.com,2
Tanya_Walker3647@gmail.com,1
Lochlan_Hill@outlook.com,3
Ethan.Boles343@rediffmail.com,1
osminina.afanasievna@gmail.com,2
Charlotte_Wilson_9611@rediffmail.com,4
Michelle.Milne_8868@icloud.com,5
EdwardStorer5822@protonmail.com,6
PennyRobertson_9080@yahoo.com,10
vira.suprun@gmail.com,3
Tori.Weishaar6286@qq.com,5
gabriela.ruseva@gmail.com,7
Andi_Crawford5297@outlook.com,4
Eva.Bell@ymail.com,8
Hunter.Allan@icloud.com,5
Annabelle.Boyle1790@outlook.com,11
Michael_Crawford@mail.ru,3
KennethGray_8882@live.com,2
Leon_Mcdonald3835@ymail.com,1
luminita.doga5080@gmail.com,5
David_Atkins956@gmail.com,1
Aidan_Maynard@ymail.com,1
vladimira.hadjiivanova@gmail.com,1
Nieve_Connolly@live.com,4
