email,number
brandusa.troester@gmail.com,6
FrancescaCooper5136@yahoo.com,2
Jasmine_Victor459@mail.com,1
Delores_Goodwin_1983@qq.com,2
nazario.stamati587@qq.com,6
Aaliyah_Grant@mail.com,1
wilder.nealson19@ymail.com,1
amalia.giurescu@gmail.com,1
SamuelClark8194@mail.com,1
RoseFlynn6453@outlook.com,9
Tara_Pitts5486@rediffmail.com,1
tracey.hardy@gmail.com,12
David.Edwards_9136@hotmail.com,1
Kay_Fox_5088@mail.com,1
Sharon.Giglio7794@hotmail.com,2
anatolie.olteanu@gmail.com,3
candice.farmer@gmail.com,45
Kade.Marshall@protonmail.com,3
stella.vacarciuc4122@gmail.com,1
lyutsyna.yanushkievich@gmail.com,3
frederick.sanders@gmail.com,2
zynovij.matvijchuk@gmail.com,5
KatherineThomas1028@outlook.com,25
LauraBrown_5183@rediffmail.com,3
Vernell.Richards987@yahoo.com,3
OlivierMcIntyre_8968@yahoo.com,1
LamontHenderson8019@live.com,7
Jai.Ross2569@qq.com,7
Kate.White7019@live.com,2
Oscar.Macleod_8526@gmail.com,2
andreas.maidens90@ymail.com,3
Margarito.Griffin@mail.com,1
Kelsi_Cartwright9786@hotmail.com,4
eugen.costiniu@gmail.com,3
Maci_Ritchie_7305@live.com,8
nobie.dezoete@rediffmail.com,4
vojtech.kuchar@gmail.com,3
Debra_Bergstrom1635@mail.com,2
emil.dinescu@gmail.com,5
timur.ursu@gmail.com,8
linda.marciniszyn@gmail.com,4
Travis.Averill_894@mail.com,2
Jesus_Burdette_8685@protonmail.com,5
DeniseGeiger_6541@live.com,2
krayev.timurovich@gmail.com,1
EveCurtis3058@outlook.com,5
Amber.Dean6069@icloud.com,2
Jessica_Cockrell_426@icloud.com,3
Sylvia.Mackay_4540@rediffmail.com,4
Luis.Stephenson9503@qq.com,7
Beau_Parkes6180@hotmail.com,1
JosephRobinson_8214@outlook.com,2
BrooklynLambert@mail.com,10
catcus547@icloud.com,3
Alex.Cooks_4075@rediffmail.com,1
Carmen.Wilkinson_4642@icloud.com,1
nebojshatest@gmail.com,11
Thomas.Davey@gmail.com,2
okai.orran44@qq.com,28
rijul@atarcventures.com,7
Jude.Ritchie298@icloud.com,10
Nicolas.Ferguson_7868@mail.com,2
Aidan.Ross5155@ymail.com,23
Elmer_Ethier_6844@mail.com,1
Melissa_Smith_7131@outlook.com,4
Sharon.Shaw_2170@mail.ru,3
wiara.sopko@gmail.com,1
kipriyanova.vladislavovna@gmail.com,2
James_Mann2218@icloud.com,1
Nicholas.Mackay9563@mail.ru,3
Andrew.Simpson@mail.ru,1
Rhianna_Adams@icloud.com,31
Natalia.Donaldson3788@yahoo.com,4
Sylvie.Arnold_1599@rediffmail.com,1
MeganCollier4538@icloud.com,6
DavidRitchie_1456@live.com,1
LoriFindlay8064@icloud.com,2
Bethany.Lowe2129@protonmail.com,2
Demi-lee.Carr_8708@protonmail.com,13
ana.morton@gmail.com,7
magda.iagar@gmail.com,1
tamara.munteanu@outlook.com,1
Silas.Curtis7073@ymail.com,1
Finlay.Shaw3916@rediffmail.com,2
Roland_Lane_1817@ymail.com,2
melany.agadati2312@gmail.com,2
rafael.holmes@gmail.com,4
MollieWade_990@ymail.com,5
Darren.Pearson985@hotmail.com,3
marcela.tarlev@gmail.com,1
alexandra.fojtikova@gmail.com,1
Jake.Lawson9289@rediffmail.com,2
dominik.zima@gmail.com,2
egyed.balazs@gmail.com,5
AlasdairPalmer_9517@mail.com,2
Marjorie.Davis_4292@gmail.com,2
leila.munteanu@gmail.com,3
CaitlinCampbell4798@ymail.com,3
AnthonyMcMillan3025@yahoo.com,4
bernard.zmeskal@gmail.com,2
SamFerguson8186@yahoo.com,2
Patricia.Williamson@yahoo.com,7
Kate_Speer9080@ymail.com,2
iulio.florescu@gmail.com,2
Myles.Nicholson231@outlook.com,3
boguslaw.turczyn@gmail.com,2
Fletcher.Kennedy@ymail.com,3
MichaelKirk@rediffmail.com,2
ChristopherCameron@rediffmail.com,4
MarthaHunter_4928@hotmail.com,3
Finley.Goodwin_7695@ymail.com,2
gavin.morin@gmail.com,3
owen.gagnon@gmail.com,1
Jordan.Murphy7008@mail.com,2
Tyler.White_2015@live.com,7
radovan.novacek@gmail.com,2
maru56bothe@outlook.com,2
Jodie_Wallace_1134@live.com,7
sava.ostapchuk@gmail.com,3
Susanne_Billings221@gmail.com,5
Katherine.Casarez3745@mail.com,3
ChelseyDouglas3088@ymail.com,1
Louis.Davidson@live.com,8
Seth.Donaldson@icloud.com,6
ReneeWells_1393@yahoo.com,1
Jake_Plemons8384@live.com,1
vasile.mocanu@gmail.com,2
EllisBuchanan_988@live.com,4
Leon_Clark@ymail.com,9
PaulaAllan@hotmail.com,1
valentyn.stepanenko@gmail.com,4
Codi_MacDonald7887@yahoo.com,20
Madeline_Watson@qq.com,1
amelia.kocur@gmail.com,2
karimd666@qq.com,5
Sam.Young6726@qq.com,7
magdalena.croditier6587@gmail.com,2
Fallon_Wright@ymail.com,14
Michael_Johnstone_6298@live.com,17
Jennifer.Doyle9425@gmail.com,3
Owen_Thompson1006@yahoo.com,2
Rhys_Kratz7480@ymail.com,1
erika.ghezzo@gmail.com,1
Jessica.Campbell_6424@yahoo.com,1
Kiera.Stephens_8099@live.com,5
Kerry.Stiner_9302@mail.ru,3
AlishaCox_6219@icloud.com,2
Finley.Cooke_7958@outlook.com,5
Ethan.Collins9491@ymail.com,1
Alicia_Kennedy280@ymail.com,1
gabriela.predoiu2456@gmail.com,2
rostislav.colesnic02145@gmail.com,3
GraciePoling8889@mail.com,13
joelsinbarba@gmail.com,24
Paul_Grant_4172@outlook.com,2
MarshallHodgson_8927@rediffmail.com,2
ionache.dimitru6785@gmail.com,5
Sean_Austin8774@live.com,3
JonathanRowley6125@icloud.com,2
Tamara_Johnstone8670@rediffmail.com,1
KayleighMoore2073@yahoo.com,1
Leon.Ritchie@hotmail.com,6
RowanCrain@icloud.com,2
Anas_Stevenson2293@icloud.com,1
CallumDavey7469@outlook.com,1
Eloise.Kemp5610@qq.com,4
Isobel.Ritchie4404@outlook.com,2
Rosie_Walker9089@live.com,1
Maci.Cameron_9241@outlook.com,1
Elizabeth_Morrison_6784@gmail.com,2
Teigan_Macleod1718@outlook.com,3
wyatt.pelletier@gmail.com,3
Courtney_Field1298@hotmail.com,2
Kate_Crawford_884@ymail.com,2
alaa.rotaru8432@gmail.com,5
Carlos.Hargreaves_7025@yahoo.com,3
Leo.Canaday@live.com,17
Hunter.Adams_9636@yahoo.com,3
Baillie_Kelly_4261@outlook.com,1
Brooke_Johnston@ymail.com,4
Marylou.Faulkner3857@ymail.com,3
Charles_Knight5509@live.com,4
Finlay.Mason@live.com,3
Stewart_Thompson_3120@live.com,13
MarcoKline2159@outlook.com,4
Lai.Powers@icloud.com,3
Juan_Mccoy7167@live.com,2
Randy_Crowl@live.com,8
RobertMackenzie@mail.com,4
ecaterina.mateevici1454@gmail.com,4
GabriellaBailey1891@mail.com,6
Carmen.Cunningham_7214@protonmail.com,1
Jim_Aitken_6991@protonmail.com,1
Faye_Watkins_4725@protonmail.com,15
Paulina.Jamieson7960@yahoo.com,2
eugen.gaina@gmail.com,2
Sinead.Marshall@protonmail.com,4
Chasity_Russell7209@protonmail.com,5
Marie_Lloyd3644@live.com,3
Jade.Batchelor_704@live.com,3
