email,number
RosaHamilton@live.com,1
nelu.bulat1996@gmail.com,1
Dean.Sinclair_9422@mail.com,2
Cassie.Hunt_1740@rediffmail.com,2
Samuel.Russell_4396@rediffmail.com,1
tsypryjan.lysenko@gmail.com,5
Edmundo_Lee8333@ymail.com,1
SkyeWallace_7719@rediffmail.com,1
Abbie.Ross_4925@hotmail.com,1
ClareJohnston_3444@live.com,3
David.Orellana5647@yahoo.com,1
RiticSavage2681@mail.ru,1
ioana.lacusta@gmail.com,43
iulien.hutopila@gmail.com,2
sava.doroshenko@gmail.com,4
victoria.vicol3141@gmail.com,3
RogeirSmith_2053@live.com,5
alexandr.d987@icloud.com,3
eric.munt569@icloud.com,4
MorganWallace@icloud.com,3
Rose.Sykes_320@yahoo.com,1
Avah.Mitchell@rediffmail.com,7
Virginia_Scott7864@ymail.com,2
Bruce_Crawford_6011@hotmail.com,3
Nicholas.Carr2398@yahoo.com,3
Brandon_Black@hotmail.com,3
ElliotGordon_8761@ymail.com,3
Jonathan_Anderson_7312@ymail.com,7
Sol_Palmer_1031@outlook.com,1
Taylor.Ward_900@icloud.com,1
Henry_Turney8733@ymail.com,22
teodor.cornea@gmail.com,4
vera.petric8176@gmail.com,4
MartaCoughlan_1042@protonmail.com,3
karina.musteata@gmail.com,2
Peter_Nicholson2036@hotmail.com,1
Perder_Burns_2960@ymail.com,4
RoccoDodd_8023@rediffmail.com,1
georgeta.sclifosovsky0123@gmail.com,4
Skye_Hughes_8499@protonmail.com,3
DonJackson7422@icloud.com,6
Alicia.Lees5564@outlook.com,4
Cynthia_Thomson@icloud.com,1
ionache.dita@gmail.com,1
Tara.Morrison_6111@live.com,3
Shane.Cameron3023@yahoo.com,1
Darren.Gilliam4583@gmail.com,2
kozma.edina@gmail.com,6
Mohammad.Pratt7749@ymail.com,2
Evie.Miller130@yahoo.com,4
Harley_Savage6799@rediffmail.com,3
Islay_Fleming_5683@mail.com,2
Rebecca_Christie_5121@mail.com,3
Erica_Culpepper3247@mail.ru,1
MollieChambers_587@gmail.com,2
Theresa_Carpenter8095@outlook.com,8
Darryl_Dubuque@mail.ru,3
Georgina.Savage@hotmail.com,3
AlfredSimpson_8542@live.com,32
Bob.Leon3474@ymail.com,12
Laurence.Auten2101@live.com,2
loredana.topal9542@gmail.com,5
marcela.birca6575@gmail.com,3
Hayley.Davis_7462@protonmail.com,3
Leonardo.Parsons_3869@icloud.com,7
assonova.kirillovna@gmail.com,51
Jose.Stevenson2232@gmail.com,2
Leigh_Findlay_349@mail.com,19
Leigha_Clark@outlook.com,1
Jayden_Johnson@icloud.com,2
aris.turcan123@gmail.com,3
ionut.costin@gmail.com,5
apinzari333@qq.com,2
Jason_Burns9748@outlook.com,3
Hunter.MacDonald_4581@protonmail.com,3
ashish3@gmail.com,4
Marianne_Brown4364@ymail.com,6
Alexander_McKenzie_7479@qq.com,3
Frances.Spencer_1065@live.com,2
Albert_Walker4022@protonmail.com,5
mari.sta158@icloud.com,16
abel.leonte@gmail.com,2
dominic.daniel@gmail.com,2
Finley.Hulsey4064@outlook.com,7
Theresa.Terrill_5190@hotmail.com,1
Ann.King_7933@icloud.com,1
ChanellePlemons@ymail.com,25
Harriet_Davis_3136@live.com,2
Amelie_Lusk_1571@ymail.com,5
Leona.Douglas2828@ymail.com,2
daniel.martin@gmail.com,38
Louie.Tucker_9389@outlook.com,24
annabelle.smith@gmail.com,3
carmcara548@mail.ru,3
Eric.Hanson_655@ymail.com,2
ScarletMoss_2301@mail.com,6
Harrison.Pearce16@gmail.com,2
Connor_Murray_550@icloud.com,1
zobor.pal@gmail.com,6
Zak_Cooper_8871@protonmail.com,2
Jimmy.Schulz@icloud.com,1
Willie_Wilbanks@live.com,3
dumitru.josan144@gmail.com,9
Karys.Kelly_6635@gmail.com,1
Hollie.Ferguson_1886@yahoo.com,2
Michelle_Yates1839@mail.com,3
kylie.bouchard@gmail.com,39
Dawn_McMillan_5963@ymail.com,1
Reegan_Pereira@outlook.com,2
bhat.karthik2@gmail.com,6
Ellie.Burns5195@hotmail.com,4
JanetHanchett5662@outlook.com,1
AyaanPrior7334@outlook.com,2
Gabriel_Williams1590@live.com,5
Jakub_Howe_6196@icloud.com,2
danipopo155@rediffmail.com,5
elard.mar124@icloud.com,2
p.ceban600@icloud.com,6
Liam_Rivera_3087@live.com,1
Frances_Boddy_2688@mail.com,2
susie.simmons@gmail.com,4
emil.dachev@gmail.com,49
Cohen_Payne@yahoo.com,4
Cillian.Sloan@live.com,2
Traci.Shine_252@outlook.com,4
Bernice_Thompson_3472@live.com,1
Margaret.King4102@ymail.com,9
Isabella_Moore_2551@outlook.com,6
Edith_Lloyd_8684@mail.com,26
Jay.Pearson_1234@rediffmail.com,1
RobertMillar_7137@rediffmail.com,3
artur.vicol25@live.com,2
JimmyShumate3499@live.com,4
EbonyClarke_4679@hotmail.com,1
Tegan.Ford4739@live.com,1
astakhova.alekseevna@gmail.com,66
EdgardoMcnamara@yahoo.com,2
Yvonne.Wright9524@rediffmail.com,16
konrad.zadroga@gmail.com,2
Matthew_Perry569@live.com,5
MaryMarshall_1188@rediffmail.com,3
Aimee.Docherty3386@gmail.com,1
RomanSauceda_3954@rediffmail.com,1
Elle.Marshall_207@icloud.com,3
Ryan.Putnam8016@ymail.com,1
Agustin.Fox9071@outlook.com,3
kendall.hildum1996@ymail.com,4
Andrew.Olivas8347@hotmail.com,2
Michele_Ferguson_5732@live.com,1
ArthurDunklin3927@live.com,4
cristina.mechitbayeva1201@gmail.com,3
Kyle_Lynch_5805@yahoo.com,1
kate.martin@gmail.com,5
TeiganSaunders_5388@live.com,4
Leo.Hewitt_7897@rediffmail.com,1
Elizabeth.Millar_4478@protonmail.com,3
Scarlett_Stowell_3172@qq.com,4
Katie_Payne4918@gmail.com,3
paul.gregory@gmail.com,4
cornelia.chiriac@gmail.com,3
Charles.Orozco_6905@qq.com,2
Martha.Walker_9463@live.com,3
Mateusz.Rupp_7564@outlook.com,2
kateryna.maksymenko@gmail.com,7
Lauren_Connor6497@live.com,2
alisa.lis112@mail.com,2
alis.juravschi@gmail.com,21
Charlotte.Jamieson@protonmail.com,2
Becky.Carrasco@hotmail.com,1
Harriet.Howell@hotmail.com,1
AbigailJuarez_7199@rediffmail.com,19
jedsdhaa@gmail.com,7
patty.phelps@gmail.com,5
Mia.Parkinson_4321@protonmail.com,1
Honey.Findlay@yahoo.com,2
KimberlyGardner754@live.com,4
Gerald.Mitchell2661@qq.com,1
Danna_Simpson@mail.com,3
Kate.Webb_9402@live.com,9
Donald_Wilson_9401@live.com,5
James.McGregor_2129@live.com,4
nazario.sirbu4465@gmail.com,7
duane.leonard@gmail.com,8
Angus.Bell36@live.com,1
Lewis_Williamson_3327@protonmail.com,2
bortsova.antonovna@gmail.com,4
Marissa_Reilly_7155@qq.com,4
jesus.powers@gmail.com,4
Mary_Paterson3564@hotmail.com,3
Teagan.Ruch7427@protonmail.com,7
HarrietHipple7252@live.com,4
popden004@yahoo.com,3
augustina.cazac244@gmail.com,2
Elena_Smith_9348@live.com,1
marcel.bostan8975@gmail.com,1
Chris_Chadwick_1521@hotmail.com,8
JeremyMouton_9798@qq.com,10
JaidenPerkins@outlook.com,4
Beatrice_Morgan_6506@rediffmail.com,1
DirkAli@hotmail.com,3
