email,number
ana.cretu@gmail.com,2
Conan_Arnold@mail.ru,3
Lucas_Simpson@outlook.com,5
Sandra.Delatorre4952@hotmail.com,1
Tess.Webb_6708@outlook.com,3
Carmen.Bartlett_424@qq.com,3
magda.draghici@gmail.com,1
corina.guzun1452@gmail.com,5
Danielle.Bruce7712@ymail.com,2
liub.agadati111@ymail.com,1
Christopher_Taylor919@protonmail.com,1
vladislav.cernei@gmail.com,1
FrancisTyler3868@live.com,2
Robert_Carlos@mail.ru,4
Patricia_Smith_7214@ymail.com,2
claudiu.checiches@gmail.com,2
HarryGutierrez2466@hotmail.com,5
sadie.brown@gmail.com,5
Laurie.Dennis_8338@yahoo.com,3
Jimmie_Jamar@live.com,3
Harriet.Findlay_4252@hotmail.com,5
Amelia_Griffin@protonmail.com,1
Rayan_Turnbull_1990@ymail.com,2
Kieran_Watkins7784@rediffmail.com,1
Finley.Gant9852@live.com,1
Anna_Pollard_3633@ymail.com,4
svyataslau.harun@gmail.com,7
Jessica.Hughes8839@icloud.com,2
Connor.Findlay_9791@hotmail.com,5
marinela.cazacu8456@gmail.com,9
Debi_Williamson_259@outlook.com,5
Sara.Kerr1567@ymail.com,1
Doretha.Stone@protonmail.com,7
Codi_Bell_4649@icloud.com,4
Luke_Patterson9165@outlook.com,1
Nancy_Hodgson_2223@ymail.com,3
Carletta.Jankowski7650@ymail.com,1
yukhym.suprun@gmail.com,3
brenden.wach67@qq.com,6
Kiera.Tate3200@mail.ru,1
Peggy.Wright@yahoo.com,4
Gabriel.Ritchie_8431@live.com,1
Grant_Mitchell8138@outlook.com,3
Morgan.Lucas_4532@protonmail.com,4
ConnerSykes_616@gmail.com,6
cyrt.paglia89@ymail.com,1
BrendaJamieson_4265@outlook.com,1
DeclanBriggs5667@gmail.com,2
sandra.rosetti3215@gmail.com,2
Phyllis.Guthrie_8234@yahoo.com,5
Jack_Cameron3782@live.com,2
ElizabethEaton@rediffmail.com,6
IsaacGriffiths_818@hotmail.com,1
tibor.simek@gmail.com,2
rekha@absentiavr.com,39
bohuslav.kostra@gmail.com,59
Robyn_Tyler@rediffmail.com,4
MiriamWallace821@gmail.com,3
Ray.McIntosh_8785@qq.com,1
Ann_Wright3980@rediffmail.com,1
Benjamin_Cruz265@protonmail.com,3
Jane.Hughes@mail.com,8
Brodie.Dick7027@outlook.com,4
neculai.tarus@gmail.com,1
aris.matee@live.com,2
LeaChandler2406@outlook.com,1
Rayan_Findlay6745@protonmail.com,4
alfred.elliott@gmail.com,4
Sienna_Mackenzie_2703@yahoo.com,2
Leo.Graham_4911@ymail.com,1
AbdullahCooke_4942@mail.com,9
Marta.Summers5942@hotmail.com,4
belomestov.yevgenievich@gmail.com,26
gletata123@qq.com,2
Summer.Hall7756@outlook.com,4
Luka_Stone_9157@yahoo.com,7
William_Wallace_6021@mail.ru,3
Jean.Wallace@qq.com,2
JamieSteele5699@qq.com,9
Mohammad.Murphy@ymail.com,1
Jason.Wood_5012@outlook.com,2
MufarHamilton_5497@live.com,2
justyna.osiecki@gmail.com,4
Lorraine.Reid_781@live.com,27
Fletcher.Walker6114@mail.ru,5
MichaelHolt@ymail.com,3
rosalina.ceban@gmail.com,1
Chantelle.Hayward4127@hotmail.com,2
Luis.Watson_1221@gmail.com,3
Mythil_Bakos_5444@live.com,5
nadiya.protsenko@gmail.com,2
Libby.Griffiths_1608@mail.com,2
dwayne.ward@gmail.com,31
corneliu.enescu@gmail.com,5
Nathan_Reilly_1307@icloud.com,6
Tilly.Wall8769@mail.com,9
TylerWard@gmail.com,2
HamzaBibi1452@protonmail.com,5
alexander.grecu@gmail.com,3
angryboy26@gmail.com,52
KaiRuvalcaba7850@hotmail.com,3
astafyeva.ruslanovna@gmail.com,40
Annie.Colon_2239@protonmail.com,8
Arwen_Macleod4212@live.com,1
Rachel_Fox_4609@outlook.com,3
olesya.melnyk@gmail.com,7
zbysek.tomasek@gmail.com,21
Kacie_Black@protonmail.com,2
Finlay_Kelly1971@hotmail.com,5
Jennifer.Jacobs_3589@qq.com,6
Faye.Ross_8945@protonmail.com,1
Mohammad.Simpson@ymail.com,1
Andrew.McIntosh_8123@ymail.com,1
Robyn.Donaldson8635@protonmail.com,4
TraceyEverett_2639@rediffmail.com,3
rahela.rudeanu@gmail.com,6
Kodi.Black@hotmail.com,1
Thiltran.Kennedy4560@ymail.com,2
Kade.Bruce6860@outlook.com,6
Joshua.Scott@qq.com,2
Iris_Craig_3165@outlook.com,3
Muhammed.Marshall_4432@qq.com,6
Brooke_Page2276@live.com,2
Matilda_Buckley@live.com,2
MeganOdum@icloud.com,1
Marc_Gaines_202@outlook.com,4
Gladys.McGregor726@ymail.com,2
Eric.Norton@icloud.com,1
Abdullah_Law@protonmail.com,3
Beatrice_Donaldson@mail.ru,6
Dale.Hansen_8389@hotmail.com,2
Bilal.Fleming6694@live.com,3
Michael_Settle_8290@ymail.com,9
Millar_Bond_2781@protonmail.com,1
yeltsova.timofeyevna@gmail.com,38
Mary.Davidson_8723@live.com,5
Joshua_Ali_8434@mail.com,10
KyleMaclean@live.com,14
Evie.Graves2596@hotmail.com,1
dumitru.dolgan@gmail.com,2
Rio_Carpenter2356@outlook.com,9
Aayan_Wells_9872@icloud.com,2
NathanFisher3376@qq.com,2
Samuel.Hunt3734@protonmail.com,2
Randy.Winter@live.com,7
Alex_Davis_4992@hotmail.com,6
mayer89@live.com,4
Georgina.Dickinson6765@gmail.com,1
Mohammad.Maclean_1969@rediffmail.com,3
zora.sklenarova@gmail.com,2
Tori_Wright_8740@qq.com,2
Emily_Mcghee_9404@yahoo.com,3
Elizabeth_Williams222@icloud.com,4
Lewis.McDonald_5539@protonmail.com,1
Armando_Chan@yahoo.com,2
eliza.kogalniceanu@gmail.com,3
Rachel.Hill_343@mail.com,1
JaneWilson4045@ymail.com,26
kuzma.stadnyk@gmail.com,5
Wiktoria.Ritchie1956@outlook.com,1
Libby.Mitchell3870@mail.com,28
Bryce.Conway_2228@live.com,6
Cairn.Storey@ymail.com,3
Keira_Moreno_4102@protonmail.com,4
isabela.theodorescu@gmail.com,1
Tom.Kemp@qq.com,1
vasi80vico@gmail.com,2
Donald_Kerr_2279@live.com,3
Joseph.Hawkins4458@rediffmail.com,2
aurelia.ripnu@gmail.com,4
StevenHolland@live.com,4
Shawn.West2748@outlook.com,5
korovin.leonidovich@gmail.com,30
Mark.Marshall3067@hotmail.com,5
Sol_Marshall_1777@qq.com,3
Abby.Forster6688@ymail.com,2
Eileen_Christie9966@yahoo.com,1
liuba.sclifosovsky@gmail.com,7
MadelineAsh@mail.ru,1
erik.sedlacek@gmail.com,4
madeleine.gagnon@gmail.com,44
aubrey.williams@gmail.com,2
Hana_Steward_1248@qq.com,4
Hubert_Wilson6600@gmail.com,3
Christopher_Marshall571@hotmail.com,2
dorel.russu@yahoo.com,2
Daniel_Ward6906@outlook.com,2
Simon_Watkins9657@outlook.com,7
David_Frost_3274@qq.com,2
AllanPerez2921@rediffmail.com,6
Naomi_Williamson_2371@yahoo.com,1
RobertCunningham3615@outlook.com,7
maria.mihaili@gmail.com,1
Paulina.Odum_1530@rediffmail.com,4
Mikel.Ritchie9180@yahoo.com,1
EthanAnderson9012@qq.com,6
Libby_Brewer@live.com,9
Jasper.Wells_1661@hotmail.com,1
Updar_Green3050@protonmail.com,5
Russell_McIntosh1336@ymail.com,1
