email,number
umakant.soni@gmail.com,2
Araceli.Russell312@outlook.com,2
Christen.Wilkins@mail.ru,1
Struan_Rodriguez_5623@gmail.com,1
antal.elizabet@gmail.com,4
Brooke.Butcher_2915@ymail.com,1
Cathy_Howard@icloud.com,3
MohammadRead_894@icloud.com,29
Bethany.Michael@icloud.com,2
Flynn.Reilly6083@live.com,1
Heather.Locklear_7295@hotmail.com,2
Jose_McIntyre_687@yahoo.com,1
hanka.sikorova@gmail.com,7
Abby.Forbes8932@yahoo.com,6
McKenzie_Spriggs8540@icloud.com,1
AvaSinclair423@mail.com,32
India.Johnston@rediffmail.com,1
India_Paterson6882@ymail.com,2
Jacob.Power@icloud.com,1
zora.strakova@gmail.com,1
Caiden.White_7710@icloud.com,3
Reegan_Jennings632@protonmail.com,5
Ewan.Gough1572@ymail.com,4
Fred.Nixon_8822@gmail.com,7
Danielle.Colon2693@ymail.com,5
Natasha_Commons5689@mail.com,2
radu.caraman0235@gmail.com,3
Suzanne.Thomas1493@live.com,2
ThomasWatt_3079@live.com,2
NicolaKennedy_4395@ymail.com,4
Lucas_Allen7539@ymail.com,13
Aaron.Olmeda@qq.com,2
John_Stewart_9534@icloud.com,3
Conlan.Casper4378@icloud.com,2
Lucas_Figueroa_2167@live.com,2
damir.binza@gmail.com,6
dyergens@ucalgary.ca,2
olga.linhartova@gmail.com,1
Roderick.Shaw8161@live.com,1
LelandBlack_8994@outlook.com,3
DorothyButcher7611@gmail.com,2
paula.izbasa@gmail.com,5
Mason_West8397@ymail.com,5
GabrielWhite4498@protonmail.com,4
Bailey_Nelson601@protonmail.com,2
Craig.Garza6289@icloud.com,1
Murrin_Swift_7698@live.com,5
Paul_Thomson1964@yahoo.com,3
dim333ghe@rediffmail.com,1
owen.wilson@gmail.com,6
Anna_Maclean9235@gmail.com,1
rux.bor22@mail.ru,6
Anna_Salisbury_5338@rediffmail.com,1
Kelsie_Marsh5370@live.com,1
Georgia.Burnett_1842@mail.com,3
Christopher.Connor_8783@ymail.com,5
Marc.Brown_2508@live.com,1
MurrayRowe9535@live.com,2
Luke_Flynn_7908@ymail.com,4
Zack_McKenzie_8033@qq.com,1
JaiJohnson_7759@qq.com,5
Sharon.Gordon2921@qq.com,4
Mateusz.Cipriano8990@ymail.com,2
AbbieAllan7834@live.com,1
Aidan_Mitchell1631@live.com,1
Ruby.Hunter@protonmail.com,2
Nicola_Dickson2417@outlook.com,1
Dominic.Wilkinson1599@hotmail.com,4
Kieron.Mcdonald_1478@hotmail.com,7
JemmaMcIntosh1177@outlook.com,3
Ashton.Gallagher_1075@rediffmail.com,7
anzhela.tretyak@gmail.com,1
FloraSinclair_7113@gmail.com,23
dorbri997@ymail.com,2
Jesse.McGregor@live.com,3
nadejda.zeltse547@live.com,5
victor.ivanov@gmail.com,1
Kai.Forbes_4192@icloud.com,1
Robert.Vigil_5079@live.com,2
Mary.Howard@outlook.com,1
Maci_Knowles7962@qq.com,2
Jennifer_Wall2722@live.com,1
JohnReilly@live.com,1
Andrew_Sutton4703@live.com,4
Danielle.Bills9416@yahoo.com,3
Jacqueline_McIntyre@live.com,3
Hollie_Hayward@mail.com,3
Tia_Bogart7044@live.com,2
Lurd_Miah5099@ymail.com,2
Morgan_Walker334@rediffmail.com,1
Greg.Cantin8647@mail.com,3
Robin_Wadley@qq.com,5
polina.ciobanu1912@gmail.com,3
Mark.Thomas_2593@hotmail.com,7
yaroslav.volynets@gmail.com,5
Joe_Williamson_6593@rediffmail.com,2
abigail.pelletier@gmail.com,38
MatthewBell9582@icloud.com,13
Kirstin.Boyd3538@protonmail.com,1
Phyllis_Ferguson_3320@rediffmail.com,1
DavidForbes_1037@outlook.com,2
iuliu.simeonescu@gmail.com,1
NancyPreston_9372@qq.com,1
Reece.OSullivan_2808@ymail.com,2
gc998@mail.com,1
cezar.dobre@gmail.com,3
MayClark_7557@live.com,3
AaliyahShaw@rediffmail.com,4
Gabriel_Hooper1888@live.com,2
LydiaDonaldson@live.com,6
Tom_Jamieson_9067@protonmail.com,4
ester.simonova@gmail.com,4
nicolae.plesca@gmail.com,5
timofei.stati630@protonmail.com,3
meredith.obrien@gmail.com,4
ashish@gmail.com,100
Declan.Iqbal_8181@live.com,4
GracieRahman_1071@rediffmail.com,1
li.istrati562@icloud.com,2
Deborah.Billman6847@qq.com,1
NicolaGray@qq.com,1
Ryan.Simpson9163@qq.com,3
simon.zsuzsanna@gmail.com,2
evelina.bothezat5971@gmail.com,2
LaraJameson9999@ymail.com,2
RobinWhitehead_2715@icloud.com,4
Lidorn.Elliott_3270@live.com,2
Mackenzie.Macleod@yahoo.com,3
BevFrost3023@outlook.com,4
Niamh.Stephenson_7777@gmail.com,2
TamzinWalter2306@live.com,4
Thomas.Dickson5486@qq.com,2
gi654@protonmail.com,2
Abby_Lyons4097@hotmail.com,1
Madeleine_Sinclair_9153@yahoo.com,1
Barbara_Bell4624@qq.com,5
Bradley_Flury8444@ymail.com,1
ElizabethGray4365@live.com,8
yan.kalinouski@gmail.com,1
hercuile.hum14@live.com,3
ThomasHamilton@live.com,2
Robert.Street_94@icloud.com,1
yelizaveta.cheban@gmail.com,7
SofiaMillar399@icloud.com,2
Josephine_Mitchell_8097@yahoo.com,2
LeahMcMillan_2437@icloud.com,5
JacquelynMcKay4985@hotmail.com,3
adelina.cretu2589@gmail.com,2
Hasan.Parkinson_704@live.com,30
Michael.Cunningham_1951@live.com,6
voileta.istrati@gmail.com,7
JakeDuffy8093@ymail.com,2
iulia.rusu@gmail.com,1
Corey.Thomson_5585@mail.com,5
Ava.Ferguson7630@gmail.com,4
KaiMackay@mail.ru,4
radek.hanak@gmail.com,2
levi.lee@gmail.com,5
Rachel.Forbes_9738@mail.com,1
Jamie_Thompson789@mail.com,2
MichaelMcKay_8415@live.com,3
siyantsev.nikitovich@gmail.com,1
nazar.savenko@gmail.com,5
JohnGardner1690@hotmail.com,3
arjun.brown@gmail.com,5
Kiara_Martin_7826@icloud.com,2
Aaron.Robbins9161@outlook.com,1
naz55lva@qq.com,2
Nicole.Sharpe1879@protonmail.com,3
ElliotSutherland4037@yahoo.com,1
Rosie_Lox1985@ymail.com,1
cyryl.tyra@gmail.com,4
stanislav.kolar@gmail.com,1
Spencer.Crawford7282@icloud.com,2
bartolomeo8912@ymail.com,1
Francesca_Sutherland5152@gmail.com,2
Kennith.Macleod_5672@mail.com,2
Judy.West_9394@rediffmail.com,2
BradleyCook809@protonmail.com,1
Eoghan.Field_2277@icloud.com,1
FrederickWood@outlook.com,2
Peter.Peterson_8861@protonmail.com,1
Kieran_Marshall_2981@icloud.com,1
RowanHamilton2958@rediffmail.com,3
PaigeCrawford1882@outlook.com,4
miguel.boyd@gmail.com,1
TaliaPeters@icloud.com,8
aprod.krisztian@gmail.com,2
rodica.agadati7741@gmail.com,4
Phoebe_Pena@yahoo.com,2
Clara.Gray_3009@mail.com,5
Austin.Wall@outlook.com,2
gusarova.igorievna@gmail.com,4
Skye_Lerma_4540@hotmail.com,2
eugen.ardelean61245@gmail.com,2
Greg.Fraser_6883@ymail.com,1
GeorgiaMillar613@hotmail.com,1
Alfie_Shaw_6683@ymail.com,2
JosefinaMcMillan2801@hotmail.com,1
Charles_Hargreaves4944@ymail.com,3
